experiment,op,dimension,density,sparse_factor,buffer_size,repeat,timing_source,time_us,time_ms,selected_field,gpu_tiles,gpu_oom_backoffs,gpu_host_fallback,gpu_input_rects,gpu_scratch_bytes,tile_rows_seen,d1,d2,num_nodes,num_edges,num_spaces,num_pieces,global_index,shard_id,field_mode,block_volume
tile_sweep_publication,image,1d,dense,1,1,1,cpu_source,45603,45.603,cpu_us,,,,,,,1,1,1000000,1000000,4,1,0,0,block_random,1024
tile_sweep_publication,image,1d,dense,1,1,1,gpu_source,38893,38.893,gpu_us,32,104,1,32,14800000,2,1,1,1000000,1000000,4,1,1,1,block_random,1024
tile_sweep_publication,image,1d,dense,1,2,1,cpu_source,47127,47.127,cpu_us,,,,,,,1,1,1000000,1000000,4,1,2,2,block_random,1024
tile_sweep_publication,image,1d,dense,1,2,1,gpu_source,16960,16.96,gpu_us,16,39,1,16,27600001,2,1,1,1000000,1000000,4,1,3,3,block_random,1024
tile_sweep_publication,image,1d,dense,1,3,1,cpu_source,46334,46.334,cpu_us,,,,,,,1,1,1000000,1000000,4,1,4,0,block_random,1024
tile_sweep_publication,image,1d,dense,1,3,1,gpu_source,17586,17.586,gpu_us,16,39,1,16,40400001,2,1,1,1000000,1000000,4,1,5,1,block_random,1024
tile_sweep_publication,image,1d,dense,1,4,1,cpu_source,45781,45.781,cpu_us,,,,,,,1,1,1000000,1000000,4,1,6,2,block_random,1024
tile_sweep_publication,image,1d,dense,1,4,1,gpu_source,8920,8.92,gpu_us,8,14,1,8,53200002,2,1,1,1000000,1000000,4,1,7,3,block_random,1024
tile_sweep_publication,image,1d,dense,1,5,1,cpu_source,45988,45.988,cpu_us,,,,,,,1,1,1000000,1000000,4,1,8,0,block_random,1024
tile_sweep_publication,image,1d,dense,1,5,1,gpu_source,9258,9.258,gpu_us,8,14,1,8,66000003,2,1,1,1000000,1000000,4,1,9,1,block_random,1024
tile_sweep_publication,image,1d,dense,1,7,1,cpu_source,46229,46.229,cpu_us,,,,,,,1,1,1000000,1000000,4,1,10,2,block_random,1024
tile_sweep_publication,image,1d,dense,1,7,1,gpu_source,4642,4.642,gpu_us,4,5,1,4,91600004,2,1,1,1000000,1000000,4,1,11,3,block_random,1024
tile_sweep_publication,image,1d,dense,1,10,1,cpu_source,47121,47.121,cpu_us,,,,,,,1,1,1000000,1000000,4,1,12,0,block_random,1024
tile_sweep_publication,image,1d,dense,1,10,1,gpu_source,4715,4.715,gpu_us,4,5,1,4,130000006,2,1,1,1000000,1000000,4,1,13,1,block_random,1024
tile_sweep_publication,image,1d,dense,1,15,1,cpu_source,46634,46.634,cpu_us,,,,,,,1,1,1000000,1000000,4,1,14,2,block_random,1024
tile_sweep_publication,image,1d,dense,1,15,1,gpu_source,3414,3.414,gpu_us,2,2,1,2,194000009,2,1,1,1000000,1000000,4,1,15,3,block_random,1024
tile_sweep_publication,image,1d,dense,1,20,1,cpu_source,46030,46.03,cpu_us,,,,,,,1,1,1000000,1000000,4,1,16,0,block_random,1024
tile_sweep_publication,image,1d,dense,1,20,1,gpu_source,3083,3.083,gpu_us,2,2,1,2,258000012,2,1,1,1000000,1000000,4,1,17,1,block_random,1024
tile_sweep_publication,image,1d,dense,1,25,1,cpu_source,46107,46.107,cpu_us,,,,,,,1,1,1000000,1000000,4,1,18,2,block_random,1024
tile_sweep_publication,image,1d,dense,1,25,1,gpu_source,3521,3.521,gpu_us,2,2,1,2,322000016,2,1,1,1000000,1000000,4,1,19,3,block_random,1024
tile_sweep_publication,image,1d,dense,1,30,1,cpu_source,45763,45.763,cpu_us,,,,,,,1,1,1000000,1000000,4,1,20,0,block_random,1024
tile_sweep_publication,image,1d,dense,1,30,1,gpu_source,2552,2.552,gpu_us,1,0,0,1,386000019,2,1,1,1000000,1000000,4,1,21,1,block_random,1024
tile_sweep_publication,image,1d,dense,1,40,1,cpu_source,46704,46.704,cpu_us,,,,,,,1,1,1000000,1000000,4,1,22,2,block_random,1024
tile_sweep_publication,image,1d,dense,1,40,1,gpu_source,2148,2.148,gpu_us,1,0,0,1,514000025,2,1,1,1000000,1000000,4,1,23,3,block_random,1024
tile_sweep_publication,image,1d,dense,1,50,1,cpu_source,46376,46.376,cpu_us,,,,,,,1,1,1000000,1000000,4,1,24,0,block_random,1024
tile_sweep_publication,image,1d,dense,1,50,1,gpu_source,3581,3.581,gpu_us,1,0,0,1,642000032,2,1,1,1000000,1000000,4,1,25,1,block_random,1024
tile_sweep_publication,image,1d,dense,1,75,1,cpu_source,46530,46.53,cpu_us,,,,,,,1,1,1000000,1000000,4,1,26,2,block_random,1024
tile_sweep_publication,image,1d,dense,1,75,1,gpu_source,2934,2.934,gpu_us,1,0,0,1,962000048,2,1,1,1000000,1000000,4,1,27,3,block_random,1024
tile_sweep_publication,image,1d,dense,1,100,1,cpu_source,45866,45.866,cpu_us,,,,,,,1,1,1000000,1000000,4,1,28,0,block_random,1024
tile_sweep_publication,image,1d,dense,1,100,1,gpu_source,3054,3.054,gpu_us,1,0,0,1,1282000064,2,1,1,1000000,1000000,4,1,29,1,block_random,1024
tile_sweep_publication,image,1d,sparse,5,1,1,cpu_source,41806,41.806,cpu_us,,,,,,,1,1,1000000,1000000,4,1,30,2,block_random,1024
tile_sweep_publication,image,1d,sparse,5,1,1,gpu_source,2765,2.765,gpu_us,1,0,0,1,28050199,2,1,1,1000000,1000000,4,1,31,3,block_random,1024
tile_sweep_publication,image,1d,sparse,5,2,1,cpu_source,41265,41.265,cpu_us,,,,,,,1,1,1000000,1000000,4,1,32,0,block_random,1024
tile_sweep_publication,image,1d,sparse,5,2,1,gpu_source,1765,1.765,gpu_us,1,0,0,1,40880639,2,1,1,1000000,1000000,4,1,33,1,block_random,1024
tile_sweep_publication,image,1d,sparse,5,3,1,cpu_source,41775,41.775,cpu_us,,,,,,,1,1,1000000,1000000,4,1,34,2,block_random,1024
tile_sweep_publication,image,1d,sparse,5,3,1,gpu_source,2785,2.785,gpu_us,1,0,0,1,53711078,2,1,1,1000000,1000000,4,1,35,3,block_random,1024
tile_sweep_publication,image,1d,sparse,5,4,1,cpu_source,41534,41.534,cpu_us,,,,,,,1,1,1000000,1000000,4,1,36,0,block_random,1024
tile_sweep_publication,image,1d,sparse,5,4,1,gpu_source,1647,1.647,gpu_us,1,0,0,1,66541518,2,1,1,1000000,1000000,4,1,37,1,block_random,1024
tile_sweep_publication,image,1d,sparse,5,5,1,cpu_source,42009,42.009,cpu_us,,,,,,,1,1,1000000,1000000,4,1,38,2,block_random,1024
tile_sweep_publication,image,1d,sparse,5,5,1,gpu_source,2986,2.986,gpu_us,1,0,0,1,79371957,2,1,1,1000000,1000000,4,1,39,3,block_random,1024
tile_sweep_publication,image,1d,sparse,5,7,1,cpu_source,41496,41.496,cpu_us,,,,,,,1,1,1000000,1000000,4,1,40,0,block_random,1024
tile_sweep_publication,image,1d,sparse,5,7,1,gpu_source,2888,2.888,gpu_us,1,0,0,1,105032836,2,1,1,1000000,1000000,4,1,41,1,block_random,1024
tile_sweep_publication,image,1d,sparse,5,10,1,cpu_source,41070,41.07,cpu_us,,,,,,,1,1,1000000,1000000,4,1,42,2,block_random,1024
tile_sweep_publication,image,1d,sparse,5,10,1,gpu_source,2820,2.82,gpu_us,1,0,0,1,143524155,2,1,1,1000000,1000000,4,1,43,3,block_random,1024
tile_sweep_publication,image,1d,sparse,5,15,1,cpu_source,41341,41.341,cpu_us,,,,,,,1,1,1000000,1000000,4,1,44,0,block_random,1024
tile_sweep_publication,image,1d,sparse,5,15,1,gpu_source,2787,2.787,gpu_us,1,0,0,1,207676352,2,1,1,1000000,1000000,4,1,45,1,block_random,1024
tile_sweep_publication,image,1d,sparse,5,20,1,cpu_source,41712,41.712,cpu_us,,,,,,,1,1,1000000,1000000,4,1,46,2,block_random,1024
tile_sweep_publication,image,1d,sparse,5,20,1,gpu_source,2862,2.862,gpu_us,1,0,0,1,271828550,2,1,1,1000000,1000000,4,1,47,3,block_random,1024
tile_sweep_publication,image,1d,sparse,5,25,1,cpu_source,41239,41.239,cpu_us,,,,,,,1,1,1000000,1000000,4,1,48,0,block_random,1024
tile_sweep_publication,image,1d,sparse,5,25,1,gpu_source,2697,2.697,gpu_us,1,0,0,1,335980748,2,1,1,1000000,1000000,4,1,49,1,block_random,1024
tile_sweep_publication,image,1d,sparse,5,30,1,cpu_source,44501,44.501,cpu_us,,,,,,,1,1,1000000,1000000,4,1,50,2,block_random,1024
tile_sweep_publication,image,1d,sparse,5,30,1,gpu_source,3270,3.27,gpu_us,1,0,0,1,400132945,2,1,1,1000000,1000000,4,1,51,3,block_random,1024
tile_sweep_publication,image,1d,sparse,5,40,1,cpu_source,41408,41.408,cpu_us,,,,,,,1,1,1000000,1000000,4,1,52,0,block_random,1024
tile_sweep_publication,image,1d,sparse,5,40,1,gpu_source,1735,1.735,gpu_us,1,0,0,1,528437340,2,1,1,1000000,1000000,4,1,53,1,block_random,1024
tile_sweep_publication,image,1d,sparse,5,50,1,cpu_source,41174,41.174,cpu_us,,,,,,,1,1,1000000,1000000,4,1,54,2,block_random,1024
tile_sweep_publication,image,1d,sparse,5,50,1,gpu_source,2787,2.787,gpu_us,1,0,0,1,656741736,2,1,1,1000000,1000000,4,1,55,3,block_random,1024
tile_sweep_publication,image,1d,sparse,5,75,1,cpu_source,41604,41.604,cpu_us,,,,,,,1,1,1000000,1000000,4,1,56,0,block_random,1024
tile_sweep_publication,image,1d,sparse,5,75,1,gpu_source,3073,3.073,gpu_us,1,0,0,1,977502724,2,1,1,1000000,1000000,4,1,57,1,block_random,1024
tile_sweep_publication,image,1d,sparse,5,100,1,cpu_source,41640,41.64,cpu_us,,,,,,,1,1,1000000,1000000,4,1,58,2,block_random,1024
tile_sweep_publication,image,1d,sparse,5,100,1,gpu_source,2672,2.672,gpu_us,1,0,0,1,1298263712,2,1,1,1000000,1000000,4,1,59,3,block_random,1024
tile_sweep_publication,image,2d,dense,1,1,1,cpu_source,252915,252.915,cpu_us,,,,,,,2,2,1000,1000,4,1,60,0,block_random,1024
tile_sweep_publication,image,2d,dense,1,1,1,gpu_source,155438,155.438,gpu_us,32,104,1,32,21200001,2,2,2,1000,1000,4,1,61,1,block_random,1024
tile_sweep_publication,image,2d,dense,1,2,1,cpu_source,256705,256.705,cpu_us,,,,,,,2,2,1000,1000,4,1,62,2,block_random,1024
tile_sweep_publication,image,2d,dense,1,2,1,gpu_source,124935,124.935,gpu_us,16,39,1,16,40400002,2,2,2,1000,1000,4,1,63,3,block_random,1024
tile_sweep_publication,image,2d,dense,1,3,1,cpu_source,247737,247.737,cpu_us,,,,,,,2,2,1000,1000,4,1,64,0,block_random,1024
tile_sweep_publication,image,2d,dense,1,3,1,gpu_source,123480,123.48,gpu_us,8,14,1,8,59600003,2,2,2,1000,1000,4,1,65,1,block_random,1024
tile_sweep_publication,image,2d,dense,1,4,1,cpu_source,251148,251.148,cpu_us,,,,,,,2,2,1000,1000,4,1,66,2,block_random,1024
tile_sweep_publication,image,2d,dense,1,4,1,gpu_source,124411,124.411,gpu_us,8,14,1,8,78800005,2,2,2,1000,1000,4,1,67,3,block_random,1024
tile_sweep_publication,image,2d,dense,1,5,1,cpu_source,251539,251.539,cpu_us,,,,,,,2,2,1000,1000,4,1,68,0,block_random,1024
tile_sweep_publication,image,2d,dense,1,5,1,gpu_source,124569,124.569,gpu_us,8,14,1,8,98000006,2,2,2,1000,1000,4,1,69,1,block_random,1024
tile_sweep_publication,image,2d,dense,1,7,1,cpu_source,253147,253.147,cpu_us,,,,,,,2,2,1000,1000,4,1,70,2,block_random,1024
tile_sweep_publication,image,2d,dense,1,7,1,gpu_source,90799,90.799,gpu_us,4,5,1,4,136400008,2,2,2,1000,1000,4,1,71,3,block_random,1024
tile_sweep_publication,image,2d,dense,1,10,1,cpu_source,251705,251.705,cpu_us,,,,,,,2,2,1000,1000,4,1,72,0,block_random,1024
tile_sweep_publication,image,2d,dense,1,10,1,gpu_source,89291,89.291,gpu_us,4,5,1,4,194000012,2,2,2,1000,1000,4,1,73,1,block_random,1024
tile_sweep_publication,image,2d,dense,1,15,1,cpu_source,258564,258.564,cpu_us,,,,,,,2,2,1000,1000,4,1,74,2,block_random,1024
tile_sweep_publication,image,2d,dense,1,15,1,gpu_source,60009,60.009,gpu_us,2,2,1,2,290000019,2,2,2,1000,1000,4,1,75,3,block_random,1024
tile_sweep_publication,image,2d,dense,1,20,1,cpu_source,248528,248.528,cpu_us,,,,,,,2,2,1000,1000,4,1,76,0,block_random,1024
tile_sweep_publication,image,2d,dense,1,20,1,gpu_source,61050,61.05,gpu_us,2,2,1,2,386000025,2,2,2,1000,1000,4,1,77,1,block_random,1024
tile_sweep_publication,image,2d,dense,1,25,1,cpu_source,256111,256.111,cpu_us,,,,,,,2,2,1000,1000,4,1,78,2,block_random,1024
tile_sweep_publication,image,2d,dense,1,25,1,gpu_source,3173,3.173,gpu_us,1,0,0,1,482000032,2,2,2,1000,1000,4,1,79,3,block_random,1024
tile_sweep_publication,image,2d,dense,1,30,1,cpu_source,248804,248.804,cpu_us,,,,,,,2,2,1000,1000,4,1,80,0,block_random,1024
tile_sweep_publication,image,2d,dense,1,30,1,gpu_source,3187,3.187,gpu_us,1,0,0,1,578000038,2,2,2,1000,1000,4,1,81,1,block_random,1024
tile_sweep_publication,image,2d,dense,1,40,1,cpu_source,249819,249.819,cpu_us,,,,,,,2,2,1000,1000,4,1,82,2,block_random,1024
tile_sweep_publication,image,2d,dense,1,40,1,gpu_source,3306,3.306,gpu_us,1,0,0,1,770000051,2,2,2,1000,1000,4,1,83,3,block_random,1024
tile_sweep_publication,image,2d,dense,1,50,1,cpu_source,251143,251.143,cpu_us,,,,,,,2,2,1000,1000,4,1,84,0,block_random,1024
tile_sweep_publication,image,2d,dense,1,50,1,gpu_source,3125,3.125,gpu_us,1,0,0,1,962000064,2,2,2,1000,1000,4,1,85,1,block_random,1024
tile_sweep_publication,image,2d,dense,1,75,1,cpu_source,250540,250.54,cpu_us,,,,,,,2,2,1000,1000,4,1,86,2,block_random,1024
tile_sweep_publication,image,2d,dense,1,75,1,gpu_source,3190,3.19,gpu_us,1,0,0,1,1442000096,2,2,2,1000,1000,4,1,87,3,block_random,1024
tile_sweep_publication,image,2d,dense,1,100,1,cpu_source,249991,249.991,cpu_us,,,,,,,2,2,1000,1000,4,1,88,0,block_random,1024
tile_sweep_publication,image,2d,dense,1,100,1,gpu_source,3381,3.381,gpu_us,1,0,0,1,1922000128,2,2,2,1000,1000,4,1,89,1,block_random,1024
tile_sweep_publication,image,2d,sparse,5,1,1,cpu_source,20100234,20100.234,cpu_us,,,,,,,2,2,1000,1000,4,1,90,2,block_random,1024
tile_sweep_publication,image,2d,sparse,5,1,1,gpu_source,2107,2.107,gpu_us,1,0,0,1,38202417,2,2,2,1000,1000,4,1,91,3,block_random,1024
tile_sweep_publication,image,2d,sparse,5,2,1,cpu_source,19953429,19953.429,cpu_us,,,,,,,2,2,1000,1000,4,1,92,0,block_random,1024
tile_sweep_publication,image,2d,sparse,5,2,1,gpu_source,2002,2.002,gpu_us,1,0,0,1,57460707,2,2,2,1000,1000,4,1,93,1,block_random,1024
tile_sweep_publication,image,2d,sparse,5,3,1,cpu_source,20055629,20055.629,cpu_us,,,,,,,2,2,1000,1000,4,1,94,2,block_random,1024
tile_sweep_publication,image,2d,sparse,5,3,1,gpu_source,2086,2.086,gpu_us,1,0,0,1,76718996,2,2,2,1000,1000,4,1,95,3,block_random,1024
tile_sweep_publication,image,2d,sparse,5,4,1,cpu_source,20008789,20008.789,cpu_us,,,,,,,2,2,1000,1000,4,1,96,0,block_random,1024
tile_sweep_publication,image,2d,sparse,5,4,1,gpu_source,2059,2.059,gpu_us,1,0,0,1,95977286,2,2,2,1000,1000,4,1,97,1,block_random,1024
tile_sweep_publication,image,2d,sparse,5,5,1,cpu_source,20145151,20145.151,cpu_us,,,,,,,2,2,1000,1000,4,1,98,2,block_random,1024
tile_sweep_publication,image,2d,sparse,5,5,1,gpu_source,2112,2.112,gpu_us,1,0,0,1,115235576,2,2,2,1000,1000,4,1,99,3,block_random,1024
tile_sweep_publication,image,2d,sparse,5,7,1,cpu_source,19953681,19953.681,cpu_us,,,,,,,2,2,1000,1000,4,1,100,0,block_random,1024
tile_sweep_publication,image,2d,sparse,5,7,1,gpu_source,2073,2.073,gpu_us,1,0,0,1,153752155,2,2,2,1000,1000,4,1,101,1,block_random,1024
tile_sweep_publication,image,2d,sparse,5,10,1,cpu_source,20117209,20117.209,cpu_us,,,,,,,2,2,1000,1000,4,1,102,2,block_random,1024
tile_sweep_publication,image,2d,sparse,5,10,1,gpu_source,2153,2.153,gpu_us,1,0,0,1,211527024,2,2,2,1000,1000,4,1,103,3,block_random,1024
tile_sweep_publication,image,2d,sparse,5,15,1,cpu_source,19958023,19958.023,cpu_us,,,,,,,2,2,1000,1000,4,1,104,0,block_random,1024
tile_sweep_publication,image,2d,sparse,5,15,1,gpu_source,2048,2.048,gpu_us,1,0,0,1,307818472,2,2,2,1000,1000,4,1,105,1,block_random,1024
tile_sweep_publication,image,2d,sparse,5,20,1,cpu_source,20045674,20045.674,cpu_us,,,,,,,2,2,1000,1000,4,1,106,2,block_random,1024
tile_sweep_publication,image,2d,sparse,5,20,1,gpu_source,2043,2.043,gpu_us,1,0,0,1,404109920,2,2,2,1000,1000,4,1,107,3,block_random,1024
tile_sweep_publication,image,2d,sparse,5,25,1,cpu_source,19935051,19935.051,cpu_us,,,,,,,2,2,1000,1000,4,1,108,0,block_random,1024
tile_sweep_publication,image,2d,sparse,5,25,1,gpu_source,2037,2.037,gpu_us,1,0,0,1,500401368,2,2,2,1000,1000,4,1,109,1,block_random,1024
tile_sweep_publication,image,2d,sparse,5,30,1,cpu_source,20085536,20085.536,cpu_us,,,,,,,2,2,1000,1000,4,1,110,2,block_random,1024
tile_sweep_publication,image,2d,sparse,5,30,1,gpu_source,2075,2.075,gpu_us,1,0,0,1,596692816,2,2,2,1000,1000,4,1,111,3,block_random,1024
tile_sweep_publication,image,2d,sparse,5,40,1,cpu_source,19944669,19944.669,cpu_us,,,,,,,2,2,1000,1000,4,1,112,0,block_random,1024
tile_sweep_publication,image,2d,sparse,5,40,1,gpu_source,1992,1.992,gpu_us,1,0,0,1,789275712,2,2,2,1000,1000,4,1,113,1,block_random,1024
tile_sweep_publication,image,2d,sparse,5,50,1,cpu_source,20108468,20108.468,cpu_us,,,,,,,2,2,1000,1000,4,1,114,2,block_random,1024
tile_sweep_publication,image,2d,sparse,5,50,1,gpu_source,2135,2.135,gpu_us,1,0,0,1,981858608,2,2,2,1000,1000,4,1,115,3,block_random,1024
tile_sweep_publication,image,2d,sparse,5,75,1,cpu_source,19940482,19940.482,cpu_us,,,,,,,2,2,1000,1000,4,1,116,0,block_random,1024
tile_sweep_publication,image,2d,sparse,5,75,1,gpu_source,2065,2.065,gpu_us,1,0,0,1,1463315848,2,2,2,1000,1000,4,1,117,1,block_random,1024
tile_sweep_publication,image,2d,sparse,5,100,1,cpu_source,20066230,20066.23,cpu_us,,,,,,,2,2,1000,1000,4,1,118,2,block_random,1024
tile_sweep_publication,image,2d,sparse,5,100,1,gpu_source,2364,2.364,gpu_us,1,0,0,1,1944773088,2,2,2,1000,1000,4,1,119,3,block_random,1024
tile_sweep_publication,image,3d,dense,1,1,1,cpu_source,4572285,4572.285,cpu_us,,,,,,,3,3,100,100,4,1,120,0,block_random,1024
tile_sweep_publication,image,3d,dense,1,1,1,gpu_source,1036552,1036.552,gpu_us,32,104,1,32,27600001,2,3,3,100,100,4,1,121,1,block_random,1024
tile_sweep_publication,image,3d,dense,1,2,1,cpu_source,4618562,4618.562,cpu_us,,,,,,,3,3,100,100,4,1,122,2,block_random,1024
tile_sweep_publication,image,3d,dense,1,2,1,gpu_source,1481935,1481.935,gpu_us,16,39,1,16,53200003,2,3,3,100,100,4,1,123,3,block_random,1024
tile_sweep_publication,image,3d,dense,1,3,1,cpu_source,4580430,4580.43,cpu_us,,,,,,,3,3,100,100,4,1,124,0,block_random,1024
tile_sweep_publication,image,3d,dense,1,3,1,gpu_source,1410716,1410.716,gpu_us,8,14,1,8,78800005,2,3,3,100,100,4,1,125,1,block_random,1024
tile_sweep_publication,image,3d,dense,1,4,1,cpu_source,4625566,4625.566,cpu_us,,,,,,,3,3,100,100,4,1,126,2,block_random,1024
tile_sweep_publication,image,3d,dense,1,4,1,gpu_source,1407388,1407.388,gpu_us,8,14,1,8,104400007,2,3,3,100,100,4,1,127,3,block_random,1024
tile_sweep_publication,image,3d,dense,1,5,1,cpu_source,4602699,4602.699,cpu_us,,,,,,,3,3,100,100,4,1,128,0,block_random,1024
tile_sweep_publication,image,3d,dense,1,5,1,gpu_source,1411734,1411.734,gpu_us,8,14,1,8,130000009,2,3,3,100,100,4,1,129,1,block_random,1024
tile_sweep_publication,image,3d,dense,1,7,1,cpu_source,4628071,4628.071,cpu_us,,,,,,,3,3,100,100,4,1,130,2,block_random,1024
tile_sweep_publication,image,3d,dense,1,7,1,gpu_source,1897459,1897.459,gpu_us,4,5,1,4,181200013,2,3,3,100,100,4,1,131,3,block_random,1024
tile_sweep_publication,image,3d,dense,1,10,1,cpu_source,4597370,4597.37,cpu_us,,,,,,,3,3,100,100,4,1,132,0,block_random,1024
tile_sweep_publication,image,3d,dense,1,10,1,gpu_source,1921471,1921.471,gpu_us,4,5,1,4,258000019,2,3,3,100,100,4,1,133,1,block_random,1024
tile_sweep_publication,image,3d,dense,1,15,1,cpu_source,4644763,4644.763,cpu_us,,,,,,,3,3,100,100,4,1,134,2,block_random,1024
tile_sweep_publication,image,3d,dense,1,15,1,gpu_source,1547543,1547.543,gpu_us,2,2,1,2,386000028,2,3,3,100,100,4,1,135,3,block_random,1024
tile_sweep_publication,image,3d,dense,1,20,1,cpu_source,4626232,4626.232,cpu_us,,,,,,,3,3,100,100,4,1,136,0,block_random,1024
tile_sweep_publication,image,3d,dense,1,20,1,gpu_source,1547779,1547.779,gpu_us,2,2,1,2,514000038,2,3,3,100,100,4,1,137,1,block_random,1024
tile_sweep_publication,image,3d,dense,1,25,1,cpu_source,4623602,4623.602,cpu_us,,,,,,,3,3,100,100,4,1,138,2,block_random,1024
tile_sweep_publication,image,3d,dense,1,25,1,gpu_source,6647,6.647,gpu_us,1,0,0,1,642000048,2,3,3,100,100,4,1,139,3,block_random,1024
tile_sweep_publication,image,3d,dense,1,30,1,cpu_source,4549240,4549.24,cpu_us,,,,,,,3,3,100,100,4,1,140,0,block_random,1024
tile_sweep_publication,image,3d,dense,1,30,1,gpu_source,6664,6.664,gpu_us,1,0,0,1,770000057,2,3,3,100,100,4,1,141,1,block_random,1024
tile_sweep_publication,image,3d,dense,1,40,1,cpu_source,4612992,4612.992,cpu_us,,,,,,,3,3,100,100,4,1,142,2,block_random,1024
tile_sweep_publication,image,3d,dense,1,40,1,gpu_source,6753,6.753,gpu_us,1,0,0,1,1026000076,2,3,3,100,100,4,1,143,3,block_random,1024
tile_sweep_publication,image,3d,dense,1,50,1,cpu_source,4556618,4556.618,cpu_us,,,,,,,3,3,100,100,4,1,144,0,block_random,1024
tile_sweep_publication,image,3d,dense,1,50,1,gpu_source,6509,6.509,gpu_us,1,0,0,1,1282000096,2,3,3,100,100,4,1,145,1,block_random,1024
tile_sweep_publication,image,3d,dense,1,75,1,cpu_source,4600614,4600.614,cpu_us,,,,,,,3,3,100,100,4,1,146,2,block_random,1024
tile_sweep_publication,image,3d,dense,1,75,1,gpu_source,6552,6.552,gpu_us,1,0,0,1,1922000144,2,3,3,100,100,4,1,147,3,block_random,1024
tile_sweep_publication,image,3d,dense,1,100,1,cpu_source,4559764,4559.764,cpu_us,,,,,,,3,3,100,100,4,1,148,0,block_random,1024
tile_sweep_publication,image,3d,dense,1,100,1,gpu_source,6649,6.649,gpu_us,1,0,0,1,2562000192,2,3,3,100,100,4,1,149,1,block_random,1024
tile_sweep_publication,image,3d,sparse,5,1,1,cpu_source,37469096,37469.096,cpu_us,,,,,,,3,3,100,100,4,1,150,2,block_random,1024
tile_sweep_publication,image,3d,sparse,5,1,1,gpu_source,3869,3.869,gpu_us,1,0,0,1,48138234,2,3,3,100,100,4,1,151,3,block_random,1024
tile_sweep_publication,image,3d,sparse,5,2,1,cpu_source,37301807,37301.807,cpu_us,,,,,,,3,3,100,100,4,1,152,0,block_random,1024
tile_sweep_publication,image,3d,sparse,5,2,1,gpu_source,3658,3.658,gpu_us,1,0,0,1,73822437,2,3,3,100,100,4,1,153,1,block_random,1024
tile_sweep_publication,image,3d,sparse,5,3,1,cpu_source,37736497,37736.497,cpu_us,,,,,,,3,3,100,100,4,1,154,2,block_random,1024
tile_sweep_publication,image,3d,sparse,5,3,1,gpu_source,3823,3.823,gpu_us,1,0,0,1,99506639,2,3,3,100,100,4,1,155,3,block_random,1024
tile_sweep_publication,image,3d,sparse,5,4,1,cpu_source,37158653,37158.653,cpu_us,,,,,,,3,3,100,100,4,1,156,0,block_random,1024
tile_sweep_publication,image,3d,sparse,5,4,1,gpu_source,3805,3.805,gpu_us,1,0,0,1,125190842,2,3,3,100,100,4,1,157,1,block_random,1024
tile_sweep_publication,image,3d,sparse,5,5,1,cpu_source,37608129,37608.129,cpu_us,,,,,,,3,3,100,100,4,1,158,2,block_random,1024
tile_sweep_publication,image,3d,sparse,5,5,1,gpu_source,3212,3.212,gpu_us,1,0,0,1,150875044,2,3,3,100,100,4,1,159,3,block_random,1024
tile_sweep_publication,image,3d,sparse,5,7,1,cpu_source,37192567,37192.567,cpu_us,,,,,,,3,3,100,100,4,1,160,0,block_random,1024
tile_sweep_publication,image,3d,sparse,5,7,1,gpu_source,3527,3.527,gpu_us,1,0,0,1,202243449,2,3,3,100,100,4,1,161,1,block_random,1024
tile_sweep_publication,image,3d,sparse,5,10,1,cpu_source,37355167,37355.167,cpu_us,,,,,,,3,3,100,100,4,1,162,2,block_random,1024
tile_sweep_publication,image,3d,sparse,5,10,1,gpu_source,3671,3.671,gpu_us,1,0,0,1,279296057,2,3,3,100,100,4,1,163,3,block_random,1024
tile_sweep_publication,image,3d,sparse,5,15,1,cpu_source,37148630,37148.63,cpu_us,,,,,,,3,3,100,100,4,1,164,0,block_random,1024
tile_sweep_publication,image,3d,sparse,5,15,1,gpu_source,3521,3.521,gpu_us,1,0,0,1,407717070,2,3,3,100,100,4,1,165,1,block_random,1024
tile_sweep_publication,image,3d,sparse,5,20,1,cpu_source,37406026,37406.026,cpu_us,,,,,,,3,3,100,100,4,1,166,2,block_random,1024
tile_sweep_publication,image,3d,sparse,5,20,1,gpu_source,3921,3.921,gpu_us,1,0,0,1,536138083,2,3,3,100,100,4,1,167,3,block_random,1024
tile_sweep_publication,image,3d,sparse,5,25,1,cpu_source,37143749,37143.749,cpu_us,,,,,,,3,3,100,100,4,1,168,0,block_random,1024
tile_sweep_publication,image,3d,sparse,5,25,1,gpu_source,2630,2.63,gpu_us,1,0,0,1,664559096,2,3,3,100,100,4,1,169,1,block_random,1024
tile_sweep_publication,image,3d,sparse,5,30,1,cpu_source,37449106,37449.106,cpu_us,,,,,,,3,3,100,100,4,1,170,2,block_random,1024
tile_sweep_publication,image,3d,sparse,5,30,1,gpu_source,3850,3.85,gpu_us,1,0,0,1,792980108,2,3,3,100,100,4,1,171,3,block_random,1024
tile_sweep_publication,image,3d,sparse,5,40,1,cpu_source,37202122,37202.122,cpu_us,,,,,,,3,3,100,100,4,1,172,0,block_random,1024
tile_sweep_publication,image,3d,sparse,5,40,1,gpu_source,3641,3.641,gpu_us,1,0,0,1,1049822134,2,3,3,100,100,4,1,173,1,block_random,1024
tile_sweep_publication,image,3d,sparse,5,50,1,cpu_source,37440878,37440.878,cpu_us,,,,,,,3,3,100,100,4,1,174,2,block_random,1024
tile_sweep_publication,image,3d,sparse,5,50,1,gpu_source,3987,3.987,gpu_us,1,0,0,1,1306664160,2,3,3,100,100,4,1,175,3,block_random,1024
tile_sweep_publication,image,3d,sparse,5,75,1,cpu_source,37148253,37148.253,cpu_us,,,,,,,3,3,100,100,4,1,176,0,block_random,1024
tile_sweep_publication,image,3d,sparse,5,75,1,gpu_source,3558,3.558,gpu_us,1,0,0,1,1948769224,2,3,3,100,100,4,1,177,1,block_random,1024
tile_sweep_publication,image,3d,sparse,5,100,1,cpu_source,37432725,37432.725,cpu_us,,,,,,,3,3,100,100,4,1,178,2,block_random,1024
tile_sweep_publication,image,3d,sparse,5,100,1,gpu_source,3820,3.82,gpu_us,1,0,0,1,2590874288,2,3,3,100,100,4,1,179,3,block_random,1024
tile_sweep_publication,preimage,1d,dense,1,1,1,cpu_source,12817,12.817,cpu_us,,,,,,,1,1,1000000,1000000,4,1,180,0,block_random,1024
tile_sweep_publication,preimage,1d,dense,1,1,1,gpu_source,21040,21.04,gpu_us,16,39,1,16,8400000,2,1,1,1000000,1000000,4,1,181,1,block_random,1024
tile_sweep_publication,preimage,1d,dense,1,2,1,cpu_source,13672,13.672,cpu_us,,,,,,,1,1,1000000,1000000,4,1,182,2,block_random,1024
tile_sweep_publication,preimage,1d,dense,1,2,1,gpu_source,9791,9.791,gpu_us,8,14,1,8,14800000,2,1,1,1000000,1000000,4,1,183,3,block_random,1024
tile_sweep_publication,preimage,1d,dense,1,3,1,cpu_source,11896,11.896,cpu_us,,,,,,,1,1,1000000,1000000,4,1,184,0,block_random,1024
tile_sweep_publication,preimage,1d,dense,1,3,1,gpu_source,13749,13.749,gpu_us,8,14,1,8,21200000,2,1,1,1000000,1000000,4,1,185,1,block_random,1024
tile_sweep_publication,preimage,1d,dense,1,4,1,cpu_source,12195,12.195,cpu_us,,,,,,,1,1,1000000,1000000,4,1,186,2,block_random,1024
tile_sweep_publication,preimage,1d,dense,1,4,1,gpu_source,5378,5.378,gpu_us,4,5,1,4,27600000,2,1,1,1000000,1000000,4,1,187,3,block_random,1024
tile_sweep_publication,preimage,1d,dense,1,5,1,cpu_source,11892,11.892,cpu_us,,,,,,,1,1,1000000,1000000,4,1,188,0,block_random,1024
tile_sweep_publication,preimage,1d,dense,1,5,1,gpu_source,5249,5.249,gpu_us,4,5,1,4,34000000,2,1,1,1000000,1000000,4,1,189,1,block_random,1024
tile_sweep_publication,preimage,1d,dense,1,7,1,cpu_source,12077,12.077,cpu_us,,,,,,,1,1,1000000,1000000,4,1,190,2,block_random,1024
tile_sweep_publication,preimage,1d,dense,1,7,1,gpu_source,2570,2.57,gpu_us,2,2,1,2,46800000,2,1,1,1000000,1000000,4,1,191,3,block_random,1024
tile_sweep_publication,preimage,1d,dense,1,10,1,cpu_source,11780,11.78,cpu_us,,,,,,,1,1,1000000,1000000,4,1,192,0,block_random,1024
tile_sweep_publication,preimage,1d,dense,1,10,1,gpu_source,2928,2.928,gpu_us,2,2,1,2,66000000,2,1,1,1000000,1000000,4,1,193,1,block_random,1024
tile_sweep_publication,preimage,1d,dense,1,15,1,cpu_source,13515,13.515,cpu_us,,,,,,,1,1,1000000,1000000,4,1,194,2,block_random,1024
tile_sweep_publication,preimage,1d,dense,1,15,1,gpu_source,1338,1.338,gpu_us,1,0,0,1,98000000,2,1,1,1000000,1000000,4,1,195,3,block_random,1024
tile_sweep_publication,preimage,1d,dense,1,20,1,cpu_source,13490,13.49,cpu_us,,,,,,,1,1,1000000,1000000,4,1,196,0,block_random,1024
tile_sweep_publication,preimage,1d,dense,1,20,1,gpu_source,1253,1.253,gpu_us,1,0,0,1,130000000,2,1,1,1000000,1000000,4,1,197,1,block_random,1024
tile_sweep_publication,preimage,1d,dense,1,25,1,cpu_source,12317,12.317,cpu_us,,,,,,,1,1,1000000,1000000,4,1,198,2,block_random,1024
tile_sweep_publication,preimage,1d,dense,1,25,1,gpu_source,1242,1.242,gpu_us,1,0,0,1,162000000,2,1,1,1000000,1000000,4,1,199,3,block_random,1024
tile_sweep_publication,preimage,1d,dense,1,30,1,cpu_source,11785,11.785,cpu_us,,,,,,,1,1,1000000,1000000,4,1,200,0,block_random,1024
tile_sweep_publication,preimage,1d,dense,1,30,1,gpu_source,1274,1.274,gpu_us,1,0,0,1,194000000,2,1,1,1000000,1000000,4,1,201,1,block_random,1024
tile_sweep_publication,preimage,1d,dense,1,40,1,cpu_source,12538,12.538,cpu_us,,,,,,,1,1,1000000,1000000,4,1,202,2,block_random,1024
tile_sweep_publication,preimage,1d,dense,1,40,1,gpu_source,1233,1.233,gpu_us,1,0,0,1,258000000,2,1,1,1000000,1000000,4,1,203,3,block_random,1024
tile_sweep_publication,preimage,1d,dense,1,50,1,cpu_source,11910,11.91,cpu_us,,,,,,,1,1,1000000,1000000,4,1,204,0,block_random,1024
tile_sweep_publication,preimage,1d,dense,1,50,1,gpu_source,1474,1.474,gpu_us,1,0,0,1,322000000,2,1,1,1000000,1000000,4,1,205,1,block_random,1024
tile_sweep_publication,preimage,1d,dense,1,75,1,cpu_source,12307,12.307,cpu_us,,,,,,,1,1,1000000,1000000,4,1,206,2,block_random,1024
tile_sweep_publication,preimage,1d,dense,1,75,1,gpu_source,1367,1.367,gpu_us,1,0,0,1,482000000,2,1,1,1000000,1000000,4,1,207,3,block_random,1024
tile_sweep_publication,preimage,1d,dense,1,100,1,cpu_source,12390,12.39,cpu_us,,,,,,,1,1,1000000,1000000,4,1,208,0,block_random,1024
tile_sweep_publication,preimage,1d,dense,1,100,1,gpu_source,1337,1.337,gpu_us,1,0,0,1,642000000,2,1,1,1000000,1000000,4,1,209,1,block_random,1024
tile_sweep_publication,preimage,1d,sparse,5,1,1,cpu_source,137096,137.096,cpu_us,,,,,,,1,1,1000000,1000000,4,1,210,2,block_random,1024
tile_sweep_publication,preimage,1d,sparse,5,1,1,gpu_source,34894,34.894,gpu_us,1,1,1,1,21619760,2,1,1,1000000,1000000,4,1,211,3,block_random,1024
tile_sweep_publication,preimage,1d,sparse,5,2,1,cpu_source,137535,137.535,cpu_us,,,,,,,1,1,1000000,1000000,4,1,212,0,block_random,1024
tile_sweep_publication,preimage,1d,sparse,5,2,1,gpu_source,3495,3.495,gpu_us,1,0,0,1,28019760,2,1,1,1000000,1000000,4,1,213,1,block_random,1024
tile_sweep_publication,preimage,1d,sparse,5,3,1,cpu_source,137586,137.586,cpu_us,,,,,,,1,1,1000000,1000000,4,1,214,2,block_random,1024
tile_sweep_publication,preimage,1d,sparse,5,3,1,gpu_source,3374,3.374,gpu_us,1,0,0,1,34419760,2,1,1,1000000,1000000,4,1,215,3,block_random,1024
tile_sweep_publication,preimage,1d,sparse,5,4,1,cpu_source,137306,137.306,cpu_us,,,,,,,1,1,1000000,1000000,4,1,216,0,block_random,1024
tile_sweep_publication,preimage,1d,sparse,5,4,1,gpu_source,3388,3.388,gpu_us,1,0,0,1,40819760,2,1,1,1000000,1000000,4,1,217,1,block_random,1024
tile_sweep_publication,preimage,1d,sparse,5,5,1,cpu_source,138109,138.109,cpu_us,,,,,,,1,1,1000000,1000000,4,1,218,2,block_random,1024
tile_sweep_publication,preimage,1d,sparse,5,5,1,gpu_source,3260,3.26,gpu_us,1,0,0,1,47219760,2,1,1,1000000,1000000,4,1,219,3,block_random,1024
tile_sweep_publication,preimage,1d,sparse,5,7,1,cpu_source,137035,137.035,cpu_us,,,,,,,1,1,1000000,1000000,4,1,220,0,block_random,1024
tile_sweep_publication,preimage,1d,sparse,5,7,1,gpu_source,3531,3.531,gpu_us,1,0,0,1,60019760,2,1,1,1000000,1000000,4,1,221,1,block_random,1024
tile_sweep_publication,preimage,1d,sparse,5,10,1,cpu_source,137112,137.112,cpu_us,,,,,,,1,1,1000000,1000000,4,1,222,2,block_random,1024
tile_sweep_publication,preimage,1d,sparse,5,10,1,gpu_source,3233,3.233,gpu_us,1,0,0,1,79219760,2,1,1,1000000,1000000,4,1,223,3,block_random,1024
tile_sweep_publication,preimage,1d,sparse,5,15,1,cpu_source,136956,136.956,cpu_us,,,,,,,1,1,1000000,1000000,4,1,224,0,block_random,1024
tile_sweep_publication,preimage,1d,sparse,5,15,1,gpu_source,3325,3.325,gpu_us,1,0,0,1,111219760,2,1,1,1000000,1000000,4,1,225,1,block_random,1024
tile_sweep_publication,preimage,1d,sparse,5,20,1,cpu_source,138192,138.192,cpu_us,,,,,,,1,1,1000000,1000000,4,1,226,2,block_random,1024
tile_sweep_publication,preimage,1d,sparse,5,20,1,gpu_source,3378,3.378,gpu_us,1,0,0,1,143219760,2,1,1,1000000,1000000,4,1,227,3,block_random,1024
tile_sweep_publication,preimage,1d,sparse,5,25,1,cpu_source,136623,136.623,cpu_us,,,,,,,1,1,1000000,1000000,4,1,228,0,block_random,1024
tile_sweep_publication,preimage,1d,sparse,5,25,1,gpu_source,3494,3.494,gpu_us,1,0,0,1,175219760,2,1,1,1000000,1000000,4,1,229,1,block_random,1024
tile_sweep_publication,preimage,1d,sparse,5,30,1,cpu_source,137366,137.366,cpu_us,,,,,,,1,1,1000000,1000000,4,1,230,2,block_random,1024
tile_sweep_publication,preimage,1d,sparse,5,30,1,gpu_source,3141,3.141,gpu_us,1,0,0,1,207219760,2,1,1,1000000,1000000,4,1,231,3,block_random,1024
tile_sweep_publication,preimage,1d,sparse,5,40,1,cpu_source,136667,136.667,cpu_us,,,,,,,1,1,1000000,1000000,4,1,232,0,block_random,1024
tile_sweep_publication,preimage,1d,sparse,5,40,1,gpu_source,3511,3.511,gpu_us,1,0,0,1,271219760,2,1,1,1000000,1000000,4,1,233,1,block_random,1024
tile_sweep_publication,preimage,1d,sparse,5,50,1,cpu_source,137561,137.561,cpu_us,,,,,,,1,1,1000000,1000000,4,1,234,2,block_random,1024
tile_sweep_publication,preimage,1d,sparse,5,50,1,gpu_source,3334,3.334,gpu_us,1,0,0,1,335219760,2,1,1,1000000,1000000,4,1,235,3,block_random,1024
tile_sweep_publication,preimage,1d,sparse,5,75,1,cpu_source,136333,136.333,cpu_us,,,,,,,1,1,1000000,1000000,4,1,236,0,block_random,1024
tile_sweep_publication,preimage,1d,sparse,5,75,1,gpu_source,3398,3.398,gpu_us,1,0,0,1,495219760,2,1,1,1000000,1000000,4,1,237,1,block_random,1024
tile_sweep_publication,preimage,1d,sparse,5,100,1,cpu_source,137726,137.726,cpu_us,,,,,,,1,1,1000000,1000000,4,1,238,2,block_random,1024
tile_sweep_publication,preimage,1d,sparse,5,100,1,gpu_source,3314,3.314,gpu_us,1,0,0,1,655219760,2,1,1,1000000,1000000,4,1,239,3,block_random,1024
tile_sweep_publication,preimage,2d,dense,1,1,1,cpu_source,92314,92.314,cpu_us,,,,,,,2,2,1000,1000,4,1,240,0,block_random,1024
tile_sweep_publication,preimage,2d,dense,1,1,1,gpu_source,20002,20.002,gpu_us,8,14,1,8,14800000,2,2,2,1000,1000,4,1,241,1,block_random,1024
tile_sweep_publication,preimage,2d,dense,1,2,1,cpu_source,93332,93.332,cpu_us,,,,,,,2,2,1000,1000,4,1,242,2,block_random,1024
tile_sweep_publication,preimage,2d,dense,1,2,1,gpu_source,12962,12.962,gpu_us,4,5,1,4,27600000,2,2,2,1000,1000,4,1,243,3,block_random,1024
tile_sweep_publication,preimage,2d,dense,1,3,1,cpu_source,92665,92.665,cpu_us,,,,,,,2,2,1000,1000,4,1,244,0,block_random,1024
tile_sweep_publication,preimage,2d,dense,1,3,1,gpu_source,11537,11.537,gpu_us,4,5,1,4,40400000,2,2,2,1000,1000,4,1,245,1,block_random,1024
tile_sweep_publication,preimage,2d,dense,1,4,1,cpu_source,92039,92.039,cpu_us,,,,,,,2,2,1000,1000,4,1,246,2,block_random,1024
tile_sweep_publication,preimage,2d,dense,1,4,1,gpu_source,7668,7.668,gpu_us,2,2,1,2,53200000,2,2,2,1000,1000,4,1,247,3,block_random,1024
tile_sweep_publication,preimage,2d,dense,1,5,1,cpu_source,91466,91.466,cpu_us,,,,,,,2,2,1000,1000,4,1,248,0,block_random,1024
tile_sweep_publication,preimage,2d,dense,1,5,1,gpu_source,6800,6.8,gpu_us,2,2,1,2,66000000,2,2,2,1000,1000,4,1,249,1,block_random,1024
tile_sweep_publication,preimage,2d,dense,1,7,1,cpu_source,91398,91.398,cpu_us,,,,,,,2,2,1000,1000,4,1,250,2,block_random,1024
tile_sweep_publication,preimage,2d,dense,1,7,1,gpu_source,7319,7.319,gpu_us,2,2,1,2,91600000,2,2,2,1000,1000,4,1,251,3,block_random,1024
tile_sweep_publication,preimage,2d,dense,1,10,1,cpu_source,92136,92.136,cpu_us,,,,,,,2,2,1000,1000,4,1,252,0,block_random,1024
tile_sweep_publication,preimage,2d,dense,1,10,1,gpu_source,2213,2.213,gpu_us,1,0,0,1,130000000,2,2,2,1000,1000,4,1,253,1,block_random,1024
tile_sweep_publication,preimage,2d,dense,1,15,1,cpu_source,91894,91.894,cpu_us,,,,,,,2,2,1000,1000,4,1,254,2,block_random,1024
tile_sweep_publication,preimage,2d,dense,1,15,1,gpu_source,2231,2.231,gpu_us,1,0,0,1,194000000,2,2,2,1000,1000,4,1,255,3,block_random,1024
tile_sweep_publication,preimage,2d,dense,1,20,1,cpu_source,91535,91.535,cpu_us,,,,,,,2,2,1000,1000,4,1,256,0,block_random,1024
tile_sweep_publication,preimage,2d,dense,1,20,1,gpu_source,2117,2.117,gpu_us,1,0,0,1,258000000,2,2,2,1000,1000,4,1,257,1,block_random,1024
tile_sweep_publication,preimage,2d,dense,1,25,1,cpu_source,91067,91.067,cpu_us,,,,,,,2,2,1000,1000,4,1,258,2,block_random,1024
tile_sweep_publication,preimage,2d,dense,1,25,1,gpu_source,2176,2.176,gpu_us,1,0,0,1,322000000,2,2,2,1000,1000,4,1,259,3,block_random,1024
tile_sweep_publication,preimage,2d,dense,1,30,1,cpu_source,92303,92.303,cpu_us,,,,,,,2,2,1000,1000,4,1,260,0,block_random,1024
tile_sweep_publication,preimage,2d,dense,1,30,1,gpu_source,2100,2.1,gpu_us,1,0,0,1,386000000,2,2,2,1000,1000,4,1,261,1,block_random,1024
tile_sweep_publication,preimage,2d,dense,1,40,1,cpu_source,91403,91.403,cpu_us,,,,,,,2,2,1000,1000,4,1,262,2,block_random,1024
tile_sweep_publication,preimage,2d,dense,1,40,1,gpu_source,2218,2.218,gpu_us,1,0,0,1,514000000,2,2,2,1000,1000,4,1,263,3,block_random,1024
tile_sweep_publication,preimage,2d,dense,1,50,1,cpu_source,91359,91.359,cpu_us,,,,,,,2,2,1000,1000,4,1,264,0,block_random,1024
tile_sweep_publication,preimage,2d,dense,1,50,1,gpu_source,2113,2.113,gpu_us,1,0,0,1,642000000,2,2,2,1000,1000,4,1,265,1,block_random,1024
tile_sweep_publication,preimage,2d,dense,1,75,1,cpu_source,92267,92.267,cpu_us,,,,,,,2,2,1000,1000,4,1,266,2,block_random,1024
tile_sweep_publication,preimage,2d,dense,1,75,1,gpu_source,2171,2.171,gpu_us,1,0,0,1,962000000,2,2,2,1000,1000,4,1,267,3,block_random,1024
tile_sweep_publication,preimage,2d,dense,1,100,1,cpu_source,91216,91.216,cpu_us,,,,,,,2,2,1000,1000,4,1,268,0,block_random,1024
tile_sweep_publication,preimage,2d,dense,1,100,1,gpu_source,2158,2.158,gpu_us,1,0,0,1,1282000000,2,2,2,1000,1000,4,1,269,1,block_random,1024
tile_sweep_publication,preimage,2d,sparse,5,1,1,cpu_source,659976,659.976,cpu_us,,,,,,,2,2,1000,1000,4,1,270,2,block_random,1024
tile_sweep_publication,preimage,2d,sparse,5,1,1,gpu_source,4158,4.158,gpu_us,1,0,0,1,31744128,2,2,2,1000,1000,4,1,271,3,block_random,1024
tile_sweep_publication,preimage,2d,sparse,5,2,1,cpu_source,665337,665.337,cpu_us,,,,,,,2,2,1000,1000,4,1,272,0,block_random,1024
tile_sweep_publication,preimage,2d,sparse,5,2,1,gpu_source,3549,3.549,gpu_us,1,0,0,1,44544128,2,2,2,1000,1000,4,1,273,1,block_random,1024
tile_sweep_publication,preimage,2d,sparse,5,3,1,cpu_source,651146,651.146,cpu_us,,,,,,,2,2,1000,1000,4,1,274,2,block_random,1024
tile_sweep_publication,preimage,2d,sparse,5,3,1,gpu_source,4015,4.015,gpu_us,1,0,0,1,57344128,2,2,2,1000,1000,4,1,275,3,block_random,1024
tile_sweep_publication,preimage,2d,sparse,5,4,1,cpu_source,653839,653.839,cpu_us,,,,,,,2,2,1000,1000,4,1,276,0,block_random,1024
tile_sweep_publication,preimage,2d,sparse,5,4,1,gpu_source,3477,3.477,gpu_us,1,0,0,1,70144128,2,2,2,1000,1000,4,1,277,1,block_random,1024
tile_sweep_publication,preimage,2d,sparse,5,5,1,cpu_source,667356,667.356,cpu_us,,,,,,,2,2,1000,1000,4,1,278,2,block_random,1024
tile_sweep_publication,preimage,2d,sparse,5,5,1,gpu_source,3982,3.982,gpu_us,1,0,0,1,82944128,2,2,2,1000,1000,4,1,279,3,block_random,1024
tile_sweep_publication,preimage,2d,sparse,5,7,1,cpu_source,647870,647.87,cpu_us,,,,,,,2,2,1000,1000,4,1,280,0,block_random,1024
tile_sweep_publication,preimage,2d,sparse,5,7,1,gpu_source,3511,3.511,gpu_us,1,0,0,1,108544128,2,2,2,1000,1000,4,1,281,1,block_random,1024
tile_sweep_publication,preimage,2d,sparse,5,10,1,cpu_source,665374,665.374,cpu_us,,,,,,,2,2,1000,1000,4,1,282,2,block_random,1024
tile_sweep_publication,preimage,2d,sparse,5,10,1,gpu_source,4192,4.192,gpu_us,1,0,0,1,146944128,2,2,2,1000,1000,4,1,283,3,block_random,1024
tile_sweep_publication,preimage,2d,sparse,5,15,1,cpu_source,657184,657.184,cpu_us,,,,,,,2,2,1000,1000,4,1,284,0,block_random,1024
tile_sweep_publication,preimage,2d,sparse,5,15,1,gpu_source,4002,4.002,gpu_us,1,0,0,1,210944128,2,2,2,1000,1000,4,1,285,1,block_random,1024
tile_sweep_publication,preimage,2d,sparse,5,20,1,cpu_source,662834,662.834,cpu_us,,,,,,,2,2,1000,1000,4,1,286,2,block_random,1024
tile_sweep_publication,preimage,2d,sparse,5,20,1,gpu_source,4115,4.115,gpu_us,1,0,0,1,274944128,2,2,2,1000,1000,4,1,287,3,block_random,1024
tile_sweep_publication,preimage,2d,sparse,5,25,1,cpu_source,669147,669.147,cpu_us,,,,,,,2,2,1000,1000,4,1,288,0,block_random,1024
tile_sweep_publication,preimage,2d,sparse,5,25,1,gpu_source,3601,3.601,gpu_us,1,0,0,1,338944128,2,2,2,1000,1000,4,1,289,1,block_random,1024
tile_sweep_publication,preimage,2d,sparse,5,30,1,cpu_source,654368,654.368,cpu_us,,,,,,,2,2,1000,1000,4,1,290,2,block_random,1024
tile_sweep_publication,preimage,2d,sparse,5,30,1,gpu_source,4053,4.053,gpu_us,1,0,0,1,402944128,2,2,2,1000,1000,4,1,291,3,block_random,1024
tile_sweep_publication,preimage,2d,sparse,5,40,1,cpu_source,654307,654.307,cpu_us,,,,,,,2,2,1000,1000,4,1,292,0,block_random,1024
tile_sweep_publication,preimage,2d,sparse,5,40,1,gpu_source,3533,3.533,gpu_us,1,0,0,1,530944128,2,2,2,1000,1000,4,1,293,1,block_random,1024
tile_sweep_publication,preimage,2d,sparse,5,50,1,cpu_source,661140,661.14,cpu_us,,,,,,,2,2,1000,1000,4,1,294,2,block_random,1024
tile_sweep_publication,preimage,2d,sparse,5,50,1,gpu_source,3903,3.903,gpu_us,1,0,0,1,658944128,2,2,2,1000,1000,4,1,295,3,block_random,1024
tile_sweep_publication,preimage,2d,sparse,5,75,1,cpu_source,661211,661.211,cpu_us,,,,,,,2,2,1000,1000,4,1,296,0,block_random,1024
tile_sweep_publication,preimage,2d,sparse,5,75,1,gpu_source,3587,3.587,gpu_us,1,0,0,1,978944128,2,2,2,1000,1000,4,1,297,1,block_random,1024
tile_sweep_publication,preimage,2d,sparse,5,100,1,cpu_source,672293,672.293,cpu_us,,,,,,,2,2,1000,1000,4,1,298,2,block_random,1024
tile_sweep_publication,preimage,2d,sparse,5,100,1,gpu_source,4000,4.0,gpu_us,1,0,0,1,1298944128,2,2,2,1000,1000,4,1,299,3,block_random,1024
tile_sweep_publication,preimage,3d,dense,1,1,1,cpu_source,147956,147.956,cpu_us,,,,,,,3,3,100,100,4,1,300,0,block_random,1024
tile_sweep_publication,preimage,3d,dense,1,1,1,gpu_source,41168,41.168,gpu_us,8,14,1,8,21200000,2,3,3,100,100,4,1,301,1,block_random,1024
tile_sweep_publication,preimage,3d,dense,1,2,1,cpu_source,149481,149.481,cpu_us,,,,,,,3,3,100,100,4,1,302,2,block_random,1024
tile_sweep_publication,preimage,3d,dense,1,2,1,gpu_source,23233,23.233,gpu_us,4,5,1,4,40400000,2,3,3,100,100,4,1,303,3,block_random,1024
tile_sweep_publication,preimage,3d,dense,1,3,1,cpu_source,148017,148.017,cpu_us,,,,,,,3,3,100,100,4,1,304,0,block_random,1024
tile_sweep_publication,preimage,3d,dense,1,3,1,gpu_source,26244,26.244,gpu_us,4,5,1,4,59600000,2,3,3,100,100,4,1,305,1,block_random,1024
tile_sweep_publication,preimage,3d,dense,1,4,1,cpu_source,148857,148.857,cpu_us,,,,,,,3,3,100,100,4,1,306,2,block_random,1024
tile_sweep_publication,preimage,3d,dense,1,4,1,gpu_source,15370,15.37,gpu_us,2,2,1,2,78800000,2,3,3,100,100,4,1,307,3,block_random,1024
tile_sweep_publication,preimage,3d,dense,1,5,1,cpu_source,147981,147.981,cpu_us,,,,,,,3,3,100,100,4,1,308,0,block_random,1024
tile_sweep_publication,preimage,3d,dense,1,5,1,gpu_source,16783,16.783,gpu_us,2,2,1,2,98000000,2,3,3,100,100,4,1,309,1,block_random,1024
tile_sweep_publication,preimage,3d,dense,1,7,1,cpu_source,147991,147.991,cpu_us,,,,,,,3,3,100,100,4,1,310,2,block_random,1024
tile_sweep_publication,preimage,3d,dense,1,7,1,gpu_source,15329,15.329,gpu_us,2,2,1,2,136400000,2,3,3,100,100,4,1,311,3,block_random,1024
tile_sweep_publication,preimage,3d,dense,1,10,1,cpu_source,152794,152.794,cpu_us,,,,,,,3,3,100,100,4,1,312,0,block_random,1024
tile_sweep_publication,preimage,3d,dense,1,10,1,gpu_source,4154,4.154,gpu_us,1,0,0,1,194000000,2,3,3,100,100,4,1,313,1,block_random,1024
tile_sweep_publication,preimage,3d,dense,1,15,1,cpu_source,148603,148.603,cpu_us,,,,,,,3,3,100,100,4,1,314,2,block_random,1024
tile_sweep_publication,preimage,3d,dense,1,15,1,gpu_source,3872,3.872,gpu_us,1,0,0,1,290000000,2,3,3,100,100,4,1,315,3,block_random,1024
tile_sweep_publication,preimage,3d,dense,1,20,1,cpu_source,148177,148.177,cpu_us,,,,,,,3,3,100,100,4,1,316,0,block_random,1024
tile_sweep_publication,preimage,3d,dense,1,20,1,gpu_source,3963,3.963,gpu_us,1,0,0,1,386000000,2,3,3,100,100,4,1,317,1,block_random,1024
tile_sweep_publication,preimage,3d,dense,1,25,1,cpu_source,148091,148.091,cpu_us,,,,,,,3,3,100,100,4,1,318,2,block_random,1024
tile_sweep_publication,preimage,3d,dense,1,25,1,gpu_source,3723,3.723,gpu_us,1,0,0,1,482000000,2,3,3,100,100,4,1,319,3,block_random,1024
tile_sweep_publication,preimage,3d,dense,1,30,1,cpu_source,149177,149.177,cpu_us,,,,,,,3,3,100,100,4,1,320,0,block_random,1024
tile_sweep_publication,preimage,3d,dense,1,30,1,gpu_source,3998,3.998,gpu_us,1,0,0,1,578000000,2,3,3,100,100,4,1,321,1,block_random,1024
tile_sweep_publication,preimage,3d,dense,1,40,1,cpu_source,148091,148.091,cpu_us,,,,,,,3,3,100,100,4,1,322,2,block_random,1024
tile_sweep_publication,preimage,3d,dense,1,40,1,gpu_source,3687,3.687,gpu_us,1,0,0,1,770000000,2,3,3,100,100,4,1,323,3,block_random,1024
tile_sweep_publication,preimage,3d,dense,1,50,1,cpu_source,147692,147.692,cpu_us,,,,,,,3,3,100,100,4,1,324,0,block_random,1024
tile_sweep_publication,preimage,3d,dense,1,50,1,gpu_source,4003,4.003,gpu_us,1,0,0,1,962000000,2,3,3,100,100,4,1,325,1,block_random,1024
tile_sweep_publication,preimage,3d,dense,1,75,1,cpu_source,148296,148.296,cpu_us,,,,,,,3,3,100,100,4,1,326,2,block_random,1024
tile_sweep_publication,preimage,3d,dense,1,75,1,gpu_source,3643,3.643,gpu_us,1,0,0,1,1442000000,2,3,3,100,100,4,1,327,3,block_random,1024
tile_sweep_publication,preimage,3d,dense,1,100,1,cpu_source,147807,147.807,cpu_us,,,,,,,3,3,100,100,4,1,328,0,block_random,1024
tile_sweep_publication,preimage,3d,dense,1,100,1,gpu_source,4052,4.052,gpu_us,1,0,0,1,1922000000,2,3,3,100,100,4,1,329,1,block_random,1024
tile_sweep_publication,preimage,3d,sparse,5,1,1,cpu_source,984010,984.01,cpu_us,,,,,,,3,3,100,100,4,1,330,2,block_random,1024
tile_sweep_publication,preimage,3d,sparse,5,1,1,gpu_source,74657,74.657,gpu_us,1,1,1,1,41654032,2,3,3,100,100,4,1,331,3,block_random,1024
tile_sweep_publication,preimage,3d,sparse,5,2,1,cpu_source,974370,974.37,cpu_us,,,,,,,3,3,100,100,4,1,332,0,block_random,1024
tile_sweep_publication,preimage,3d,sparse,5,2,1,gpu_source,5169,5.169,gpu_us,1,0,0,1,60854032,2,3,3,100,100,4,1,333,1,block_random,1024
tile_sweep_publication,preimage,3d,sparse,5,3,1,cpu_source,973987,973.987,cpu_us,,,,,,,3,3,100,100,4,1,334,2,block_random,1024
tile_sweep_publication,preimage,3d,sparse,5,3,1,gpu_source,4778,4.778,gpu_us,1,0,0,1,80054032,2,3,3,100,100,4,1,335,3,block_random,1024
tile_sweep_publication,preimage,3d,sparse,5,4,1,cpu_source,972180,972.18,cpu_us,,,,,,,3,3,100,100,4,1,336,0,block_random,1024
tile_sweep_publication,preimage,3d,sparse,5,4,1,gpu_source,5337,5.337,gpu_us,1,0,0,1,99254032,2,3,3,100,100,4,1,337,1,block_random,1024
tile_sweep_publication,preimage,3d,sparse,5,5,1,cpu_source,980504,980.504,cpu_us,,,,,,,3,3,100,100,4,1,338,2,block_random,1024
tile_sweep_publication,preimage,3d,sparse,5,5,1,gpu_source,4922,4.922,gpu_us,1,0,0,1,118454032,2,3,3,100,100,4,1,339,3,block_random,1024
tile_sweep_publication,preimage,3d,sparse,5,7,1,cpu_source,969684,969.684,cpu_us,,,,,,,3,3,100,100,4,1,340,0,block_random,1024
tile_sweep_publication,preimage,3d,sparse,5,7,1,gpu_source,5424,5.424,gpu_us,1,0,0,1,156854032,2,3,3,100,100,4,1,341,1,block_random,1024
tile_sweep_publication,preimage,3d,sparse,5,10,1,cpu_source,986244,986.244,cpu_us,,,,,,,3,3,100,100,4,1,342,2,block_random,1024
tile_sweep_publication,preimage,3d,sparse,5,10,1,gpu_source,4704,4.704,gpu_us,1,0,0,1,214454032,2,3,3,100,100,4,1,343,3,block_random,1024
tile_sweep_publication,preimage,3d,sparse,5,15,1,cpu_source,972553,972.553,cpu_us,,,,,,,3,3,100,100,4,1,344,0,block_random,1024
tile_sweep_publication,preimage,3d,sparse,5,15,1,gpu_source,5200,5.2,gpu_us,1,0,0,1,310454032,2,3,3,100,100,4,1,345,1,block_random,1024
tile_sweep_publication,preimage,3d,sparse,5,20,1,cpu_source,973187,973.187,cpu_us,,,,,,,3,3,100,100,4,1,346,2,block_random,1024
tile_sweep_publication,preimage,3d,sparse,5,20,1,gpu_source,4797,4.797,gpu_us,1,0,0,1,406454032,2,3,3,100,100,4,1,347,3,block_random,1024
tile_sweep_publication,preimage,3d,sparse,5,25,1,cpu_source,969659,969.659,cpu_us,,,,,,,3,3,100,100,4,1,348,0,block_random,1024
tile_sweep_publication,preimage,3d,sparse,5,25,1,gpu_source,5025,5.025,gpu_us,1,0,0,1,502454032,2,3,3,100,100,4,1,349,1,block_random,1024
tile_sweep_publication,preimage,3d,sparse,5,30,1,cpu_source,987131,987.131,cpu_us,,,,,,,3,3,100,100,4,1,350,2,block_random,1024
tile_sweep_publication,preimage,3d,sparse,5,30,1,gpu_source,4717,4.717,gpu_us,1,0,0,1,598454032,2,3,3,100,100,4,1,351,3,block_random,1024
tile_sweep_publication,preimage,3d,sparse,5,40,1,cpu_source,974789,974.789,cpu_us,,,,,,,3,3,100,100,4,1,352,0,block_random,1024
tile_sweep_publication,preimage,3d,sparse,5,40,1,gpu_source,5227,5.227,gpu_us,1,0,0,1,790454032,2,3,3,100,100,4,1,353,1,block_random,1024
tile_sweep_publication,preimage,3d,sparse,5,50,1,cpu_source,992804,992.804,cpu_us,,,,,,,3,3,100,100,4,1,354,2,block_random,1024
tile_sweep_publication,preimage,3d,sparse,5,50,1,gpu_source,4822,4.822,gpu_us,1,0,0,1,982454032,2,3,3,100,100,4,1,355,3,block_random,1024
tile_sweep_publication,preimage,3d,sparse,5,75,1,cpu_source,972204,972.204,cpu_us,,,,,,,3,3,100,100,4,1,356,0,block_random,1024
tile_sweep_publication,preimage,3d,sparse,5,75,1,gpu_source,5321,5.321,gpu_us,1,0,0,1,1462454032,2,3,3,100,100,4,1,357,1,block_random,1024
tile_sweep_publication,preimage,3d,sparse,5,100,1,cpu_source,999975,999.975,cpu_us,,,,,,,3,3,100,100,4,1,358,2,block_random,1024
tile_sweep_publication,preimage,3d,sparse,5,100,1,gpu_source,4743,4.743,gpu_us,1,0,0,1,1942454032,2,3,3,100,100,4,1,359,3,block_random,1024
tile_sweep_publication,image,1d,dense,1,1,2,cpu_source,45938,45.938,cpu_us,,,,,,,1,1,1000000,1000000,4,1,360,0,block_random,1024
tile_sweep_publication,image,1d,dense,1,1,2,gpu_source,41024,41.024,gpu_us,32,104,1,32,14800000,2,1,1,1000000,1000000,4,1,361,1,block_random,1024
tile_sweep_publication,image,1d,dense,1,2,2,cpu_source,45891,45.891,cpu_us,,,,,,,1,1,1000000,1000000,4,1,362,2,block_random,1024
tile_sweep_publication,image,1d,dense,1,2,2,gpu_source,16221,16.221,gpu_us,16,39,1,16,27600001,2,1,1,1000000,1000000,4,1,363,3,block_random,1024
tile_sweep_publication,image,1d,dense,1,3,2,cpu_source,46538,46.538,cpu_us,,,,,,,1,1,1000000,1000000,4,1,364,0,block_random,1024
tile_sweep_publication,image,1d,dense,1,3,2,gpu_source,17031,17.031,gpu_us,16,39,1,16,40400001,2,1,1,1000000,1000000,4,1,365,1,block_random,1024
tile_sweep_publication,image,1d,dense,1,4,2,cpu_source,46293,46.293,cpu_us,,,,,,,1,1,1000000,1000000,4,1,366,2,block_random,1024
tile_sweep_publication,image,1d,dense,1,4,2,gpu_source,8861,8.861,gpu_us,8,14,1,8,53200002,2,1,1,1000000,1000000,4,1,367,3,block_random,1024
tile_sweep_publication,image,1d,dense,1,5,2,cpu_source,45720,45.72,cpu_us,,,,,,,1,1,1000000,1000000,4,1,368,0,block_random,1024
tile_sweep_publication,image,1d,dense,1,5,2,gpu_source,9434,9.434,gpu_us,8,14,1,8,66000003,2,1,1,1000000,1000000,4,1,369,1,block_random,1024
tile_sweep_publication,image,1d,dense,1,7,2,cpu_source,45435,45.435,cpu_us,,,,,,,1,1,1000000,1000000,4,1,370,2,block_random,1024
tile_sweep_publication,image,1d,dense,1,7,2,gpu_source,5086,5.086,gpu_us,4,5,1,4,91600004,2,1,1,1000000,1000000,4,1,371,3,block_random,1024
tile_sweep_publication,image,1d,dense,1,10,2,cpu_source,46123,46.123,cpu_us,,,,,,,1,1,1000000,1000000,4,1,372,0,block_random,1024
tile_sweep_publication,image,1d,dense,1,10,2,gpu_source,4999,4.999,gpu_us,4,5,1,4,130000006,2,1,1,1000000,1000000,4,1,373,1,block_random,1024
tile_sweep_publication,image,1d,dense,1,15,2,cpu_source,46382,46.382,cpu_us,,,,,,,1,1,1000000,1000000,4,1,374,2,block_random,1024
tile_sweep_publication,image,1d,dense,1,15,2,gpu_source,3462,3.462,gpu_us,2,2,1,2,194000009,2,1,1,1000000,1000000,4,1,375,3,block_random,1024
tile_sweep_publication,image,1d,dense,1,20,2,cpu_source,47326,47.326,cpu_us,,,,,,,1,1,1000000,1000000,4,1,376,0,block_random,1024
tile_sweep_publication,image,1d,dense,1,20,2,gpu_source,3625,3.625,gpu_us,2,2,1,2,258000012,2,1,1,1000000,1000000,4,1,377,1,block_random,1024
tile_sweep_publication,image,1d,dense,1,25,2,cpu_source,46383,46.383,cpu_us,,,,,,,1,1,1000000,1000000,4,1,378,2,block_random,1024
tile_sweep_publication,image,1d,dense,1,25,2,gpu_source,3317,3.317,gpu_us,2,2,1,2,322000016,2,1,1,1000000,1000000,4,1,379,3,block_random,1024
tile_sweep_publication,image,1d,dense,1,30,2,cpu_source,45574,45.574,cpu_us,,,,,,,1,1,1000000,1000000,4,1,380,0,block_random,1024
tile_sweep_publication,image,1d,dense,1,30,2,gpu_source,3039,3.039,gpu_us,1,0,0,1,386000019,2,1,1,1000000,1000000,4,1,381,1,block_random,1024
tile_sweep_publication,image,1d,dense,1,40,2,cpu_source,47016,47.016,cpu_us,,,,,,,1,1,1000000,1000000,4,1,382,2,block_random,1024
tile_sweep_publication,image,1d,dense,1,40,2,gpu_source,3303,3.303,gpu_us,1,0,0,1,514000025,2,1,1,1000000,1000000,4,1,383,3,block_random,1024
tile_sweep_publication,image,1d,dense,1,50,2,cpu_source,46378,46.378,cpu_us,,,,,,,1,1,1000000,1000000,4,1,384,0,block_random,1024
tile_sweep_publication,image,1d,dense,1,50,2,gpu_source,3015,3.015,gpu_us,1,0,0,1,642000032,2,1,1,1000000,1000000,4,1,385,1,block_random,1024
tile_sweep_publication,image,1d,dense,1,75,2,cpu_source,45886,45.886,cpu_us,,,,,,,1,1,1000000,1000000,4,1,386,2,block_random,1024
tile_sweep_publication,image,1d,dense,1,75,2,gpu_source,2905,2.905,gpu_us,1,0,0,1,962000048,2,1,1,1000000,1000000,4,1,387,3,block_random,1024
tile_sweep_publication,image,1d,dense,1,100,2,cpu_source,45798,45.798,cpu_us,,,,,,,1,1,1000000,1000000,4,1,388,0,block_random,1024
tile_sweep_publication,image,1d,dense,1,100,2,gpu_source,2628,2.628,gpu_us,1,0,0,1,1282000064,2,1,1,1000000,1000000,4,1,389,1,block_random,1024
tile_sweep_publication,image,1d,sparse,5,1,2,cpu_source,42463,42.463,cpu_us,,,,,,,1,1,1000000,1000000,4,1,390,2,block_random,1024
tile_sweep_publication,image,1d,sparse,5,1,2,gpu_source,3094,3.094,gpu_us,1,0,0,1,28050199,2,1,1,1000000,1000000,4,1,391,3,block_random,1024
tile_sweep_publication,image,1d,sparse,5,2,2,cpu_source,41183,41.183,cpu_us,,,,,,,1,1,1000000,1000000,4,1,392,0,block_random,1024
tile_sweep_publication,image,1d,sparse,5,2,2,gpu_source,3137,3.137,gpu_us,1,0,0,1,40880639,2,1,1,1000000,1000000,4,1,393,1,block_random,1024
tile_sweep_publication,image,1d,sparse,5,3,2,cpu_source,41460,41.46,cpu_us,,,,,,,1,1,1000000,1000000,4,1,394,2,block_random,1024
tile_sweep_publication,image,1d,sparse,5,3,2,gpu_source,3065,3.065,gpu_us,1,0,0,1,53711078,2,1,1,1000000,1000000,4,1,395,3,block_random,1024
tile_sweep_publication,image,1d,sparse,5,4,2,cpu_source,41421,41.421,cpu_us,,,,,,,1,1,1000000,1000000,4,1,396,0,block_random,1024
tile_sweep_publication,image,1d,sparse,5,4,2,gpu_source,1736,1.736,gpu_us,1,0,0,1,66541518,2,1,1,1000000,1000000,4,1,397,1,block_random,1024
tile_sweep_publication,image,1d,sparse,5,5,2,cpu_source,41728,41.728,cpu_us,,,,,,,1,1,1000000,1000000,4,1,398,2,block_random,1024
tile_sweep_publication,image,1d,sparse,5,5,2,gpu_source,2955,2.955,gpu_us,1,0,0,1,79371957,2,1,1,1000000,1000000,4,1,399,3,block_random,1024
tile_sweep_publication,image,1d,sparse,5,7,2,cpu_source,41288,41.288,cpu_us,,,,,,,1,1,1000000,1000000,4,1,400,0,block_random,1024
tile_sweep_publication,image,1d,sparse,5,7,2,gpu_source,1695,1.695,gpu_us,1,0,0,1,105032836,2,1,1,1000000,1000000,4,1,401,1,block_random,1024
tile_sweep_publication,image,1d,sparse,5,10,2,cpu_source,41591,41.591,cpu_us,,,,,,,1,1,1000000,1000000,4,1,402,2,block_random,1024
tile_sweep_publication,image,1d,sparse,5,10,2,gpu_source,3144,3.144,gpu_us,1,0,0,1,143524155,2,1,1,1000000,1000000,4,1,403,3,block_random,1024
tile_sweep_publication,image,1d,sparse,5,15,2,cpu_source,41160,41.16,cpu_us,,,,,,,1,1,1000000,1000000,4,1,404,0,block_random,1024
tile_sweep_publication,image,1d,sparse,5,15,2,gpu_source,1685,1.685,gpu_us,1,0,0,1,207676352,2,1,1,1000000,1000000,4,1,405,1,block_random,1024
tile_sweep_publication,image,1d,sparse,5,20,2,cpu_source,41347,41.347,cpu_us,,,,,,,1,1,1000000,1000000,4,1,406,2,block_random,1024
tile_sweep_publication,image,1d,sparse,5,20,2,gpu_source,3084,3.084,gpu_us,1,0,0,1,271828550,2,1,1,1000000,1000000,4,1,407,3,block_random,1024
tile_sweep_publication,image,1d,sparse,5,25,2,cpu_source,41518,41.518,cpu_us,,,,,,,1,1,1000000,1000000,4,1,408,0,block_random,1024
tile_sweep_publication,image,1d,sparse,5,25,2,gpu_source,3028,3.028,gpu_us,1,0,0,1,335980748,2,1,1,1000000,1000000,4,1,409,1,block_random,1024
tile_sweep_publication,image,1d,sparse,5,30,2,cpu_source,42529,42.529,cpu_us,,,,,,,1,1,1000000,1000000,4,1,410,2,block_random,1024
tile_sweep_publication,image,1d,sparse,5,30,2,gpu_source,3070,3.07,gpu_us,1,0,0,1,400132945,2,1,1,1000000,1000000,4,1,411,3,block_random,1024
tile_sweep_publication,image,1d,sparse,5,40,2,cpu_source,41265,41.265,cpu_us,,,,,,,1,1,1000000,1000000,4,1,412,0,block_random,1024
tile_sweep_publication,image,1d,sparse,5,40,2,gpu_source,3103,3.103,gpu_us,1,0,0,1,528437340,2,1,1,1000000,1000000,4,1,413,1,block_random,1024
tile_sweep_publication,image,1d,sparse,5,50,2,cpu_source,44196,44.196,cpu_us,,,,,,,1,1,1000000,1000000,4,1,414,2,block_random,1024
tile_sweep_publication,image,1d,sparse,5,50,2,gpu_source,2992,2.992,gpu_us,1,0,0,1,656741736,2,1,1,1000000,1000000,4,1,415,3,block_random,1024
tile_sweep_publication,image,1d,sparse,5,75,2,cpu_source,41531,41.531,cpu_us,,,,,,,1,1,1000000,1000000,4,1,416,0,block_random,1024
tile_sweep_publication,image,1d,sparse,5,75,2,gpu_source,3252,3.252,gpu_us,1,0,0,1,977502724,2,1,1,1000000,1000000,4,1,417,1,block_random,1024
tile_sweep_publication,image,1d,sparse,5,100,2,cpu_source,41561,41.561,cpu_us,,,,,,,1,1,1000000,1000000,4,1,418,2,block_random,1024
tile_sweep_publication,image,1d,sparse,5,100,2,gpu_source,2512,2.512,gpu_us,1,0,0,1,1298263712,2,1,1,1000000,1000000,4,1,419,3,block_random,1024
tile_sweep_publication,image,2d,dense,1,1,2,cpu_source,249499,249.499,cpu_us,,,,,,,2,2,1000,1000,4,1,420,0,block_random,1024
tile_sweep_publication,image,2d,dense,1,1,2,gpu_source,150216,150.216,gpu_us,32,104,1,32,21200001,2,2,2,1000,1000,4,1,421,1,block_random,1024
tile_sweep_publication,image,2d,dense,1,2,2,cpu_source,250218,250.218,cpu_us,,,,,,,2,2,1000,1000,4,1,422,2,block_random,1024
tile_sweep_publication,image,2d,dense,1,2,2,gpu_source,124398,124.398,gpu_us,16,39,1,16,40400002,2,2,2,1000,1000,4,1,423,3,block_random,1024
tile_sweep_publication,image,2d,dense,1,3,2,cpu_source,251678,251.678,cpu_us,,,,,,,2,2,1000,1000,4,1,424,0,block_random,1024
tile_sweep_publication,image,2d,dense,1,3,2,gpu_source,123930,123.93,gpu_us,8,14,1,8,59600003,2,2,2,1000,1000,4,1,425,1,block_random,1024
tile_sweep_publication,image,2d,dense,1,4,2,cpu_source,251174,251.174,cpu_us,,,,,,,2,2,1000,1000,4,1,426,2,block_random,1024
tile_sweep_publication,image,2d,dense,1,4,2,gpu_source,121737,121.737,gpu_us,8,14,1,8,78800005,2,2,2,1000,1000,4,1,427,3,block_random,1024
tile_sweep_publication,image,2d,dense,1,5,2,cpu_source,250692,250.692,cpu_us,,,,,,,2,2,1000,1000,4,1,428,0,block_random,1024
tile_sweep_publication,image,2d,dense,1,5,2,gpu_source,123790,123.79,gpu_us,8,14,1,8,98000006,2,2,2,1000,1000,4,1,429,1,block_random,1024
tile_sweep_publication,image,2d,dense,1,7,2,cpu_source,253173,253.173,cpu_us,,,,,,,2,2,1000,1000,4,1,430,2,block_random,1024
tile_sweep_publication,image,2d,dense,1,7,2,gpu_source,87764,87.764,gpu_us,4,5,1,4,136400008,2,2,2,1000,1000,4,1,431,3,block_random,1024
tile_sweep_publication,image,2d,dense,1,10,2,cpu_source,247246,247.246,cpu_us,,,,,,,2,2,1000,1000,4,1,432,0,block_random,1024
tile_sweep_publication,image,2d,dense,1,10,2,gpu_source,90236,90.236,gpu_us,4,5,1,4,194000012,2,2,2,1000,1000,4,1,433,1,block_random,1024
tile_sweep_publication,image,2d,dense,1,15,2,cpu_source,249006,249.006,cpu_us,,,,,,,2,2,1000,1000,4,1,434,2,block_random,1024
tile_sweep_publication,image,2d,dense,1,15,2,gpu_source,59600,59.6,gpu_us,2,2,1,2,290000019,2,2,2,1000,1000,4,1,435,3,block_random,1024
tile_sweep_publication,image,2d,dense,1,20,2,cpu_source,248821,248.821,cpu_us,,,,,,,2,2,1000,1000,4,1,436,0,block_random,1024
tile_sweep_publication,image,2d,dense,1,20,2,gpu_source,59923,59.923,gpu_us,2,2,1,2,386000025,2,2,2,1000,1000,4,1,437,1,block_random,1024
tile_sweep_publication,image,2d,dense,1,25,2,cpu_source,249932,249.932,cpu_us,,,,,,,2,2,1000,1000,4,1,438,2,block_random,1024
tile_sweep_publication,image,2d,dense,1,25,2,gpu_source,3309,3.309,gpu_us,1,0,0,1,482000032,2,2,2,1000,1000,4,1,439,3,block_random,1024
tile_sweep_publication,image,2d,dense,1,30,2,cpu_source,250522,250.522,cpu_us,,,,,,,2,2,1000,1000,4,1,440,0,block_random,1024
tile_sweep_publication,image,2d,dense,1,30,2,gpu_source,3121,3.121,gpu_us,1,0,0,1,578000038,2,2,2,1000,1000,4,1,441,1,block_random,1024
tile_sweep_publication,image,2d,dense,1,40,2,cpu_source,250326,250.326,cpu_us,,,,,,,2,2,1000,1000,4,1,442,2,block_random,1024
tile_sweep_publication,image,2d,dense,1,40,2,gpu_source,3315,3.315,gpu_us,1,0,0,1,770000051,2,2,2,1000,1000,4,1,443,3,block_random,1024
tile_sweep_publication,image,2d,dense,1,50,2,cpu_source,250025,250.025,cpu_us,,,,,,,2,2,1000,1000,4,1,444,0,block_random,1024
tile_sweep_publication,image,2d,dense,1,50,2,gpu_source,3103,3.103,gpu_us,1,0,0,1,962000064,2,2,2,1000,1000,4,1,445,1,block_random,1024
tile_sweep_publication,image,2d,dense,1,75,2,cpu_source,254695,254.695,cpu_us,,,,,,,2,2,1000,1000,4,1,446,2,block_random,1024
tile_sweep_publication,image,2d,dense,1,75,2,gpu_source,3255,3.255,gpu_us,1,0,0,1,1442000096,2,2,2,1000,1000,4,1,447,3,block_random,1024
tile_sweep_publication,image,2d,dense,1,100,2,cpu_source,260175,260.175,cpu_us,,,,,,,2,2,1000,1000,4,1,448,0,block_random,1024
tile_sweep_publication,image,2d,dense,1,100,2,gpu_source,3278,3.278,gpu_us,1,0,0,1,1922000128,2,2,2,1000,1000,4,1,449,1,block_random,1024
tile_sweep_publication,image,2d,sparse,5,1,2,cpu_source,20133737,20133.737,cpu_us,,,,,,,2,2,1000,1000,4,1,450,2,block_random,1024
tile_sweep_publication,image,2d,sparse,5,1,2,gpu_source,2028,2.028,gpu_us,1,0,0,1,38202417,2,2,2,1000,1000,4,1,451,3,block_random,1024
tile_sweep_publication,image,2d,sparse,5,2,2,cpu_source,20039389,20039.389,cpu_us,,,,,,,2,2,1000,1000,4,1,452,0,block_random,1024
tile_sweep_publication,image,2d,sparse,5,2,2,gpu_source,2120,2.12,gpu_us,1,0,0,1,57460707,2,2,2,1000,1000,4,1,453,1,block_random,1024
tile_sweep_publication,image,2d,sparse,5,3,2,cpu_source,20124956,20124.956,cpu_us,,,,,,,2,2,1000,1000,4,1,454,2,block_random,1024
tile_sweep_publication,image,2d,sparse,5,3,2,gpu_source,2150,2.15,gpu_us,1,0,0,1,76718996,2,2,2,1000,1000,4,1,455,3,block_random,1024
tile_sweep_publication,image,2d,sparse,5,4,2,cpu_source,19923937,19923.937,cpu_us,,,,,,,2,2,1000,1000,4,1,456,0,block_random,1024
tile_sweep_publication,image,2d,sparse,5,4,2,gpu_source,2065,2.065,gpu_us,1,0,0,1,95977286,2,2,2,1000,1000,4,1,457,1,block_random,1024
tile_sweep_publication,image,2d,sparse,5,5,2,cpu_source,20124003,20124.003,cpu_us,,,,,,,2,2,1000,1000,4,1,458,2,block_random,1024
tile_sweep_publication,image,2d,sparse,5,5,2,gpu_source,2521,2.521,gpu_us,1,0,0,1,115235576,2,2,2,1000,1000,4,1,459,3,block_random,1024
tile_sweep_publication,image,2d,sparse,5,7,2,cpu_source,19964082,19964.082,cpu_us,,,,,,,2,2,1000,1000,4,1,460,0,block_random,1024
tile_sweep_publication,image,2d,sparse,5,7,2,gpu_source,2004,2.004,gpu_us,1,0,0,1,153752155,2,2,2,1000,1000,4,1,461,1,block_random,1024
tile_sweep_publication,image,2d,sparse,5,10,2,cpu_source,20024544,20024.544,cpu_us,,,,,,,2,2,1000,1000,4,1,462,2,block_random,1024
tile_sweep_publication,image,2d,sparse,5,10,2,gpu_source,2034,2.034,gpu_us,1,0,0,1,211527024,2,2,2,1000,1000,4,1,463,3,block_random,1024
tile_sweep_publication,image,2d,sparse,5,15,2,cpu_source,19945541,19945.541,cpu_us,,,,,,,2,2,1000,1000,4,1,464,0,block_random,1024
tile_sweep_publication,image,2d,sparse,5,15,2,gpu_source,2031,2.031,gpu_us,1,0,0,1,307818472,2,2,2,1000,1000,4,1,465,1,block_random,1024
tile_sweep_publication,image,2d,sparse,5,20,2,cpu_source,20061077,20061.077,cpu_us,,,,,,,2,2,1000,1000,4,1,466,2,block_random,1024
tile_sweep_publication,image,2d,sparse,5,20,2,gpu_source,2093,2.093,gpu_us,1,0,0,1,404109920,2,2,2,1000,1000,4,1,467,3,block_random,1024
tile_sweep_publication,image,2d,sparse,5,25,2,cpu_source,19997413,19997.413,cpu_us,,,,,,,2,2,1000,1000,4,1,468,0,block_random,1024
tile_sweep_publication,image,2d,sparse,5,25,2,gpu_source,2174,2.174,gpu_us,1,0,0,1,500401368,2,2,2,1000,1000,4,1,469,1,block_random,1024
tile_sweep_publication,image,2d,sparse,5,30,2,cpu_source,20114203,20114.203,cpu_us,,,,,,,2,2,1000,1000,4,1,470,2,block_random,1024
tile_sweep_publication,image,2d,sparse,5,30,2,gpu_source,2116,2.116,gpu_us,1,0,0,1,596692816,2,2,2,1000,1000,4,1,471,3,block_random,1024
tile_sweep_publication,image,2d,sparse,5,40,2,cpu_source,20011412,20011.412,cpu_us,,,,,,,2,2,1000,1000,4,1,472,0,block_random,1024
tile_sweep_publication,image,2d,sparse,5,40,2,gpu_source,2166,2.166,gpu_us,1,0,0,1,789275712,2,2,2,1000,1000,4,1,473,1,block_random,1024
tile_sweep_publication,image,2d,sparse,5,50,2,cpu_source,20051032,20051.032,cpu_us,,,,,,,2,2,1000,1000,4,1,474,2,block_random,1024
tile_sweep_publication,image,2d,sparse,5,50,2,gpu_source,2101,2.101,gpu_us,1,0,0,1,981858608,2,2,2,1000,1000,4,1,475,3,block_random,1024
tile_sweep_publication,image,2d,sparse,5,75,2,cpu_source,19942018,19942.018,cpu_us,,,,,,,2,2,1000,1000,4,1,476,0,block_random,1024
tile_sweep_publication,image,2d,sparse,5,75,2,gpu_source,2063,2.063,gpu_us,1,0,0,1,1463315848,2,2,2,1000,1000,4,1,477,1,block_random,1024
tile_sweep_publication,image,2d,sparse,5,100,2,cpu_source,20122012,20122.012,cpu_us,,,,,,,2,2,1000,1000,4,1,478,2,block_random,1024
tile_sweep_publication,image,2d,sparse,5,100,2,gpu_source,2042,2.042,gpu_us,1,0,0,1,1944773088,2,2,2,1000,1000,4,1,479,3,block_random,1024
tile_sweep_publication,image,3d,dense,1,1,2,cpu_source,4611967,4611.967,cpu_us,,,,,,,3,3,100,100,4,1,480,0,block_random,1024
tile_sweep_publication,image,3d,dense,1,1,2,gpu_source,1030412,1030.412,gpu_us,32,104,1,32,27600001,2,3,3,100,100,4,1,481,1,block_random,1024
tile_sweep_publication,image,3d,dense,1,2,2,cpu_source,4632116,4632.116,cpu_us,,,,,,,3,3,100,100,4,1,482,2,block_random,1024
tile_sweep_publication,image,3d,dense,1,2,2,gpu_source,1484437,1484.437,gpu_us,16,39,1,16,53200003,2,3,3,100,100,4,1,483,3,block_random,1024
tile_sweep_publication,image,3d,dense,1,3,2,cpu_source,4567598,4567.598,cpu_us,,,,,,,3,3,100,100,4,1,484,0,block_random,1024
tile_sweep_publication,image,3d,dense,1,3,2,gpu_source,1400166,1400.166,gpu_us,8,14,1,8,78800005,2,3,3,100,100,4,1,485,1,block_random,1024
tile_sweep_publication,image,3d,dense,1,4,2,cpu_source,4652978,4652.978,cpu_us,,,,,,,3,3,100,100,4,1,486,2,block_random,1024
tile_sweep_publication,image,3d,dense,1,4,2,gpu_source,1401532,1401.532,gpu_us,8,14,1,8,104400007,2,3,3,100,100,4,1,487,3,block_random,1024
tile_sweep_publication,image,3d,dense,1,5,2,cpu_source,4565827,4565.827,cpu_us,,,,,,,3,3,100,100,4,1,488,0,block_random,1024
tile_sweep_publication,image,3d,dense,1,5,2,gpu_source,1410164,1410.164,gpu_us,8,14,1,8,130000009,2,3,3,100,100,4,1,489,1,block_random,1024
tile_sweep_publication,image,3d,dense,1,7,2,cpu_source,4642665,4642.665,cpu_us,,,,,,,3,3,100,100,4,1,490,2,block_random,1024
tile_sweep_publication,image,3d,dense,1,7,2,gpu_source,1889547,1889.547,gpu_us,4,5,1,4,181200013,2,3,3,100,100,4,1,491,3,block_random,1024
tile_sweep_publication,image,3d,dense,1,10,2,cpu_source,4562667,4562.667,cpu_us,,,,,,,3,3,100,100,4,1,492,0,block_random,1024
tile_sweep_publication,image,3d,dense,1,10,2,gpu_source,1915174,1915.174,gpu_us,4,5,1,4,258000019,2,3,3,100,100,4,1,493,1,block_random,1024
tile_sweep_publication,image,3d,dense,1,15,2,cpu_source,4641233,4641.233,cpu_us,,,,,,,3,3,100,100,4,1,494,2,block_random,1024
tile_sweep_publication,image,3d,dense,1,15,2,gpu_source,1549631,1549.631,gpu_us,2,2,1,2,386000028,2,3,3,100,100,4,1,495,3,block_random,1024
tile_sweep_publication,image,3d,dense,1,20,2,cpu_source,4586388,4586.388,cpu_us,,,,,,,3,3,100,100,4,1,496,0,block_random,1024
tile_sweep_publication,image,3d,dense,1,20,2,gpu_source,1561065,1561.065,gpu_us,2,2,1,2,514000038,2,3,3,100,100,4,1,497,1,block_random,1024
tile_sweep_publication,image,3d,dense,1,25,2,cpu_source,4586816,4586.816,cpu_us,,,,,,,3,3,100,100,4,1,498,2,block_random,1024
tile_sweep_publication,image,3d,dense,1,25,2,gpu_source,6531,6.531,gpu_us,1,0,0,1,642000048,2,3,3,100,100,4,1,499,3,block_random,1024
tile_sweep_publication,image,3d,dense,1,30,2,cpu_source,4659023,4659.023,cpu_us,,,,,,,3,3,100,100,4,1,500,0,block_random,1024
tile_sweep_publication,image,3d,dense,1,30,2,gpu_source,6607,6.607,gpu_us,1,0,0,1,770000057,2,3,3,100,100,4,1,501,1,block_random,1024
tile_sweep_publication,image,3d,dense,1,40,2,cpu_source,4623716,4623.716,cpu_us,,,,,,,3,3,100,100,4,1,502,2,block_random,1024
tile_sweep_publication,image,3d,dense,1,40,2,gpu_source,6535,6.535,gpu_us,1,0,0,1,1026000076,2,3,3,100,100,4,1,503,3,block_random,1024
tile_sweep_publication,image,3d,dense,1,50,2,cpu_source,4570097,4570.097,cpu_us,,,,,,,3,3,100,100,4,1,504,0,block_random,1024
tile_sweep_publication,image,3d,dense,1,50,2,gpu_source,6612,6.612,gpu_us,1,0,0,1,1282000096,2,3,3,100,100,4,1,505,1,block_random,1024
tile_sweep_publication,image,3d,dense,1,75,2,cpu_source,4627465,4627.465,cpu_us,,,,,,,3,3,100,100,4,1,506,2,block_random,1024
tile_sweep_publication,image,3d,dense,1,75,2,gpu_source,6676,6.676,gpu_us,1,0,0,1,1922000144,2,3,3,100,100,4,1,507,3,block_random,1024
tile_sweep_publication,image,3d,dense,1,100,2,cpu_source,4581990,4581.99,cpu_us,,,,,,,3,3,100,100,4,1,508,0,block_random,1024
tile_sweep_publication,image,3d,dense,1,100,2,gpu_source,6583,6.583,gpu_us,1,0,0,1,2562000192,2,3,3,100,100,4,1,509,1,block_random,1024
tile_sweep_publication,image,3d,sparse,5,1,2,cpu_source,37567691,37567.691,cpu_us,,,,,,,3,3,100,100,4,1,510,2,block_random,1024
tile_sweep_publication,image,3d,sparse,5,1,2,gpu_source,3892,3.892,gpu_us,1,0,0,1,48138234,2,3,3,100,100,4,1,511,3,block_random,1024
tile_sweep_publication,image,3d,sparse,5,2,2,cpu_source,37202491,37202.491,cpu_us,,,,,,,3,3,100,100,4,1,512,0,block_random,1024
tile_sweep_publication,image,3d,sparse,5,2,2,gpu_source,3703,3.703,gpu_us,1,0,0,1,73822437,2,3,3,100,100,4,1,513,1,block_random,1024
tile_sweep_publication,image,3d,sparse,5,3,2,cpu_source,37477888,37477.888,cpu_us,,,,,,,3,3,100,100,4,1,514,2,block_random,1024
tile_sweep_publication,image,3d,sparse,5,3,2,gpu_source,3823,3.823,gpu_us,1,0,0,1,99506639,2,3,3,100,100,4,1,515,3,block_random,1024
tile_sweep_publication,image,3d,sparse,5,4,2,cpu_source,37289346,37289.346,cpu_us,,,,,,,3,3,100,100,4,1,516,0,block_random,1024
tile_sweep_publication,image,3d,sparse,5,4,2,gpu_source,3739,3.739,gpu_us,1,0,0,1,125190842,2,3,3,100,100,4,1,517,1,block_random,1024
tile_sweep_publication,image,3d,sparse,5,5,2,cpu_source,37604149,37604.149,cpu_us,,,,,,,3,3,100,100,4,1,518,2,block_random,1024
tile_sweep_publication,image,3d,sparse,5,5,2,gpu_source,3806,3.806,gpu_us,1,0,0,1,150875044,2,3,3,100,100,4,1,519,3,block_random,1024
tile_sweep_publication,image,3d,sparse,5,7,2,cpu_source,37153515,37153.515,cpu_us,,,,,,,3,3,100,100,4,1,520,0,block_random,1024
tile_sweep_publication,image,3d,sparse,5,7,2,gpu_source,3480,3.48,gpu_us,1,0,0,1,202243449,2,3,3,100,100,4,1,521,1,block_random,1024
tile_sweep_publication,image,3d,sparse,5,10,2,cpu_source,37549084,37549.084,cpu_us,,,,,,,3,3,100,100,4,1,522,2,block_random,1024
tile_sweep_publication,image,3d,sparse,5,10,2,gpu_source,3691,3.691,gpu_us,1,0,0,1,279296057,2,3,3,100,100,4,1,523,3,block_random,1024
tile_sweep_publication,image,3d,sparse,5,15,2,cpu_source,37230566,37230.566,cpu_us,,,,,,,3,3,100,100,4,1,524,0,block_random,1024
tile_sweep_publication,image,3d,sparse,5,15,2,gpu_source,3540,3.54,gpu_us,1,0,0,1,407717070,2,3,3,100,100,4,1,525,1,block_random,1024
tile_sweep_publication,image,3d,sparse,5,20,2,cpu_source,37406677,37406.677,cpu_us,,,,,,,3,3,100,100,4,1,526,2,block_random,1024
tile_sweep_publication,image,3d,sparse,5,20,2,gpu_source,3898,3.898,gpu_us,1,0,0,1,536138083,2,3,3,100,100,4,1,527,3,block_random,1024
tile_sweep_publication,image,3d,sparse,5,25,2,cpu_source,37181668,37181.668,cpu_us,,,,,,,3,3,100,100,4,1,528,0,block_random,1024
tile_sweep_publication,image,3d,sparse,5,25,2,gpu_source,3614,3.614,gpu_us,1,0,0,1,664559096,2,3,3,100,100,4,1,529,1,block_random,1024
tile_sweep_publication,image,3d,sparse,5,30,2,cpu_source,37200539,37200.539,cpu_us,,,,,,,3,3,100,100,4,1,530,2,block_random,1024
tile_sweep_publication,image,3d,sparse,5,30,2,gpu_source,3165,3.165,gpu_us,1,0,0,1,792980108,2,3,3,100,100,4,1,531,3,block_random,1024
tile_sweep_publication,image,3d,sparse,5,40,2,cpu_source,37118566,37118.566,cpu_us,,,,,,,3,3,100,100,4,1,532,0,block_random,1024
tile_sweep_publication,image,3d,sparse,5,40,2,gpu_source,3653,3.653,gpu_us,1,0,0,1,1049822134,2,3,3,100,100,4,1,533,1,block_random,1024
tile_sweep_publication,image,3d,sparse,5,50,2,cpu_source,37444162,37444.162,cpu_us,,,,,,,3,3,100,100,4,1,534,2,block_random,1024
tile_sweep_publication,image,3d,sparse,5,50,2,gpu_source,3882,3.882,gpu_us,1,0,0,1,1306664160,2,3,3,100,100,4,1,535,3,block_random,1024
tile_sweep_publication,image,3d,sparse,5,75,2,cpu_source,37263196,37263.196,cpu_us,,,,,,,3,3,100,100,4,1,536,0,block_random,1024
tile_sweep_publication,image,3d,sparse,5,75,2,gpu_source,3223,3.223,gpu_us,1,0,0,1,1948769224,2,3,3,100,100,4,1,537,1,block_random,1024
tile_sweep_publication,image,3d,sparse,5,100,2,cpu_source,37463465,37463.465,cpu_us,,,,,,,3,3,100,100,4,1,538,2,block_random,1024
tile_sweep_publication,image,3d,sparse,5,100,2,gpu_source,3661,3.661,gpu_us,1,0,0,1,2590874288,2,3,3,100,100,4,1,539,3,block_random,1024
tile_sweep_publication,preimage,1d,dense,1,1,2,cpu_source,11987,11.987,cpu_us,,,,,,,1,1,1000000,1000000,4,1,540,0,block_random,1024
tile_sweep_publication,preimage,1d,dense,1,1,2,gpu_source,22386,22.386,gpu_us,16,39,1,16,8400000,2,1,1,1000000,1000000,4,1,541,1,block_random,1024
tile_sweep_publication,preimage,1d,dense,1,2,2,cpu_source,12091,12.091,cpu_us,,,,,,,1,1,1000000,1000000,4,1,542,2,block_random,1024
tile_sweep_publication,preimage,1d,dense,1,2,2,gpu_source,9419,9.419,gpu_us,8,14,1,8,14800000,2,1,1,1000000,1000000,4,1,543,3,block_random,1024
tile_sweep_publication,preimage,1d,dense,1,3,2,cpu_source,11876,11.876,cpu_us,,,,,,,1,1,1000000,1000000,4,1,544,0,block_random,1024
tile_sweep_publication,preimage,1d,dense,1,3,2,gpu_source,10923,10.923,gpu_us,8,14,1,8,21200000,2,1,1,1000000,1000000,4,1,545,1,block_random,1024
tile_sweep_publication,preimage,1d,dense,1,4,2,cpu_source,12086,12.086,cpu_us,,,,,,,1,1,1000000,1000000,4,1,546,2,block_random,1024
tile_sweep_publication,preimage,1d,dense,1,4,2,gpu_source,5286,5.286,gpu_us,4,5,1,4,27600000,2,1,1,1000000,1000000,4,1,547,3,block_random,1024
tile_sweep_publication,preimage,1d,dense,1,5,2,cpu_source,11734,11.734,cpu_us,,,,,,,1,1,1000000,1000000,4,1,548,0,block_random,1024
tile_sweep_publication,preimage,1d,dense,1,5,2,gpu_source,5256,5.256,gpu_us,4,5,1,4,34000000,2,1,1,1000000,1000000,4,1,549,1,block_random,1024
tile_sweep_publication,preimage,1d,dense,1,7,2,cpu_source,12779,12.779,cpu_us,,,,,,,1,1,1000000,1000000,4,1,550,2,block_random,1024
tile_sweep_publication,preimage,1d,dense,1,7,2,gpu_source,2796,2.796,gpu_us,2,2,1,2,46800000,2,1,1,1000000,1000000,4,1,551,3,block_random,1024
tile_sweep_publication,preimage,1d,dense,1,10,2,cpu_source,12053,12.053,cpu_us,,,,,,,1,1,1000000,1000000,4,1,552,0,block_random,1024
tile_sweep_publication,preimage,1d,dense,1,10,2,gpu_source,2847,2.847,gpu_us,2,2,1,2,66000000,2,1,1,1000000,1000000,4,1,553,1,block_random,1024
tile_sweep_publication,preimage,1d,dense,1,15,2,cpu_source,15327,15.327,cpu_us,,,,,,,1,1,1000000,1000000,4,1,554,2,block_random,1024
tile_sweep_publication,preimage,1d,dense,1,15,2,gpu_source,1337,1.337,gpu_us,1,0,0,1,98000000,2,1,1,1000000,1000000,4,1,555,3,block_random,1024
tile_sweep_publication,preimage,1d,dense,1,20,2,cpu_source,11809,11.809,cpu_us,,,,,,,1,1,1000000,1000000,4,1,556,0,block_random,1024
tile_sweep_publication,preimage,1d,dense,1,20,2,gpu_source,1210,1.21,gpu_us,1,0,0,1,130000000,2,1,1,1000000,1000000,4,1,557,1,block_random,1024
tile_sweep_publication,preimage,1d,dense,1,25,2,cpu_source,12175,12.175,cpu_us,,,,,,,1,1,1000000,1000000,4,1,558,2,block_random,1024
tile_sweep_publication,preimage,1d,dense,1,25,2,gpu_source,1345,1.345,gpu_us,1,0,0,1,162000000,2,1,1,1000000,1000000,4,1,559,3,block_random,1024
tile_sweep_publication,preimage,1d,dense,1,30,2,cpu_source,12349,12.349,cpu_us,,,,,,,1,1,1000000,1000000,4,1,560,0,block_random,1024
tile_sweep_publication,preimage,1d,dense,1,30,2,gpu_source,1301,1.301,gpu_us,1,0,0,1,194000000,2,1,1,1000000,1000000,4,1,561,1,block_random,1024
tile_sweep_publication,preimage,1d,dense,1,40,2,cpu_source,12067,12.067,cpu_us,,,,,,,1,1,1000000,1000000,4,1,562,2,block_random,1024
tile_sweep_publication,preimage,1d,dense,1,40,2,gpu_source,1178,1.178,gpu_us,1,0,0,1,258000000,2,1,1,1000000,1000000,4,1,563,3,block_random,1024
tile_sweep_publication,preimage,1d,dense,1,50,2,cpu_source,12485,12.485,cpu_us,,,,,,,1,1,1000000,1000000,4,1,564,0,block_random,1024
tile_sweep_publication,preimage,1d,dense,1,50,2,gpu_source,1270,1.27,gpu_us,1,0,0,1,322000000,2,1,1,1000000,1000000,4,1,565,1,block_random,1024
tile_sweep_publication,preimage,1d,dense,1,75,2,cpu_source,11795,11.795,cpu_us,,,,,,,1,1,1000000,1000000,4,1,566,2,block_random,1024
tile_sweep_publication,preimage,1d,dense,1,75,2,gpu_source,1235,1.235,gpu_us,1,0,0,1,482000000,2,1,1,1000000,1000000,4,1,567,3,block_random,1024
tile_sweep_publication,preimage,1d,dense,1,100,2,cpu_source,12152,12.152,cpu_us,,,,,,,1,1,1000000,1000000,4,1,568,0,block_random,1024
tile_sweep_publication,preimage,1d,dense,1,100,2,gpu_source,1291,1.291,gpu_us,1,0,0,1,642000000,2,1,1,1000000,1000000,4,1,569,1,block_random,1024
tile_sweep_publication,preimage,1d,sparse,5,1,2,cpu_source,136503,136.503,cpu_us,,,,,,,1,1,1000000,1000000,4,1,570,2,block_random,1024
tile_sweep_publication,preimage,1d,sparse,5,1,2,gpu_source,34481,34.481,gpu_us,1,1,1,1,21619760,2,1,1,1000000,1000000,4,1,571,3,block_random,1024
tile_sweep_publication,preimage,1d,sparse,5,2,2,cpu_source,137364,137.364,cpu_us,,,,,,,1,1,1000000,1000000,4,1,572,0,block_random,1024
tile_sweep_publication,preimage,1d,sparse,5,2,2,gpu_source,3324,3.324,gpu_us,1,0,0,1,28019760,2,1,1,1000000,1000000,4,1,573,1,block_random,1024
tile_sweep_publication,preimage,1d,sparse,5,3,2,cpu_source,137312,137.312,cpu_us,,,,,,,1,1,1000000,1000000,4,1,574,2,block_random,1024
tile_sweep_publication,preimage,1d,sparse,5,3,2,gpu_source,3376,3.376,gpu_us,1,0,0,1,34419760,2,1,1,1000000,1000000,4,1,575,3,block_random,1024
tile_sweep_publication,preimage,1d,sparse,5,4,2,cpu_source,137061,137.061,cpu_us,,,,,,,1,1,1000000,1000000,4,1,576,0,block_random,1024
tile_sweep_publication,preimage,1d,sparse,5,4,2,gpu_source,3457,3.457,gpu_us,1,0,0,1,40819760,2,1,1,1000000,1000000,4,1,577,1,block_random,1024
tile_sweep_publication,preimage,1d,sparse,5,5,2,cpu_source,137381,137.381,cpu_us,,,,,,,1,1,1000000,1000000,4,1,578,2,block_random,1024
tile_sweep_publication,preimage,1d,sparse,5,5,2,gpu_source,3435,3.435,gpu_us,1,0,0,1,47219760,2,1,1,1000000,1000000,4,1,579,3,block_random,1024
tile_sweep_publication,preimage,1d,sparse,5,7,2,cpu_source,136477,136.477,cpu_us,,,,,,,1,1,1000000,1000000,4,1,580,0,block_random,1024
tile_sweep_publication,preimage,1d,sparse,5,7,2,gpu_source,3332,3.332,gpu_us,1,0,0,1,60019760,2,1,1,1000000,1000000,4,1,581,1,block_random,1024
tile_sweep_publication,preimage,1d,sparse,5,10,2,cpu_source,137433,137.433,cpu_us,,,,,,,1,1,1000000,1000000,4,1,582,2,block_random,1024
tile_sweep_publication,preimage,1d,sparse,5,10,2,gpu_source,3404,3.404,gpu_us,1,0,0,1,79219760,2,1,1,1000000,1000000,4,1,583,3,block_random,1024
tile_sweep_publication,preimage,1d,sparse,5,15,2,cpu_source,136251,136.251,cpu_us,,,,,,,1,1,1000000,1000000,4,1,584,0,block_random,1024
tile_sweep_publication,preimage,1d,sparse,5,15,2,gpu_source,3371,3.371,gpu_us,1,0,0,1,111219760,2,1,1,1000000,1000000,4,1,585,1,block_random,1024
tile_sweep_publication,preimage,1d,sparse,5,20,2,cpu_source,137792,137.792,cpu_us,,,,,,,1,1,1000000,1000000,4,1,586,2,block_random,1024
tile_sweep_publication,preimage,1d,sparse,5,20,2,gpu_source,3271,3.271,gpu_us,1,0,0,1,143219760,2,1,1,1000000,1000000,4,1,587,3,block_random,1024
tile_sweep_publication,preimage,1d,sparse,5,25,2,cpu_source,138095,138.095,cpu_us,,,,,,,1,1,1000000,1000000,4,1,588,0,block_random,1024
tile_sweep_publication,preimage,1d,sparse,5,25,2,gpu_source,3376,3.376,gpu_us,1,0,0,1,175219760,2,1,1,1000000,1000000,4,1,589,1,block_random,1024
tile_sweep_publication,preimage,1d,sparse,5,30,2,cpu_source,137737,137.737,cpu_us,,,,,,,1,1,1000000,1000000,4,1,590,2,block_random,1024
tile_sweep_publication,preimage,1d,sparse,5,30,2,gpu_source,3388,3.388,gpu_us,1,0,0,1,207219760,2,1,1,1000000,1000000,4,1,591,3,block_random,1024
tile_sweep_publication,preimage,1d,sparse,5,40,2,cpu_source,137137,137.137,cpu_us,,,,,,,1,1,1000000,1000000,4,1,592,0,block_random,1024
tile_sweep_publication,preimage,1d,sparse,5,40,2,gpu_source,3643,3.643,gpu_us,1,0,0,1,271219760,2,1,1,1000000,1000000,4,1,593,1,block_random,1024
tile_sweep_publication,preimage,1d,sparse,5,50,2,cpu_source,138569,138.569,cpu_us,,,,,,,1,1,1000000,1000000,4,1,594,2,block_random,1024
tile_sweep_publication,preimage,1d,sparse,5,50,2,gpu_source,3295,3.295,gpu_us,1,0,0,1,335219760,2,1,1,1000000,1000000,4,1,595,3,block_random,1024
tile_sweep_publication,preimage,1d,sparse,5,75,2,cpu_source,137410,137.41,cpu_us,,,,,,,1,1,1000000,1000000,4,1,596,0,block_random,1024
tile_sweep_publication,preimage,1d,sparse,5,75,2,gpu_source,3347,3.347,gpu_us,1,0,0,1,495219760,2,1,1,1000000,1000000,4,1,597,1,block_random,1024
tile_sweep_publication,preimage,1d,sparse,5,100,2,cpu_source,137807,137.807,cpu_us,,,,,,,1,1,1000000,1000000,4,1,598,2,block_random,1024
tile_sweep_publication,preimage,1d,sparse,5,100,2,gpu_source,3415,3.415,gpu_us,1,0,0,1,655219760,2,1,1,1000000,1000000,4,1,599,3,block_random,1024
tile_sweep_publication,preimage,2d,dense,1,1,2,cpu_source,91740,91.74,cpu_us,,,,,,,2,2,1000,1000,4,1,600,0,block_random,1024
tile_sweep_publication,preimage,2d,dense,1,1,2,gpu_source,20681,20.681,gpu_us,8,14,1,8,14800000,2,2,2,1000,1000,4,1,601,1,block_random,1024
tile_sweep_publication,preimage,2d,dense,1,2,2,cpu_source,91052,91.052,cpu_us,,,,,,,2,2,1000,1000,4,1,602,2,block_random,1024
tile_sweep_publication,preimage,2d,dense,1,2,2,gpu_source,12906,12.906,gpu_us,4,5,1,4,27600000,2,2,2,1000,1000,4,1,603,3,block_random,1024
tile_sweep_publication,preimage,2d,dense,1,3,2,cpu_source,91838,91.838,cpu_us,,,,,,,2,2,1000,1000,4,1,604,0,block_random,1024
tile_sweep_publication,preimage,2d,dense,1,3,2,gpu_source,11913,11.913,gpu_us,4,5,1,4,40400000,2,2,2,1000,1000,4,1,605,1,block_random,1024
tile_sweep_publication,preimage,2d,dense,1,4,2,cpu_source,91856,91.856,cpu_us,,,,,,,2,2,1000,1000,4,1,606,2,block_random,1024
tile_sweep_publication,preimage,2d,dense,1,4,2,gpu_source,7372,7.372,gpu_us,2,2,1,2,53200000,2,2,2,1000,1000,4,1,607,3,block_random,1024
tile_sweep_publication,preimage,2d,dense,1,5,2,cpu_source,92461,92.461,cpu_us,,,,,,,2,2,1000,1000,4,1,608,0,block_random,1024
tile_sweep_publication,preimage,2d,dense,1,5,2,gpu_source,6869,6.869,gpu_us,2,2,1,2,66000000,2,2,2,1000,1000,4,1,609,1,block_random,1024
tile_sweep_publication,preimage,2d,dense,1,7,2,cpu_source,91423,91.423,cpu_us,,,,,,,2,2,1000,1000,4,1,610,2,block_random,1024
tile_sweep_publication,preimage,2d,dense,1,7,2,gpu_source,7341,7.341,gpu_us,2,2,1,2,91600000,2,2,2,1000,1000,4,1,611,3,block_random,1024
tile_sweep_publication,preimage,2d,dense,1,10,2,cpu_source,92043,92.043,cpu_us,,,,,,,2,2,1000,1000,4,1,612,0,block_random,1024
tile_sweep_publication,preimage,2d,dense,1,10,2,gpu_source,2102,2.102,gpu_us,1,0,0,1,130000000,2,2,2,1000,1000,4,1,613,1,block_random,1024
tile_sweep_publication,preimage,2d,dense,1,15,2,cpu_source,91775,91.775,cpu_us,,,,,,,2,2,1000,1000,4,1,614,2,block_random,1024
tile_sweep_publication,preimage,2d,dense,1,15,2,gpu_source,2162,2.162,gpu_us,1,0,0,1,194000000,2,2,2,1000,1000,4,1,615,3,block_random,1024
tile_sweep_publication,preimage,2d,dense,1,20,2,cpu_source,91850,91.85,cpu_us,,,,,,,2,2,1000,1000,4,1,616,0,block_random,1024
tile_sweep_publication,preimage,2d,dense,1,20,2,gpu_source,2077,2.077,gpu_us,1,0,0,1,258000000,2,2,2,1000,1000,4,1,617,1,block_random,1024
tile_sweep_publication,preimage,2d,dense,1,25,2,cpu_source,92099,92.099,cpu_us,,,,,,,2,2,1000,1000,4,1,618,2,block_random,1024
tile_sweep_publication,preimage,2d,dense,1,25,2,gpu_source,2130,2.13,gpu_us,1,0,0,1,322000000,2,2,2,1000,1000,4,1,619,3,block_random,1024
tile_sweep_publication,preimage,2d,dense,1,30,2,cpu_source,91345,91.345,cpu_us,,,,,,,2,2,1000,1000,4,1,620,0,block_random,1024
tile_sweep_publication,preimage,2d,dense,1,30,2,gpu_source,2169,2.169,gpu_us,1,0,0,1,386000000,2,2,2,1000,1000,4,1,621,1,block_random,1024
tile_sweep_publication,preimage,2d,dense,1,40,2,cpu_source,92774,92.774,cpu_us,,,,,,,2,2,1000,1000,4,1,622,2,block_random,1024
tile_sweep_publication,preimage,2d,dense,1,40,2,gpu_source,2108,2.108,gpu_us,1,0,0,1,514000000,2,2,2,1000,1000,4,1,623,3,block_random,1024
tile_sweep_publication,preimage,2d,dense,1,50,2,cpu_source,91333,91.333,cpu_us,,,,,,,2,2,1000,1000,4,1,624,0,block_random,1024
tile_sweep_publication,preimage,2d,dense,1,50,2,gpu_source,2092,2.092,gpu_us,1,0,0,1,642000000,2,2,2,1000,1000,4,1,625,1,block_random,1024
tile_sweep_publication,preimage,2d,dense,1,75,2,cpu_source,93165,93.165,cpu_us,,,,,,,2,2,1000,1000,4,1,626,2,block_random,1024
tile_sweep_publication,preimage,2d,dense,1,75,2,gpu_source,2251,2.251,gpu_us,1,0,0,1,962000000,2,2,2,1000,1000,4,1,627,3,block_random,1024
tile_sweep_publication,preimage,2d,dense,1,100,2,cpu_source,90875,90.875,cpu_us,,,,,,,2,2,1000,1000,4,1,628,0,block_random,1024
tile_sweep_publication,preimage,2d,dense,1,100,2,gpu_source,2216,2.216,gpu_us,1,0,0,1,1282000000,2,2,2,1000,1000,4,1,629,1,block_random,1024
tile_sweep_publication,preimage,2d,sparse,5,1,2,cpu_source,666793,666.793,cpu_us,,,,,,,2,2,1000,1000,4,1,630,2,block_random,1024
tile_sweep_publication,preimage,2d,sparse,5,1,2,gpu_source,4187,4.187,gpu_us,1,0,0,1,31744128,2,2,2,1000,1000,4,1,631,3,block_random,1024
tile_sweep_publication,preimage,2d,sparse,5,2,2,cpu_source,659422,659.422,cpu_us,,,,,,,2,2,1000,1000,4,1,632,0,block_random,1024
tile_sweep_publication,preimage,2d,sparse,5,2,2,gpu_source,3376,3.376,gpu_us,1,0,0,1,44544128,2,2,2,1000,1000,4,1,633,1,block_random,1024
tile_sweep_publication,preimage,2d,sparse,5,3,2,cpu_source,656375,656.375,cpu_us,,,,,,,2,2,1000,1000,4,1,634,2,block_random,1024
tile_sweep_publication,preimage,2d,sparse,5,3,2,gpu_source,3838,3.838,gpu_us,1,0,0,1,57344128,2,2,2,1000,1000,4,1,635,3,block_random,1024
tile_sweep_publication,preimage,2d,sparse,5,4,2,cpu_source,661270,661.27,cpu_us,,,,,,,2,2,1000,1000,4,1,636,0,block_random,1024
tile_sweep_publication,preimage,2d,sparse,5,4,2,gpu_source,3536,3.536,gpu_us,1,0,0,1,70144128,2,2,2,1000,1000,4,1,637,1,block_random,1024
tile_sweep_publication,preimage,2d,sparse,5,5,2,cpu_source,673896,673.896,cpu_us,,,,,,,2,2,1000,1000,4,1,638,2,block_random,1024
tile_sweep_publication,preimage,2d,sparse,5,5,2,gpu_source,3771,3.771,gpu_us,1,0,0,1,82944128,2,2,2,1000,1000,4,1,639,3,block_random,1024
tile_sweep_publication,preimage,2d,sparse,5,7,2,cpu_source,664058,664.058,cpu_us,,,,,,,2,2,1000,1000,4,1,640,0,block_random,1024
tile_sweep_publication,preimage,2d,sparse,5,7,2,gpu_source,3553,3.553,gpu_us,1,0,0,1,108544128,2,2,2,1000,1000,4,1,641,1,block_random,1024
tile_sweep_publication,preimage,2d,sparse,5,10,2,cpu_source,675394,675.394,cpu_us,,,,,,,2,2,1000,1000,4,1,642,2,block_random,1024
tile_sweep_publication,preimage,2d,sparse,5,10,2,gpu_source,3874,3.874,gpu_us,1,0,0,1,146944128,2,2,2,1000,1000,4,1,643,3,block_random,1024
tile_sweep_publication,preimage,2d,sparse,5,15,2,cpu_source,665848,665.848,cpu_us,,,,,,,2,2,1000,1000,4,1,644,0,block_random,1024
tile_sweep_publication,preimage,2d,sparse,5,15,2,gpu_source,3609,3.609,gpu_us,1,0,0,1,210944128,2,2,2,1000,1000,4,1,645,1,block_random,1024
tile_sweep_publication,preimage,2d,sparse,5,20,2,cpu_source,663349,663.349,cpu_us,,,,,,,2,2,1000,1000,4,1,646,2,block_random,1024
tile_sweep_publication,preimage,2d,sparse,5,20,2,gpu_source,3727,3.727,gpu_us,1,0,0,1,274944128,2,2,2,1000,1000,4,1,647,3,block_random,1024
tile_sweep_publication,preimage,2d,sparse,5,25,2,cpu_source,656989,656.989,cpu_us,,,,,,,2,2,1000,1000,4,1,648,0,block_random,1024
tile_sweep_publication,preimage,2d,sparse,5,25,2,gpu_source,3592,3.592,gpu_us,1,0,0,1,338944128,2,2,2,1000,1000,4,1,649,1,block_random,1024
tile_sweep_publication,preimage,2d,sparse,5,30,2,cpu_source,667815,667.815,cpu_us,,,,,,,2,2,1000,1000,4,1,650,2,block_random,1024
tile_sweep_publication,preimage,2d,sparse,5,30,2,gpu_source,3957,3.957,gpu_us,1,0,0,1,402944128,2,2,2,1000,1000,4,1,651,3,block_random,1024
tile_sweep_publication,preimage,2d,sparse,5,40,2,cpu_source,658192,658.192,cpu_us,,,,,,,2,2,1000,1000,4,1,652,0,block_random,1024
tile_sweep_publication,preimage,2d,sparse,5,40,2,gpu_source,3482,3.482,gpu_us,1,0,0,1,530944128,2,2,2,1000,1000,4,1,653,1,block_random,1024
tile_sweep_publication,preimage,2d,sparse,5,50,2,cpu_source,661517,661.517,cpu_us,,,,,,,2,2,1000,1000,4,1,654,2,block_random,1024
tile_sweep_publication,preimage,2d,sparse,5,50,2,gpu_source,4154,4.154,gpu_us,1,0,0,1,658944128,2,2,2,1000,1000,4,1,655,3,block_random,1024
tile_sweep_publication,preimage,2d,sparse,5,75,2,cpu_source,648840,648.84,cpu_us,,,,,,,2,2,1000,1000,4,1,656,0,block_random,1024
tile_sweep_publication,preimage,2d,sparse,5,75,2,gpu_source,3403,3.403,gpu_us,1,0,0,1,978944128,2,2,2,1000,1000,4,1,657,1,block_random,1024
tile_sweep_publication,preimage,2d,sparse,5,100,2,cpu_source,658521,658.521,cpu_us,,,,,,,2,2,1000,1000,4,1,658,2,block_random,1024
tile_sweep_publication,preimage,2d,sparse,5,100,2,gpu_source,3784,3.784,gpu_us,1,0,0,1,1298944128,2,2,2,1000,1000,4,1,659,3,block_random,1024
tile_sweep_publication,preimage,3d,dense,1,1,2,cpu_source,147287,147.287,cpu_us,,,,,,,3,3,100,100,4,1,660,0,block_random,1024
tile_sweep_publication,preimage,3d,dense,1,1,2,gpu_source,41380,41.38,gpu_us,8,14,1,8,21200000,2,3,3,100,100,4,1,661,1,block_random,1024
tile_sweep_publication,preimage,3d,dense,1,2,2,cpu_source,148083,148.083,cpu_us,,,,,,,3,3,100,100,4,1,662,2,block_random,1024
tile_sweep_publication,preimage,3d,dense,1,2,2,gpu_source,23140,23.14,gpu_us,4,5,1,4,40400000,2,3,3,100,100,4,1,663,3,block_random,1024
tile_sweep_publication,preimage,3d,dense,1,3,2,cpu_source,148292,148.292,cpu_us,,,,,,,3,3,100,100,4,1,664,0,block_random,1024
tile_sweep_publication,preimage,3d,dense,1,3,2,gpu_source,26880,26.88,gpu_us,4,5,1,4,59600000,2,3,3,100,100,4,1,665,1,block_random,1024
tile_sweep_publication,preimage,3d,dense,1,4,2,cpu_source,149096,149.096,cpu_us,,,,,,,3,3,100,100,4,1,666,2,block_random,1024
tile_sweep_publication,preimage,3d,dense,1,4,2,gpu_source,15562,15.562,gpu_us,2,2,1,2,78800000,2,3,3,100,100,4,1,667,3,block_random,1024
tile_sweep_publication,preimage,3d,dense,1,5,2,cpu_source,147543,147.543,cpu_us,,,,,,,3,3,100,100,4,1,668,0,block_random,1024
tile_sweep_publication,preimage,3d,dense,1,5,2,gpu_source,16746,16.746,gpu_us,2,2,1,2,98000000,2,3,3,100,100,4,1,669,1,block_random,1024
tile_sweep_publication,preimage,3d,dense,1,7,2,cpu_source,149301,149.301,cpu_us,,,,,,,3,3,100,100,4,1,670,2,block_random,1024
tile_sweep_publication,preimage,3d,dense,1,7,2,gpu_source,15561,15.561,gpu_us,2,2,1,2,136400000,2,3,3,100,100,4,1,671,3,block_random,1024
tile_sweep_publication,preimage,3d,dense,1,10,2,cpu_source,152995,152.995,cpu_us,,,,,,,3,3,100,100,4,1,672,0,block_random,1024
tile_sweep_publication,preimage,3d,dense,1,10,2,gpu_source,3983,3.983,gpu_us,1,0,0,1,194000000,2,3,3,100,100,4,1,673,1,block_random,1024
tile_sweep_publication,preimage,3d,dense,1,15,2,cpu_source,147597,147.597,cpu_us,,,,,,,3,3,100,100,4,1,674,2,block_random,1024
tile_sweep_publication,preimage,3d,dense,1,15,2,gpu_source,3644,3.644,gpu_us,1,0,0,1,290000000,2,3,3,100,100,4,1,675,3,block_random,1024
tile_sweep_publication,preimage,3d,dense,1,20,2,cpu_source,148530,148.53,cpu_us,,,,,,,3,3,100,100,4,1,676,0,block_random,1024
tile_sweep_publication,preimage,3d,dense,1,20,2,gpu_source,4055,4.055,gpu_us,1,0,0,1,386000000,2,3,3,100,100,4,1,677,1,block_random,1024
tile_sweep_publication,preimage,3d,dense,1,25,2,cpu_source,148170,148.17,cpu_us,,,,,,,3,3,100,100,4,1,678,2,block_random,1024
tile_sweep_publication,preimage,3d,dense,1,25,2,gpu_source,3678,3.678,gpu_us,1,0,0,1,482000000,2,3,3,100,100,4,1,679,3,block_random,1024
tile_sweep_publication,preimage,3d,dense,1,30,2,cpu_source,148092,148.092,cpu_us,,,,,,,3,3,100,100,4,1,680,0,block_random,1024
tile_sweep_publication,preimage,3d,dense,1,30,2,gpu_source,4071,4.071,gpu_us,1,0,0,1,578000000,2,3,3,100,100,4,1,681,1,block_random,1024
tile_sweep_publication,preimage,3d,dense,1,40,2,cpu_source,150108,150.108,cpu_us,,,,,,,3,3,100,100,4,1,682,2,block_random,1024
tile_sweep_publication,preimage,3d,dense,1,40,2,gpu_source,3961,3.961,gpu_us,1,0,0,1,770000000,2,3,3,100,100,4,1,683,3,block_random,1024
tile_sweep_publication,preimage,3d,dense,1,50,2,cpu_source,147040,147.04,cpu_us,,,,,,,3,3,100,100,4,1,684,0,block_random,1024
tile_sweep_publication,preimage,3d,dense,1,50,2,gpu_source,4119,4.119,gpu_us,1,0,0,1,962000000,2,3,3,100,100,4,1,685,1,block_random,1024
tile_sweep_publication,preimage,3d,dense,1,75,2,cpu_source,150359,150.359,cpu_us,,,,,,,3,3,100,100,4,1,686,2,block_random,1024
tile_sweep_publication,preimage,3d,dense,1,75,2,gpu_source,3715,3.715,gpu_us,1,0,0,1,1442000000,2,3,3,100,100,4,1,687,3,block_random,1024
tile_sweep_publication,preimage,3d,dense,1,100,2,cpu_source,147506,147.506,cpu_us,,,,,,,3,3,100,100,4,1,688,0,block_random,1024
tile_sweep_publication,preimage,3d,dense,1,100,2,gpu_source,4175,4.175,gpu_us,1,0,0,1,1922000000,2,3,3,100,100,4,1,689,1,block_random,1024
tile_sweep_publication,preimage,3d,sparse,5,1,2,cpu_source,979218,979.218,cpu_us,,,,,,,3,3,100,100,4,1,690,2,block_random,1024
tile_sweep_publication,preimage,3d,sparse,5,1,2,gpu_source,74896,74.896,gpu_us,1,1,1,1,41654032,2,3,3,100,100,4,1,691,3,block_random,1024
tile_sweep_publication,preimage,3d,sparse,5,2,2,cpu_source,973077,973.077,cpu_us,,,,,,,3,3,100,100,4,1,692,0,block_random,1024
tile_sweep_publication,preimage,3d,sparse,5,2,2,gpu_source,5280,5.28,gpu_us,1,0,0,1,60854032,2,3,3,100,100,4,1,693,1,block_random,1024
tile_sweep_publication,preimage,3d,sparse,5,3,2,cpu_source,969991,969.991,cpu_us,,,,,,,3,3,100,100,4,1,694,2,block_random,1024
tile_sweep_publication,preimage,3d,sparse,5,3,2,gpu_source,4686,4.686,gpu_us,1,0,0,1,80054032,2,3,3,100,100,4,1,695,3,block_random,1024
tile_sweep_publication,preimage,3d,sparse,5,4,2,cpu_source,966091,966.091,cpu_us,,,,,,,3,3,100,100,4,1,696,0,block_random,1024
tile_sweep_publication,preimage,3d,sparse,5,4,2,gpu_source,5362,5.362,gpu_us,1,0,0,1,99254032,2,3,3,100,100,4,1,697,1,block_random,1024
tile_sweep_publication,preimage,3d,sparse,5,5,2,cpu_source,977484,977.484,cpu_us,,,,,,,3,3,100,100,4,1,698,2,block_random,1024
tile_sweep_publication,preimage,3d,sparse,5,5,2,gpu_source,4884,4.884,gpu_us,1,0,0,1,118454032,2,3,3,100,100,4,1,699,3,block_random,1024
tile_sweep_publication,preimage,3d,sparse,5,7,2,cpu_source,975853,975.853,cpu_us,,,,,,,3,3,100,100,4,1,700,0,block_random,1024
tile_sweep_publication,preimage,3d,sparse,5,7,2,gpu_source,5500,5.5,gpu_us,1,0,0,1,156854032,2,3,3,100,100,4,1,701,1,block_random,1024
tile_sweep_publication,preimage,3d,sparse,5,10,2,cpu_source,982001,982.001,cpu_us,,,,,,,3,3,100,100,4,1,702,2,block_random,1024
tile_sweep_publication,preimage,3d,sparse,5,10,2,gpu_source,4462,4.462,gpu_us,1,0,0,1,214454032,2,3,3,100,100,4,1,703,3,block_random,1024
tile_sweep_publication,preimage,3d,sparse,5,15,2,cpu_source,975553,975.553,cpu_us,,,,,,,3,3,100,100,4,1,704,0,block_random,1024
tile_sweep_publication,preimage,3d,sparse,5,15,2,gpu_source,5193,5.193,gpu_us,1,0,0,1,310454032,2,3,3,100,100,4,1,705,1,block_random,1024
tile_sweep_publication,preimage,3d,sparse,5,20,2,cpu_source,984561,984.561,cpu_us,,,,,,,3,3,100,100,4,1,706,2,block_random,1024
tile_sweep_publication,preimage,3d,sparse,5,20,2,gpu_source,4793,4.793,gpu_us,1,0,0,1,406454032,2,3,3,100,100,4,1,707,3,block_random,1024
tile_sweep_publication,preimage,3d,sparse,5,25,2,cpu_source,968855,968.855,cpu_us,,,,,,,3,3,100,100,4,1,708,0,block_random,1024
tile_sweep_publication,preimage,3d,sparse,5,25,2,gpu_source,5270,5.27,gpu_us,1,0,0,1,502454032,2,3,3,100,100,4,1,709,1,block_random,1024
tile_sweep_publication,preimage,3d,sparse,5,30,2,cpu_source,1005032,1005.032,cpu_us,,,,,,,3,3,100,100,4,1,710,2,block_random,1024
tile_sweep_publication,preimage,3d,sparse,5,30,2,gpu_source,4791,4.791,gpu_us,1,0,0,1,598454032,2,3,3,100,100,4,1,711,3,block_random,1024
tile_sweep_publication,preimage,3d,sparse,5,40,2,cpu_source,967714,967.714,cpu_us,,,,,,,3,3,100,100,4,1,712,0,block_random,1024
tile_sweep_publication,preimage,3d,sparse,5,40,2,gpu_source,5311,5.311,gpu_us,1,0,0,1,790454032,2,3,3,100,100,4,1,713,1,block_random,1024
tile_sweep_publication,preimage,3d,sparse,5,50,2,cpu_source,1002924,1002.924,cpu_us,,,,,,,3,3,100,100,4,1,714,2,block_random,1024
tile_sweep_publication,preimage,3d,sparse,5,50,2,gpu_source,4555,4.555,gpu_us,1,0,0,1,982454032,2,3,3,100,100,4,1,715,3,block_random,1024
tile_sweep_publication,preimage,3d,sparse,5,75,2,cpu_source,974201,974.201,cpu_us,,,,,,,3,3,100,100,4,1,716,0,block_random,1024
tile_sweep_publication,preimage,3d,sparse,5,75,2,gpu_source,5076,5.076,gpu_us,1,0,0,1,1462454032,2,3,3,100,100,4,1,717,1,block_random,1024
tile_sweep_publication,preimage,3d,sparse,5,100,2,cpu_source,983743,983.743,cpu_us,,,,,,,3,3,100,100,4,1,718,2,block_random,1024
tile_sweep_publication,preimage,3d,sparse,5,100,2,gpu_source,4882,4.882,gpu_us,1,0,0,1,1942454032,2,3,3,100,100,4,1,719,3,block_random,1024
tile_sweep_publication,image,1d,dense,1,1,3,cpu_source,46035,46.035,cpu_us,,,,,,,1,1,1000000,1000000,4,1,720,0,block_random,1024
tile_sweep_publication,image,1d,dense,1,1,3,gpu_source,37925,37.925,gpu_us,32,104,1,32,14800000,2,1,1,1000000,1000000,4,1,721,1,block_random,1024
tile_sweep_publication,image,1d,dense,1,2,3,cpu_source,46373,46.373,cpu_us,,,,,,,1,1,1000000,1000000,4,1,722,2,block_random,1024
tile_sweep_publication,image,1d,dense,1,2,3,gpu_source,17909,17.909,gpu_us,16,39,1,16,27600001,2,1,1,1000000,1000000,4,1,723,3,block_random,1024
tile_sweep_publication,image,1d,dense,1,3,3,cpu_source,45515,45.515,cpu_us,,,,,,,1,1,1000000,1000000,4,1,724,0,block_random,1024
tile_sweep_publication,image,1d,dense,1,3,3,gpu_source,18227,18.227,gpu_us,16,39,1,16,40400001,2,1,1,1000000,1000000,4,1,725,1,block_random,1024
tile_sweep_publication,image,1d,dense,1,4,3,cpu_source,46977,46.977,cpu_us,,,,,,,1,1,1000000,1000000,4,1,726,2,block_random,1024
tile_sweep_publication,image,1d,dense,1,4,3,gpu_source,10693,10.693,gpu_us,8,14,1,8,53200002,2,1,1,1000000,1000000,4,1,727,3,block_random,1024
tile_sweep_publication,image,1d,dense,1,5,3,cpu_source,47375,47.375,cpu_us,,,,,,,1,1,1000000,1000000,4,1,728,0,block_random,1024
tile_sweep_publication,image,1d,dense,1,5,3,gpu_source,9569,9.569,gpu_us,8,14,1,8,66000003,2,1,1,1000000,1000000,4,1,729,1,block_random,1024
tile_sweep_publication,image,1d,dense,1,7,3,cpu_source,46252,46.252,cpu_us,,,,,,,1,1,1000000,1000000,4,1,730,2,block_random,1024
tile_sweep_publication,image,1d,dense,1,7,3,gpu_source,5078,5.078,gpu_us,4,5,1,4,91600004,2,1,1,1000000,1000000,4,1,731,3,block_random,1024
tile_sweep_publication,image,1d,dense,1,10,3,cpu_source,49990,49.99,cpu_us,,,,,,,1,1,1000000,1000000,4,1,732,0,block_random,1024
tile_sweep_publication,image,1d,dense,1,10,3,gpu_source,5132,5.132,gpu_us,4,5,1,4,130000006,2,1,1,1000000,1000000,4,1,733,1,block_random,1024
tile_sweep_publication,image,1d,dense,1,15,3,cpu_source,45843,45.843,cpu_us,,,,,,,1,1,1000000,1000000,4,1,734,2,block_random,1024
tile_sweep_publication,image,1d,dense,1,15,3,gpu_source,3447,3.447,gpu_us,2,2,1,2,194000009,2,1,1,1000000,1000000,4,1,735,3,block_random,1024
tile_sweep_publication,image,1d,dense,1,20,3,cpu_source,45863,45.863,cpu_us,,,,,,,1,1,1000000,1000000,4,1,736,0,block_random,1024
tile_sweep_publication,image,1d,dense,1,20,3,gpu_source,3258,3.258,gpu_us,2,2,1,2,258000012,2,1,1,1000000,1000000,4,1,737,1,block_random,1024
tile_sweep_publication,image,1d,dense,1,25,3,cpu_source,46800,46.8,cpu_us,,,,,,,1,1,1000000,1000000,4,1,738,2,block_random,1024
tile_sweep_publication,image,1d,dense,1,25,3,gpu_source,3547,3.547,gpu_us,2,2,1,2,322000016,2,1,1,1000000,1000000,4,1,739,3,block_random,1024
tile_sweep_publication,image,1d,dense,1,30,3,cpu_source,45978,45.978,cpu_us,,,,,,,1,1,1000000,1000000,4,1,740,0,block_random,1024
tile_sweep_publication,image,1d,dense,1,30,3,gpu_source,2952,2.952,gpu_us,1,0,0,1,386000019,2,1,1,1000000,1000000,4,1,741,1,block_random,1024
tile_sweep_publication,image,1d,dense,1,40,3,cpu_source,46455,46.455,cpu_us,,,,,,,1,1,1000000,1000000,4,1,742,2,block_random,1024
tile_sweep_publication,image,1d,dense,1,40,3,gpu_source,2990,2.99,gpu_us,1,0,0,1,514000025,2,1,1,1000000,1000000,4,1,743,3,block_random,1024
tile_sweep_publication,image,1d,dense,1,50,3,cpu_source,46721,46.721,cpu_us,,,,,,,1,1,1000000,1000000,4,1,744,0,block_random,1024
tile_sweep_publication,image,1d,dense,1,50,3,gpu_source,2771,2.771,gpu_us,1,0,0,1,642000032,2,1,1,1000000,1000000,4,1,745,1,block_random,1024
tile_sweep_publication,image,1d,dense,1,75,3,cpu_source,46703,46.703,cpu_us,,,,,,,1,1,1000000,1000000,4,1,746,2,block_random,1024
tile_sweep_publication,image,1d,dense,1,75,3,gpu_source,2795,2.795,gpu_us,1,0,0,1,962000048,2,1,1,1000000,1000000,4,1,747,3,block_random,1024
tile_sweep_publication,image,1d,dense,1,100,3,cpu_source,45964,45.964,cpu_us,,,,,,,1,1,1000000,1000000,4,1,748,0,block_random,1024
tile_sweep_publication,image,1d,dense,1,100,3,gpu_source,2994,2.994,gpu_us,1,0,0,1,1282000064,2,1,1,1000000,1000000,4,1,749,1,block_random,1024
tile_sweep_publication,image,1d,sparse,5,1,3,cpu_source,42477,42.477,cpu_us,,,,,,,1,1,1000000,1000000,4,1,750,2,block_random,1024
tile_sweep_publication,image,1d,sparse,5,1,3,gpu_source,2670,2.67,gpu_us,1,0,0,1,28050199,2,1,1,1000000,1000000,4,1,751,3,block_random,1024
tile_sweep_publication,image,1d,sparse,5,2,3,cpu_source,44526,44.526,cpu_us,,,,,,,1,1,1000000,1000000,4,1,752,0,block_random,1024
tile_sweep_publication,image,1d,sparse,5,2,3,gpu_source,2953,2.953,gpu_us,1,0,0,1,40880639,2,1,1,1000000,1000000,4,1,753,1,block_random,1024
tile_sweep_publication,image,1d,sparse,5,3,3,cpu_source,41742,41.742,cpu_us,,,,,,,1,1,1000000,1000000,4,1,754,2,block_random,1024
tile_sweep_publication,image,1d,sparse,5,3,3,gpu_source,2560,2.56,gpu_us,1,0,0,1,53711078,2,1,1,1000000,1000000,4,1,755,3,block_random,1024
tile_sweep_publication,image,1d,sparse,5,4,3,cpu_source,41297,41.297,cpu_us,,,,,,,1,1,1000000,1000000,4,1,756,0,block_random,1024
tile_sweep_publication,image,1d,sparse,5,4,3,gpu_source,3085,3.085,gpu_us,1,0,0,1,66541518,2,1,1,1000000,1000000,4,1,757,1,block_random,1024
tile_sweep_publication,image,1d,sparse,5,5,3,cpu_source,41776,41.776,cpu_us,,,,,,,1,1,1000000,1000000,4,1,758,2,block_random,1024
tile_sweep_publication,image,1d,sparse,5,5,3,gpu_source,2724,2.724,gpu_us,1,0,0,1,79371957,2,1,1,1000000,1000000,4,1,759,3,block_random,1024
tile_sweep_publication,image,1d,sparse,5,7,3,cpu_source,41535,41.535,cpu_us,,,,,,,1,1,1000000,1000000,4,1,760,0,block_random,1024
tile_sweep_publication,image,1d,sparse,5,7,3,gpu_source,1622,1.622,gpu_us,1,0,0,1,105032836,2,1,1,1000000,1000000,4,1,761,1,block_random,1024
tile_sweep_publication,image,1d,sparse,5,10,3,cpu_source,41653,41.653,cpu_us,,,,,,,1,1,1000000,1000000,4,1,762,2,block_random,1024
tile_sweep_publication,image,1d,sparse,5,10,3,gpu_source,2575,2.575,gpu_us,1,0,0,1,143524155,2,1,1,1000000,1000000,4,1,763,3,block_random,1024
tile_sweep_publication,image,1d,sparse,5,15,3,cpu_source,41662,41.662,cpu_us,,,,,,,1,1,1000000,1000000,4,1,764,0,block_random,1024
tile_sweep_publication,image,1d,sparse,5,15,3,gpu_source,1652,1.652,gpu_us,1,0,0,1,207676352,2,1,1,1000000,1000000,4,1,765,1,block_random,1024
tile_sweep_publication,image,1d,sparse,5,20,3,cpu_source,42390,42.39,cpu_us,,,,,,,1,1,1000000,1000000,4,1,766,2,block_random,1024
tile_sweep_publication,image,1d,sparse,5,20,3,gpu_source,3106,3.106,gpu_us,1,0,0,1,271828550,2,1,1,1000000,1000000,4,1,767,3,block_random,1024
tile_sweep_publication,image,1d,sparse,5,25,3,cpu_source,41298,41.298,cpu_us,,,,,,,1,1,1000000,1000000,4,1,768,0,block_random,1024
tile_sweep_publication,image,1d,sparse,5,25,3,gpu_source,2350,2.35,gpu_us,1,0,0,1,335980748,2,1,1,1000000,1000000,4,1,769,1,block_random,1024
tile_sweep_publication,image,1d,sparse,5,30,3,cpu_source,42056,42.056,cpu_us,,,,,,,1,1,1000000,1000000,4,1,770,2,block_random,1024
tile_sweep_publication,image,1d,sparse,5,30,3,gpu_source,2961,2.961,gpu_us,1,0,0,1,400132945,2,1,1,1000000,1000000,4,1,771,3,block_random,1024
tile_sweep_publication,image,1d,sparse,5,40,3,cpu_source,42517,42.517,cpu_us,,,,,,,1,1,1000000,1000000,4,1,772,0,block_random,1024
tile_sweep_publication,image,1d,sparse,5,40,3,gpu_source,1745,1.745,gpu_us,1,0,0,1,528437340,2,1,1,1000000,1000000,4,1,773,1,block_random,1024
tile_sweep_publication,image,1d,sparse,5,50,3,cpu_source,44476,44.476,cpu_us,,,,,,,1,1,1000000,1000000,4,1,774,2,block_random,1024
tile_sweep_publication,image,1d,sparse,5,50,3,gpu_source,2978,2.978,gpu_us,1,0,0,1,656741736,2,1,1,1000000,1000000,4,1,775,3,block_random,1024
tile_sweep_publication,image,1d,sparse,5,75,3,cpu_source,41929,41.929,cpu_us,,,,,,,1,1,1000000,1000000,4,1,776,0,block_random,1024
tile_sweep_publication,image,1d,sparse,5,75,3,gpu_source,1725,1.725,gpu_us,1,0,0,1,977502724,2,1,1,1000000,1000000,4,1,777,1,block_random,1024
tile_sweep_publication,image,1d,sparse,5,100,3,cpu_source,41119,41.119,cpu_us,,,,,,,1,1,1000000,1000000,4,1,778,2,block_random,1024
tile_sweep_publication,image,1d,sparse,5,100,3,gpu_source,2794,2.794,gpu_us,1,0,0,1,1298263712,2,1,1,1000000,1000000,4,1,779,3,block_random,1024
tile_sweep_publication,image,2d,dense,1,1,3,cpu_source,249850,249.85,cpu_us,,,,,,,2,2,1000,1000,4,1,780,0,block_random,1024
tile_sweep_publication,image,2d,dense,1,1,3,gpu_source,152926,152.926,gpu_us,32,104,1,32,21200001,2,2,2,1000,1000,4,1,781,1,block_random,1024
tile_sweep_publication,image,2d,dense,1,2,3,cpu_source,249194,249.194,cpu_us,,,,,,,2,2,1000,1000,4,1,782,2,block_random,1024
tile_sweep_publication,image,2d,dense,1,2,3,gpu_source,125774,125.774,gpu_us,16,39,1,16,40400002,2,2,2,1000,1000,4,1,783,3,block_random,1024
tile_sweep_publication,image,2d,dense,1,3,3,cpu_source,249064,249.064,cpu_us,,,,,,,2,2,1000,1000,4,1,784,0,block_random,1024
tile_sweep_publication,image,2d,dense,1,3,3,gpu_source,121376,121.376,gpu_us,8,14,1,8,59600003,2,2,2,1000,1000,4,1,785,1,block_random,1024
tile_sweep_publication,image,2d,dense,1,4,3,cpu_source,252091,252.091,cpu_us,,,,,,,2,2,1000,1000,4,1,786,2,block_random,1024
tile_sweep_publication,image,2d,dense,1,4,3,gpu_source,121130,121.13,gpu_us,8,14,1,8,78800005,2,2,2,1000,1000,4,1,787,3,block_random,1024
tile_sweep_publication,image,2d,dense,1,5,3,cpu_source,250256,250.256,cpu_us,,,,,,,2,2,1000,1000,4,1,788,0,block_random,1024
tile_sweep_publication,image,2d,dense,1,5,3,gpu_source,123003,123.003,gpu_us,8,14,1,8,98000006,2,2,2,1000,1000,4,1,789,1,block_random,1024
tile_sweep_publication,image,2d,dense,1,7,3,cpu_source,261528,261.528,cpu_us,,,,,,,2,2,1000,1000,4,1,790,2,block_random,1024
tile_sweep_publication,image,2d,dense,1,7,3,gpu_source,87754,87.754,gpu_us,4,5,1,4,136400008,2,2,2,1000,1000,4,1,791,3,block_random,1024
tile_sweep_publication,image,2d,dense,1,10,3,cpu_source,250602,250.602,cpu_us,,,,,,,2,2,1000,1000,4,1,792,0,block_random,1024
tile_sweep_publication,image,2d,dense,1,10,3,gpu_source,89653,89.653,gpu_us,4,5,1,4,194000012,2,2,2,1000,1000,4,1,793,1,block_random,1024
tile_sweep_publication,image,2d,dense,1,15,3,cpu_source,256199,256.199,cpu_us,,,,,,,2,2,1000,1000,4,1,794,2,block_random,1024
tile_sweep_publication,image,2d,dense,1,15,3,gpu_source,60240,60.24,gpu_us,2,2,1,2,290000019,2,2,2,1000,1000,4,1,795,3,block_random,1024
tile_sweep_publication,image,2d,dense,1,20,3,cpu_source,249659,249.659,cpu_us,,,,,,,2,2,1000,1000,4,1,796,0,block_random,1024
tile_sweep_publication,image,2d,dense,1,20,3,gpu_source,61564,61.564,gpu_us,2,2,1,2,386000025,2,2,2,1000,1000,4,1,797,1,block_random,1024
tile_sweep_publication,image,2d,dense,1,25,3,cpu_source,248719,248.719,cpu_us,,,,,,,2,2,1000,1000,4,1,798,2,block_random,1024
tile_sweep_publication,image,2d,dense,1,25,3,gpu_source,3205,3.205,gpu_us,1,0,0,1,482000032,2,2,2,1000,1000,4,1,799,3,block_random,1024
tile_sweep_publication,image,2d,dense,1,30,3,cpu_source,251474,251.474,cpu_us,,,,,,,2,2,1000,1000,4,1,800,0,block_random,1024
tile_sweep_publication,image,2d,dense,1,30,3,gpu_source,3236,3.236,gpu_us,1,0,0,1,578000038,2,2,2,1000,1000,4,1,801,1,block_random,1024
tile_sweep_publication,image,2d,dense,1,40,3,cpu_source,252973,252.973,cpu_us,,,,,,,2,2,1000,1000,4,1,802,2,block_random,1024
tile_sweep_publication,image,2d,dense,1,40,3,gpu_source,3513,3.513,gpu_us,1,0,0,1,770000051,2,2,2,1000,1000,4,1,803,3,block_random,1024
tile_sweep_publication,image,2d,dense,1,50,3,cpu_source,250054,250.054,cpu_us,,,,,,,2,2,1000,1000,4,1,804,0,block_random,1024
tile_sweep_publication,image,2d,dense,1,50,3,gpu_source,3073,3.073,gpu_us,1,0,0,1,962000064,2,2,2,1000,1000,4,1,805,1,block_random,1024
tile_sweep_publication,image,2d,dense,1,75,3,cpu_source,249062,249.062,cpu_us,,,,,,,2,2,1000,1000,4,1,806,2,block_random,1024
tile_sweep_publication,image,2d,dense,1,75,3,gpu_source,3298,3.298,gpu_us,1,0,0,1,1442000096,2,2,2,1000,1000,4,1,807,3,block_random,1024
tile_sweep_publication,image,2d,dense,1,100,3,cpu_source,250715,250.715,cpu_us,,,,,,,2,2,1000,1000,4,1,808,0,block_random,1024
tile_sweep_publication,image,2d,dense,1,100,3,gpu_source,3222,3.222,gpu_us,1,0,0,1,1922000128,2,2,2,1000,1000,4,1,809,1,block_random,1024
tile_sweep_publication,image,2d,sparse,5,1,3,cpu_source,20026146,20026.146,cpu_us,,,,,,,2,2,1000,1000,4,1,810,2,block_random,1024
tile_sweep_publication,image,2d,sparse,5,1,3,gpu_source,2070,2.07,gpu_us,1,0,0,1,38202417,2,2,2,1000,1000,4,1,811,3,block_random,1024
tile_sweep_publication,image,2d,sparse,5,2,3,cpu_source,20020335,20020.335,cpu_us,,,,,,,2,2,1000,1000,4,1,812,0,block_random,1024
tile_sweep_publication,image,2d,sparse,5,2,3,gpu_source,2029,2.029,gpu_us,1,0,0,1,57460707,2,2,2,1000,1000,4,1,813,1,block_random,1024
tile_sweep_publication,image,2d,sparse,5,3,3,cpu_source,20180405,20180.405,cpu_us,,,,,,,2,2,1000,1000,4,1,814,2,block_random,1024
tile_sweep_publication,image,2d,sparse,5,3,3,gpu_source,2370,2.37,gpu_us,1,0,0,1,76718996,2,2,2,1000,1000,4,1,815,3,block_random,1024
tile_sweep_publication,image,2d,sparse,5,4,3,cpu_source,19935608,19935.608,cpu_us,,,,,,,2,2,1000,1000,4,1,816,0,block_random,1024
tile_sweep_publication,image,2d,sparse,5,4,3,gpu_source,2198,2.198,gpu_us,1,0,0,1,95977286,2,2,2,1000,1000,4,1,817,1,block_random,1024
tile_sweep_publication,image,2d,sparse,5,5,3,cpu_source,20062091,20062.091,cpu_us,,,,,,,2,2,1000,1000,4,1,818,2,block_random,1024
tile_sweep_publication,image,2d,sparse,5,5,3,gpu_source,2110,2.11,gpu_us,1,0,0,1,115235576,2,2,2,1000,1000,4,1,819,3,block_random,1024
tile_sweep_publication,image,2d,sparse,5,7,3,cpu_source,19948137,19948.137,cpu_us,,,,,,,2,2,1000,1000,4,1,820,0,block_random,1024
tile_sweep_publication,image,2d,sparse,5,7,3,gpu_source,2095,2.095,gpu_us,1,0,0,1,153752155,2,2,2,1000,1000,4,1,821,1,block_random,1024
tile_sweep_publication,image,2d,sparse,5,10,3,cpu_source,20062563,20062.563,cpu_us,,,,,,,2,2,1000,1000,4,1,822,2,block_random,1024
tile_sweep_publication,image,2d,sparse,5,10,3,gpu_source,2126,2.126,gpu_us,1,0,0,1,211527024,2,2,2,1000,1000,4,1,823,3,block_random,1024
tile_sweep_publication,image,2d,sparse,5,15,3,cpu_source,19906140,19906.14,cpu_us,,,,,,,2,2,1000,1000,4,1,824,0,block_random,1024
tile_sweep_publication,image,2d,sparse,5,15,3,gpu_source,2003,2.003,gpu_us,1,0,0,1,307818472,2,2,2,1000,1000,4,1,825,1,block_random,1024
tile_sweep_publication,image,2d,sparse,5,20,3,cpu_source,20137744,20137.744,cpu_us,,,,,,,2,2,1000,1000,4,1,826,2,block_random,1024
tile_sweep_publication,image,2d,sparse,5,20,3,gpu_source,2113,2.113,gpu_us,1,0,0,1,404109920,2,2,2,1000,1000,4,1,827,3,block_random,1024
tile_sweep_publication,image,2d,sparse,5,25,3,cpu_source,19950160,19950.16,cpu_us,,,,,,,2,2,1000,1000,4,1,828,0,block_random,1024
tile_sweep_publication,image,2d,sparse,5,25,3,gpu_source,2030,2.03,gpu_us,1,0,0,1,500401368,2,2,2,1000,1000,4,1,829,1,block_random,1024
tile_sweep_publication,image,2d,sparse,5,30,3,cpu_source,20019494,20019.494,cpu_us,,,,,,,2,2,1000,1000,4,1,830,2,block_random,1024
tile_sweep_publication,image,2d,sparse,5,30,3,gpu_source,2139,2.139,gpu_us,1,0,0,1,596692816,2,2,2,1000,1000,4,1,831,3,block_random,1024
tile_sweep_publication,image,2d,sparse,5,40,3,cpu_source,19947892,19947.892,cpu_us,,,,,,,2,2,1000,1000,4,1,832,0,block_random,1024
tile_sweep_publication,image,2d,sparse,5,40,3,gpu_source,1981,1.981,gpu_us,1,0,0,1,789275712,2,2,2,1000,1000,4,1,833,1,block_random,1024
tile_sweep_publication,image,2d,sparse,5,50,3,cpu_source,20177679,20177.679,cpu_us,,,,,,,2,2,1000,1000,4,1,834,2,block_random,1024
tile_sweep_publication,image,2d,sparse,5,50,3,gpu_source,2083,2.083,gpu_us,1,0,0,1,981858608,2,2,2,1000,1000,4,1,835,3,block_random,1024
tile_sweep_publication,image,2d,sparse,5,75,3,cpu_source,19916637,19916.637,cpu_us,,,,,,,2,2,1000,1000,4,1,836,0,block_random,1024
tile_sweep_publication,image,2d,sparse,5,75,3,gpu_source,1995,1.995,gpu_us,1,0,0,1,1463315848,2,2,2,1000,1000,4,1,837,1,block_random,1024
tile_sweep_publication,image,2d,sparse,5,100,3,cpu_source,19996262,19996.262,cpu_us,,,,,,,2,2,1000,1000,4,1,838,2,block_random,1024
tile_sweep_publication,image,2d,sparse,5,100,3,gpu_source,2140,2.14,gpu_us,1,0,0,1,1944773088,2,2,2,1000,1000,4,1,839,3,block_random,1024
tile_sweep_publication,image,3d,dense,1,1,3,cpu_source,4614862,4614.862,cpu_us,,,,,,,3,3,100,100,4,1,840,0,block_random,1024
tile_sweep_publication,image,3d,dense,1,1,3,gpu_source,1038510,1038.51,gpu_us,32,104,1,32,27600001,2,3,3,100,100,4,1,841,1,block_random,1024
tile_sweep_publication,image,3d,dense,1,2,3,cpu_source,4613990,4613.99,cpu_us,,,,,,,3,3,100,100,4,1,842,2,block_random,1024
tile_sweep_publication,image,3d,dense,1,2,3,gpu_source,1488199,1488.199,gpu_us,16,39,1,16,53200003,2,3,3,100,100,4,1,843,3,block_random,1024
tile_sweep_publication,image,3d,dense,1,3,3,cpu_source,4555751,4555.751,cpu_us,,,,,,,3,3,100,100,4,1,844,0,block_random,1024
tile_sweep_publication,image,3d,dense,1,3,3,gpu_source,1407067,1407.067,gpu_us,8,14,1,8,78800005,2,3,3,100,100,4,1,845,1,block_random,1024
tile_sweep_publication,image,3d,dense,1,4,3,cpu_source,4614324,4614.324,cpu_us,,,,,,,3,3,100,100,4,1,846,2,block_random,1024
tile_sweep_publication,image,3d,dense,1,4,3,gpu_source,1401394,1401.394,gpu_us,8,14,1,8,104400007,2,3,3,100,100,4,1,847,3,block_random,1024
tile_sweep_publication,image,3d,dense,1,5,3,cpu_source,4609378,4609.378,cpu_us,,,,,,,3,3,100,100,4,1,848,0,block_random,1024
tile_sweep_publication,image,3d,dense,1,5,3,gpu_source,1406369,1406.369,gpu_us,8,14,1,8,130000009,2,3,3,100,100,4,1,849,1,block_random,1024
tile_sweep_publication,image,3d,dense,1,7,3,cpu_source,4596195,4596.195,cpu_us,,,,,,,3,3,100,100,4,1,850,2,block_random,1024
tile_sweep_publication,image,3d,dense,1,7,3,gpu_source,1905354,1905.354,gpu_us,4,5,1,4,181200013,2,3,3,100,100,4,1,851,3,block_random,1024
tile_sweep_publication,image,3d,dense,1,10,3,cpu_source,4648704,4648.704,cpu_us,,,,,,,3,3,100,100,4,1,852,0,block_random,1024
tile_sweep_publication,image,3d,dense,1,10,3,gpu_source,1908106,1908.106,gpu_us,4,5,1,4,258000019,2,3,3,100,100,4,1,853,1,block_random,1024
tile_sweep_publication,image,3d,dense,1,15,3,cpu_source,4612779,4612.779,cpu_us,,,,,,,3,3,100,100,4,1,854,2,block_random,1024
tile_sweep_publication,image,3d,dense,1,15,3,gpu_source,1545448,1545.448,gpu_us,2,2,1,2,386000028,2,3,3,100,100,4,1,855,3,block_random,1024
tile_sweep_publication,image,3d,dense,1,20,3,cpu_source,4566495,4566.495,cpu_us,,,,,,,3,3,100,100,4,1,856,0,block_random,1024
tile_sweep_publication,image,3d,dense,1,20,3,gpu_source,1553635,1553.635,gpu_us,2,2,1,2,514000038,2,3,3,100,100,4,1,857,1,block_random,1024
tile_sweep_publication,image,3d,dense,1,25,3,cpu_source,4614520,4614.52,cpu_us,,,,,,,3,3,100,100,4,1,858,2,block_random,1024
tile_sweep_publication,image,3d,dense,1,25,3,gpu_source,6556,6.556,gpu_us,1,0,0,1,642000048,2,3,3,100,100,4,1,859,3,block_random,1024
tile_sweep_publication,image,3d,dense,1,30,3,cpu_source,4632846,4632.846,cpu_us,,,,,,,3,3,100,100,4,1,860,0,block_random,1024
tile_sweep_publication,image,3d,dense,1,30,3,gpu_source,6548,6.548,gpu_us,1,0,0,1,770000057,2,3,3,100,100,4,1,861,1,block_random,1024
tile_sweep_publication,image,3d,dense,1,40,3,cpu_source,4619332,4619.332,cpu_us,,,,,,,3,3,100,100,4,1,862,2,block_random,1024
tile_sweep_publication,image,3d,dense,1,40,3,gpu_source,6595,6.595,gpu_us,1,0,0,1,1026000076,2,3,3,100,100,4,1,863,3,block_random,1024
tile_sweep_publication,image,3d,dense,1,50,3,cpu_source,4593264,4593.264,cpu_us,,,,,,,3,3,100,100,4,1,864,0,block_random,1024
tile_sweep_publication,image,3d,dense,1,50,3,gpu_source,6652,6.652,gpu_us,1,0,0,1,1282000096,2,3,3,100,100,4,1,865,1,block_random,1024
tile_sweep_publication,image,3d,dense,1,75,3,cpu_source,4607540,4607.54,cpu_us,,,,,,,3,3,100,100,4,1,866,2,block_random,1024
tile_sweep_publication,image,3d,dense,1,75,3,gpu_source,6509,6.509,gpu_us,1,0,0,1,1922000144,2,3,3,100,100,4,1,867,3,block_random,1024
tile_sweep_publication,image,3d,dense,1,100,3,cpu_source,4561053,4561.053,cpu_us,,,,,,,3,3,100,100,4,1,868,0,block_random,1024
tile_sweep_publication,image,3d,dense,1,100,3,gpu_source,6647,6.647,gpu_us,1,0,0,1,2562000192,2,3,3,100,100,4,1,869,1,block_random,1024
tile_sweep_publication,image,3d,sparse,5,1,3,cpu_source,37576193,37576.193,cpu_us,,,,,,,3,3,100,100,4,1,870,2,block_random,1024
tile_sweep_publication,image,3d,sparse,5,1,3,gpu_source,3203,3.203,gpu_us,1,0,0,1,48138234,2,3,3,100,100,4,1,871,3,block_random,1024
tile_sweep_publication,image,3d,sparse,5,2,3,cpu_source,37146857,37146.857,cpu_us,,,,,,,3,3,100,100,4,1,872,0,block_random,1024
tile_sweep_publication,image,3d,sparse,5,2,3,gpu_source,3953,3.953,gpu_us,1,0,0,1,73822437,2,3,3,100,100,4,1,873,1,block_random,1024
tile_sweep_publication,image,3d,sparse,5,3,3,cpu_source,37409314,37409.314,cpu_us,,,,,,,3,3,100,100,4,1,874,2,block_random,1024
tile_sweep_publication,image,3d,sparse,5,3,3,gpu_source,3851,3.851,gpu_us,1,0,0,1,99506639,2,3,3,100,100,4,1,875,3,block_random,1024
tile_sweep_publication,image,3d,sparse,5,4,3,cpu_source,37139855,37139.855,cpu_us,,,,,,,3,3,100,100,4,1,876,0,block_random,1024
tile_sweep_publication,image,3d,sparse,5,4,3,gpu_source,3837,3.837,gpu_us,1,0,0,1,125190842,2,3,3,100,100,4,1,877,1,block_random,1024
tile_sweep_publication,image,3d,sparse,5,5,3,cpu_source,37369877,37369.877,cpu_us,,,,,,,3,3,100,100,4,1,878,2,block_random,1024
tile_sweep_publication,image,3d,sparse,5,5,3,gpu_source,3818,3.818,gpu_us,1,0,0,1,150875044,2,3,3,100,100,4,1,879,3,block_random,1024
tile_sweep_publication,image,3d,sparse,5,7,3,cpu_source,37212921,37212.921,cpu_us,,,,,,,3,3,100,100,4,1,880,0,block_random,1024
tile_sweep_publication,image,3d,sparse,5,7,3,gpu_source,3786,3.786,gpu_us,1,0,0,1,202243449,2,3,3,100,100,4,1,881,1,block_random,1024
tile_sweep_publication,image,3d,sparse,5,10,3,cpu_source,37619631,37619.631,cpu_us,,,,,,,3,3,100,100,4,1,882,2,block_random,1024
tile_sweep_publication,image,3d,sparse,5,10,3,gpu_source,3878,3.878,gpu_us,1,0,0,1,279296057,2,3,3,100,100,4,1,883,3,block_random,1024
tile_sweep_publication,image,3d,sparse,5,15,3,cpu_source,37174832,37174.832,cpu_us,,,,,,,3,3,100,100,4,1,884,0,block_random,1024
tile_sweep_publication,image,3d,sparse,5,15,3,gpu_source,2584,2.584,gpu_us,1,0,0,1,407717070,2,3,3,100,100,4,1,885,1,block_random,1024
tile_sweep_publication,image,3d,sparse,5,20,3,cpu_source,37405489,37405.489,cpu_us,,,,,,,3,3,100,100,4,1,886,2,block_random,1024
tile_sweep_publication,image,3d,sparse,5,20,3,gpu_source,3866,3.866,gpu_us,1,0,0,1,536138083,2,3,3,100,100,4,1,887,3,block_random,1024
tile_sweep_publication,image,3d,sparse,5,25,3,cpu_source,37191277,37191.277,cpu_us,,,,,,,3,3,100,100,4,1,888,0,block_random,1024
tile_sweep_publication,image,3d,sparse,5,25,3,gpu_source,3853,3.853,gpu_us,1,0,0,1,664559096,2,3,3,100,100,4,1,889,1,block_random,1024
tile_sweep_publication,image,3d,sparse,5,30,3,cpu_source,37429494,37429.494,cpu_us,,,,,,,3,3,100,100,4,1,890,2,block_random,1024
tile_sweep_publication,image,3d,sparse,5,30,3,gpu_source,3866,3.866,gpu_us,1,0,0,1,792980108,2,3,3,100,100,4,1,891,3,block_random,1024
tile_sweep_publication,image,3d,sparse,5,40,3,cpu_source,37148070,37148.07,cpu_us,,,,,,,3,3,100,100,4,1,892,0,block_random,1024
tile_sweep_publication,image,3d,sparse,5,40,3,gpu_source,3875,3.875,gpu_us,1,0,0,1,1049822134,2,3,3,100,100,4,1,893,1,block_random,1024
tile_sweep_publication,image,3d,sparse,5,50,3,cpu_source,37481706,37481.706,cpu_us,,,,,,,3,3,100,100,4,1,894,2,block_random,1024
tile_sweep_publication,image,3d,sparse,5,50,3,gpu_source,3263,3.263,gpu_us,1,0,0,1,1306664160,2,3,3,100,100,4,1,895,3,block_random,1024
tile_sweep_publication,image,3d,sparse,5,75,3,cpu_source,37110960,37110.96,cpu_us,,,,,,,3,3,100,100,4,1,896,0,block_random,1024
tile_sweep_publication,image,3d,sparse,5,75,3,gpu_source,3645,3.645,gpu_us,1,0,0,1,1948769224,2,3,3,100,100,4,1,897,1,block_random,1024
tile_sweep_publication,image,3d,sparse,5,100,3,cpu_source,37619815,37619.815,cpu_us,,,,,,,3,3,100,100,4,1,898,2,block_random,1024
tile_sweep_publication,image,3d,sparse,5,100,3,gpu_source,3867,3.867,gpu_us,1,0,0,1,2590874288,2,3,3,100,100,4,1,899,3,block_random,1024
tile_sweep_publication,preimage,1d,dense,1,1,3,cpu_source,12067,12.067,cpu_us,,,,,,,1,1,1000000,1000000,4,1,900,0,block_random,1024
tile_sweep_publication,preimage,1d,dense,1,1,3,gpu_source,23790,23.79,gpu_us,16,39,1,16,8400000,2,1,1,1000000,1000000,4,1,901,1,block_random,1024
tile_sweep_publication,preimage,1d,dense,1,2,3,cpu_source,11815,11.815,cpu_us,,,,,,,1,1,1000000,1000000,4,1,902,2,block_random,1024
tile_sweep_publication,preimage,1d,dense,1,2,3,gpu_source,9460,9.46,gpu_us,8,14,1,8,14800000,2,1,1,1000000,1000000,4,1,903,3,block_random,1024
tile_sweep_publication,preimage,1d,dense,1,3,3,cpu_source,12457,12.457,cpu_us,,,,,,,1,1,1000000,1000000,4,1,904,0,block_random,1024
tile_sweep_publication,preimage,1d,dense,1,3,3,gpu_source,11491,11.491,gpu_us,8,14,1,8,21200000,2,1,1,1000000,1000000,4,1,905,1,block_random,1024
tile_sweep_publication,preimage,1d,dense,1,4,3,cpu_source,12048,12.048,cpu_us,,,,,,,1,1,1000000,1000000,4,1,906,2,block_random,1024
tile_sweep_publication,preimage,1d,dense,1,4,3,gpu_source,5310,5.31,gpu_us,4,5,1,4,27600000,2,1,1,1000000,1000000,4,1,907,3,block_random,1024
tile_sweep_publication,preimage,1d,dense,1,5,3,cpu_source,11967,11.967,cpu_us,,,,,,,1,1,1000000,1000000,4,1,908,0,block_random,1024
tile_sweep_publication,preimage,1d,dense,1,5,3,gpu_source,5337,5.337,gpu_us,4,5,1,4,34000000,2,1,1,1000000,1000000,4,1,909,1,block_random,1024
tile_sweep_publication,preimage,1d,dense,1,7,3,cpu_source,12268,12.268,cpu_us,,,,,,,1,1,1000000,1000000,4,1,910,2,block_random,1024
tile_sweep_publication,preimage,1d,dense,1,7,3,gpu_source,2809,2.809,gpu_us,2,2,1,2,46800000,2,1,1,1000000,1000000,4,1,911,3,block_random,1024
tile_sweep_publication,preimage,1d,dense,1,10,3,cpu_source,11798,11.798,cpu_us,,,,,,,1,1,1000000,1000000,4,1,912,0,block_random,1024
tile_sweep_publication,preimage,1d,dense,1,10,3,gpu_source,2763,2.763,gpu_us,2,2,1,2,66000000,2,1,1,1000000,1000000,4,1,913,1,block_random,1024
tile_sweep_publication,preimage,1d,dense,1,15,3,cpu_source,12064,12.064,cpu_us,,,,,,,1,1,1000000,1000000,4,1,914,2,block_random,1024
tile_sweep_publication,preimage,1d,dense,1,15,3,gpu_source,1250,1.25,gpu_us,1,0,0,1,98000000,2,1,1,1000000,1000000,4,1,915,3,block_random,1024
tile_sweep_publication,preimage,1d,dense,1,20,3,cpu_source,12063,12.063,cpu_us,,,,,,,1,1,1000000,1000000,4,1,916,0,block_random,1024
tile_sweep_publication,preimage,1d,dense,1,20,3,gpu_source,1212,1.212,gpu_us,1,0,0,1,130000000,2,1,1,1000000,1000000,4,1,917,1,block_random,1024
tile_sweep_publication,preimage,1d,dense,1,25,3,cpu_source,12186,12.186,cpu_us,,,,,,,1,1,1000000,1000000,4,1,918,2,block_random,1024
tile_sweep_publication,preimage,1d,dense,1,25,3,gpu_source,1181,1.181,gpu_us,1,0,0,1,162000000,2,1,1,1000000,1000000,4,1,919,3,block_random,1024
tile_sweep_publication,preimage,1d,dense,1,30,3,cpu_source,12519,12.519,cpu_us,,,,,,,1,1,1000000,1000000,4,1,920,0,block_random,1024
tile_sweep_publication,preimage,1d,dense,1,30,3,gpu_source,1201,1.201,gpu_us,1,0,0,1,194000000,2,1,1,1000000,1000000,4,1,921,1,block_random,1024
tile_sweep_publication,preimage,1d,dense,1,40,3,cpu_source,11993,11.993,cpu_us,,,,,,,1,1,1000000,1000000,4,1,922,2,block_random,1024
tile_sweep_publication,preimage,1d,dense,1,40,3,gpu_source,1351,1.351,gpu_us,1,0,0,1,258000000,2,1,1,1000000,1000000,4,1,923,3,block_random,1024
tile_sweep_publication,preimage,1d,dense,1,50,3,cpu_source,13336,13.336,cpu_us,,,,,,,1,1,1000000,1000000,4,1,924,0,block_random,1024
tile_sweep_publication,preimage,1d,dense,1,50,3,gpu_source,1456,1.456,gpu_us,1,0,0,1,322000000,2,1,1,1000000,1000000,4,1,925,1,block_random,1024
tile_sweep_publication,preimage,1d,dense,1,75,3,cpu_source,12390,12.39,cpu_us,,,,,,,1,1,1000000,1000000,4,1,926,2,block_random,1024
tile_sweep_publication,preimage,1d,dense,1,75,3,gpu_source,1171,1.171,gpu_us,1,0,0,1,482000000,2,1,1,1000000,1000000,4,1,927,3,block_random,1024
tile_sweep_publication,preimage,1d,dense,1,100,3,cpu_source,12069,12.069,cpu_us,,,,,,,1,1,1000000,1000000,4,1,928,0,block_random,1024
tile_sweep_publication,preimage,1d,dense,1,100,3,gpu_source,1294,1.294,gpu_us,1,0,0,1,642000000,2,1,1,1000000,1000000,4,1,929,1,block_random,1024
tile_sweep_publication,preimage,1d,sparse,5,1,3,cpu_source,137559,137.559,cpu_us,,,,,,,1,1,1000000,1000000,4,1,930,2,block_random,1024
tile_sweep_publication,preimage,1d,sparse,5,1,3,gpu_source,37842,37.842,gpu_us,1,1,1,1,21619760,2,1,1,1000000,1000000,4,1,931,3,block_random,1024
tile_sweep_publication,preimage,1d,sparse,5,2,3,cpu_source,136796,136.796,cpu_us,,,,,,,1,1,1000000,1000000,4,1,932,0,block_random,1024
tile_sweep_publication,preimage,1d,sparse,5,2,3,gpu_source,3309,3.309,gpu_us,1,0,0,1,28019760,2,1,1,1000000,1000000,4,1,933,1,block_random,1024
tile_sweep_publication,preimage,1d,sparse,5,3,3,cpu_source,137088,137.088,cpu_us,,,,,,,1,1,1000000,1000000,4,1,934,2,block_random,1024
tile_sweep_publication,preimage,1d,sparse,5,3,3,gpu_source,3440,3.44,gpu_us,1,0,0,1,34419760,2,1,1,1000000,1000000,4,1,935,3,block_random,1024
tile_sweep_publication,preimage,1d,sparse,5,4,3,cpu_source,136467,136.467,cpu_us,,,,,,,1,1,1000000,1000000,4,1,936,0,block_random,1024
tile_sweep_publication,preimage,1d,sparse,5,4,3,gpu_source,3349,3.349,gpu_us,1,0,0,1,40819760,2,1,1,1000000,1000000,4,1,937,1,block_random,1024
tile_sweep_publication,preimage,1d,sparse,5,5,3,cpu_source,138355,138.355,cpu_us,,,,,,,1,1,1000000,1000000,4,1,938,2,block_random,1024
tile_sweep_publication,preimage,1d,sparse,5,5,3,gpu_source,3456,3.456,gpu_us,1,0,0,1,47219760,2,1,1,1000000,1000000,4,1,939,3,block_random,1024
tile_sweep_publication,preimage,1d,sparse,5,7,3,cpu_source,136812,136.812,cpu_us,,,,,,,1,1,1000000,1000000,4,1,940,0,block_random,1024
tile_sweep_publication,preimage,1d,sparse,5,7,3,gpu_source,3697,3.697,gpu_us,1,0,0,1,60019760,2,1,1,1000000,1000000,4,1,941,1,block_random,1024
tile_sweep_publication,preimage,1d,sparse,5,10,3,cpu_source,140620,140.62,cpu_us,,,,,,,1,1,1000000,1000000,4,1,942,2,block_random,1024
tile_sweep_publication,preimage,1d,sparse,5,10,3,gpu_source,3272,3.272,gpu_us,1,0,0,1,79219760,2,1,1,1000000,1000000,4,1,943,3,block_random,1024
tile_sweep_publication,preimage,1d,sparse,5,15,3,cpu_source,137563,137.563,cpu_us,,,,,,,1,1,1000000,1000000,4,1,944,0,block_random,1024
tile_sweep_publication,preimage,1d,sparse,5,15,3,gpu_source,3528,3.528,gpu_us,1,0,0,1,111219760,2,1,1,1000000,1000000,4,1,945,1,block_random,1024
tile_sweep_publication,preimage,1d,sparse,5,20,3,cpu_source,137795,137.795,cpu_us,,,,,,,1,1,1000000,1000000,4,1,946,2,block_random,1024
tile_sweep_publication,preimage,1d,sparse,5,20,3,gpu_source,3155,3.155,gpu_us,1,0,0,1,143219760,2,1,1,1000000,1000000,4,1,947,3,block_random,1024
tile_sweep_publication,preimage,1d,sparse,5,25,3,cpu_source,136915,136.915,cpu_us,,,,,,,1,1,1000000,1000000,4,1,948,0,block_random,1024
tile_sweep_publication,preimage,1d,sparse,5,25,3,gpu_source,3508,3.508,gpu_us,1,0,0,1,175219760,2,1,1,1000000,1000000,4,1,949,1,block_random,1024
tile_sweep_publication,preimage,1d,sparse,5,30,3,cpu_source,138655,138.655,cpu_us,,,,,,,1,1,1000000,1000000,4,1,950,2,block_random,1024
tile_sweep_publication,preimage,1d,sparse,5,30,3,gpu_source,3360,3.36,gpu_us,1,0,0,1,207219760,2,1,1,1000000,1000000,4,1,951,3,block_random,1024
tile_sweep_publication,preimage,1d,sparse,5,40,3,cpu_source,136534,136.534,cpu_us,,,,,,,1,1,1000000,1000000,4,1,952,0,block_random,1024
tile_sweep_publication,preimage,1d,sparse,5,40,3,gpu_source,3426,3.426,gpu_us,1,0,0,1,271219760,2,1,1,1000000,1000000,4,1,953,1,block_random,1024
tile_sweep_publication,preimage,1d,sparse,5,50,3,cpu_source,137486,137.486,cpu_us,,,,,,,1,1,1000000,1000000,4,1,954,2,block_random,1024
tile_sweep_publication,preimage,1d,sparse,5,50,3,gpu_source,3274,3.274,gpu_us,1,0,0,1,335219760,2,1,1,1000000,1000000,4,1,955,3,block_random,1024
tile_sweep_publication,preimage,1d,sparse,5,75,3,cpu_source,140535,140.535,cpu_us,,,,,,,1,1,1000000,1000000,4,1,956,0,block_random,1024
tile_sweep_publication,preimage,1d,sparse,5,75,3,gpu_source,3346,3.346,gpu_us,1,0,0,1,495219760,2,1,1,1000000,1000000,4,1,957,1,block_random,1024
tile_sweep_publication,preimage,1d,sparse,5,100,3,cpu_source,137965,137.965,cpu_us,,,,,,,1,1,1000000,1000000,4,1,958,2,block_random,1024
tile_sweep_publication,preimage,1d,sparse,5,100,3,gpu_source,3175,3.175,gpu_us,1,0,0,1,655219760,2,1,1,1000000,1000000,4,1,959,3,block_random,1024
tile_sweep_publication,preimage,2d,dense,1,1,3,cpu_source,91239,91.239,cpu_us,,,,,,,2,2,1000,1000,4,1,960,0,block_random,1024
tile_sweep_publication,preimage,2d,dense,1,1,3,gpu_source,22342,22.342,gpu_us,8,14,1,8,14800000,2,2,2,1000,1000,4,1,961,1,block_random,1024
tile_sweep_publication,preimage,2d,dense,1,2,3,cpu_source,92193,92.193,cpu_us,,,,,,,2,2,1000,1000,4,1,962,2,block_random,1024
tile_sweep_publication,preimage,2d,dense,1,2,3,gpu_source,13065,13.065,gpu_us,4,5,1,4,27600000,2,2,2,1000,1000,4,1,963,3,block_random,1024
tile_sweep_publication,preimage,2d,dense,1,3,3,cpu_source,91167,91.167,cpu_us,,,,,,,2,2,1000,1000,4,1,964,0,block_random,1024
tile_sweep_publication,preimage,2d,dense,1,3,3,gpu_source,11457,11.457,gpu_us,4,5,1,4,40400000,2,2,2,1000,1000,4,1,965,1,block_random,1024
tile_sweep_publication,preimage,2d,dense,1,4,3,cpu_source,91983,91.983,cpu_us,,,,,,,2,2,1000,1000,4,1,966,2,block_random,1024
tile_sweep_publication,preimage,2d,dense,1,4,3,gpu_source,7365,7.365,gpu_us,2,2,1,2,53200000,2,2,2,1000,1000,4,1,967,3,block_random,1024
tile_sweep_publication,preimage,2d,dense,1,5,3,cpu_source,91824,91.824,cpu_us,,,,,,,2,2,1000,1000,4,1,968,0,block_random,1024
tile_sweep_publication,preimage,2d,dense,1,5,3,gpu_source,6799,6.799,gpu_us,2,2,1,2,66000000,2,2,2,1000,1000,4,1,969,1,block_random,1024
tile_sweep_publication,preimage,2d,dense,1,7,3,cpu_source,91769,91.769,cpu_us,,,,,,,2,2,1000,1000,4,1,970,2,block_random,1024
tile_sweep_publication,preimage,2d,dense,1,7,3,gpu_source,7233,7.233,gpu_us,2,2,1,2,91600000,2,2,2,1000,1000,4,1,971,3,block_random,1024
tile_sweep_publication,preimage,2d,dense,1,10,3,cpu_source,91836,91.836,cpu_us,,,,,,,2,2,1000,1000,4,1,972,0,block_random,1024
tile_sweep_publication,preimage,2d,dense,1,10,3,gpu_source,2099,2.099,gpu_us,1,0,0,1,130000000,2,2,2,1000,1000,4,1,973,1,block_random,1024
tile_sweep_publication,preimage,2d,dense,1,15,3,cpu_source,92424,92.424,cpu_us,,,,,,,2,2,1000,1000,4,1,974,2,block_random,1024
tile_sweep_publication,preimage,2d,dense,1,15,3,gpu_source,2429,2.429,gpu_us,1,0,0,1,194000000,2,2,2,1000,1000,4,1,975,3,block_random,1024
tile_sweep_publication,preimage,2d,dense,1,20,3,cpu_source,92580,92.58,cpu_us,,,,,,,2,2,1000,1000,4,1,976,0,block_random,1024
tile_sweep_publication,preimage,2d,dense,1,20,3,gpu_source,2290,2.29,gpu_us,1,0,0,1,258000000,2,2,2,1000,1000,4,1,977,1,block_random,1024
tile_sweep_publication,preimage,2d,dense,1,25,3,cpu_source,91348,91.348,cpu_us,,,,,,,2,2,1000,1000,4,1,978,2,block_random,1024
tile_sweep_publication,preimage,2d,dense,1,25,3,gpu_source,2151,2.151,gpu_us,1,0,0,1,322000000,2,2,2,1000,1000,4,1,979,3,block_random,1024
tile_sweep_publication,preimage,2d,dense,1,30,3,cpu_source,91013,91.013,cpu_us,,,,,,,2,2,1000,1000,4,1,980,0,block_random,1024
tile_sweep_publication,preimage,2d,dense,1,30,3,gpu_source,2099,2.099,gpu_us,1,0,0,1,386000000,2,2,2,1000,1000,4,1,981,1,block_random,1024
tile_sweep_publication,preimage,2d,dense,1,40,3,cpu_source,91428,91.428,cpu_us,,,,,,,2,2,1000,1000,4,1,982,2,block_random,1024
tile_sweep_publication,preimage,2d,dense,1,40,3,gpu_source,2263,2.263,gpu_us,1,0,0,1,514000000,2,2,2,1000,1000,4,1,983,3,block_random,1024
tile_sweep_publication,preimage,2d,dense,1,50,3,cpu_source,91232,91.232,cpu_us,,,,,,,2,2,1000,1000,4,1,984,0,block_random,1024
tile_sweep_publication,preimage,2d,dense,1,50,3,gpu_source,2024,2.024,gpu_us,1,0,0,1,642000000,2,2,2,1000,1000,4,1,985,1,block_random,1024
tile_sweep_publication,preimage,2d,dense,1,75,3,cpu_source,92155,92.155,cpu_us,,,,,,,2,2,1000,1000,4,1,986,2,block_random,1024
tile_sweep_publication,preimage,2d,dense,1,75,3,gpu_source,2131,2.131,gpu_us,1,0,0,1,962000000,2,2,2,1000,1000,4,1,987,3,block_random,1024
tile_sweep_publication,preimage,2d,dense,1,100,3,cpu_source,91096,91.096,cpu_us,,,,,,,2,2,1000,1000,4,1,988,0,block_random,1024
tile_sweep_publication,preimage,2d,dense,1,100,3,gpu_source,2072,2.072,gpu_us,1,0,0,1,1282000000,2,2,2,1000,1000,4,1,989,1,block_random,1024
tile_sweep_publication,preimage,2d,sparse,5,1,3,cpu_source,667231,667.231,cpu_us,,,,,,,2,2,1000,1000,4,1,990,2,block_random,1024
tile_sweep_publication,preimage,2d,sparse,5,1,3,gpu_source,3944,3.944,gpu_us,1,0,0,1,31744128,2,2,2,1000,1000,4,1,991,3,block_random,1024
tile_sweep_publication,preimage,2d,sparse,5,2,3,cpu_source,652974,652.974,cpu_us,,,,,,,2,2,1000,1000,4,1,992,0,block_random,1024
tile_sweep_publication,preimage,2d,sparse,5,2,3,gpu_source,3350,3.35,gpu_us,1,0,0,1,44544128,2,2,2,1000,1000,4,1,993,1,block_random,1024
tile_sweep_publication,preimage,2d,sparse,5,3,3,cpu_source,656281,656.281,cpu_us,,,,,,,2,2,1000,1000,4,1,994,2,block_random,1024
tile_sweep_publication,preimage,2d,sparse,5,3,3,gpu_source,4045,4.045,gpu_us,1,0,0,1,57344128,2,2,2,1000,1000,4,1,995,3,block_random,1024
tile_sweep_publication,preimage,2d,sparse,5,4,3,cpu_source,660864,660.864,cpu_us,,,,,,,2,2,1000,1000,4,1,996,0,block_random,1024
tile_sweep_publication,preimage,2d,sparse,5,4,3,gpu_source,3515,3.515,gpu_us,1,0,0,1,70144128,2,2,2,1000,1000,4,1,997,1,block_random,1024
tile_sweep_publication,preimage,2d,sparse,5,5,3,cpu_source,678210,678.21,cpu_us,,,,,,,2,2,1000,1000,4,1,998,2,block_random,1024
tile_sweep_publication,preimage,2d,sparse,5,5,3,gpu_source,3900,3.9,gpu_us,1,0,0,1,82944128,2,2,2,1000,1000,4,1,999,3,block_random,1024
tile_sweep_publication,preimage,2d,sparse,5,7,3,cpu_source,662920,662.92,cpu_us,,,,,,,2,2,1000,1000,4,1,1000,0,block_random,1024
tile_sweep_publication,preimage,2d,sparse,5,7,3,gpu_source,3665,3.665,gpu_us,1,0,0,1,108544128,2,2,2,1000,1000,4,1,1001,1,block_random,1024
tile_sweep_publication,preimage,2d,sparse,5,10,3,cpu_source,654477,654.477,cpu_us,,,,,,,2,2,1000,1000,4,1,1002,2,block_random,1024
tile_sweep_publication,preimage,2d,sparse,5,10,3,gpu_source,3813,3.813,gpu_us,1,0,0,1,146944128,2,2,2,1000,1000,4,1,1003,3,block_random,1024
tile_sweep_publication,preimage,2d,sparse,5,15,3,cpu_source,657911,657.911,cpu_us,,,,,,,2,2,1000,1000,4,1,1004,0,block_random,1024
tile_sweep_publication,preimage,2d,sparse,5,15,3,gpu_source,3673,3.673,gpu_us,1,0,0,1,210944128,2,2,2,1000,1000,4,1,1005,1,block_random,1024
tile_sweep_publication,preimage,2d,sparse,5,20,3,cpu_source,674147,674.147,cpu_us,,,,,,,2,2,1000,1000,4,1,1006,2,block_random,1024
tile_sweep_publication,preimage,2d,sparse,5,20,3,gpu_source,3940,3.94,gpu_us,1,0,0,1,274944128,2,2,2,1000,1000,4,1,1007,3,block_random,1024
tile_sweep_publication,preimage,2d,sparse,5,25,3,cpu_source,653858,653.858,cpu_us,,,,,,,2,2,1000,1000,4,1,1008,0,block_random,1024
tile_sweep_publication,preimage,2d,sparse,5,25,3,gpu_source,3570,3.57,gpu_us,1,0,0,1,338944128,2,2,2,1000,1000,4,1,1009,1,block_random,1024
tile_sweep_publication,preimage,2d,sparse,5,30,3,cpu_source,675411,675.411,cpu_us,,,,,,,2,2,1000,1000,4,1,1010,2,block_random,1024
tile_sweep_publication,preimage,2d,sparse,5,30,3,gpu_source,3929,3.929,gpu_us,1,0,0,1,402944128,2,2,2,1000,1000,4,1,1011,3,block_random,1024
tile_sweep_publication,preimage,2d,sparse,5,40,3,cpu_source,656226,656.226,cpu_us,,,,,,,2,2,1000,1000,4,1,1012,0,block_random,1024
tile_sweep_publication,preimage,2d,sparse,5,40,3,gpu_source,3547,3.547,gpu_us,1,0,0,1,530944128,2,2,2,1000,1000,4,1,1013,1,block_random,1024
tile_sweep_publication,preimage,2d,sparse,5,50,3,cpu_source,671890,671.89,cpu_us,,,,,,,2,2,1000,1000,4,1,1014,2,block_random,1024
tile_sweep_publication,preimage,2d,sparse,5,50,3,gpu_source,4369,4.369,gpu_us,1,0,0,1,658944128,2,2,2,1000,1000,4,1,1015,3,block_random,1024
tile_sweep_publication,preimage,2d,sparse,5,75,3,cpu_source,665213,665.213,cpu_us,,,,,,,2,2,1000,1000,4,1,1016,0,block_random,1024
tile_sweep_publication,preimage,2d,sparse,5,75,3,gpu_source,4010,4.01,gpu_us,1,0,0,1,978944128,2,2,2,1000,1000,4,1,1017,1,block_random,1024
tile_sweep_publication,preimage,2d,sparse,5,100,3,cpu_source,660413,660.413,cpu_us,,,,,,,2,2,1000,1000,4,1,1018,2,block_random,1024
tile_sweep_publication,preimage,2d,sparse,5,100,3,gpu_source,3729,3.729,gpu_us,1,0,0,1,1298944128,2,2,2,1000,1000,4,1,1019,3,block_random,1024
tile_sweep_publication,preimage,3d,dense,1,1,3,cpu_source,149119,149.119,cpu_us,,,,,,,3,3,100,100,4,1,1020,0,block_random,1024
tile_sweep_publication,preimage,3d,dense,1,1,3,gpu_source,41302,41.302,gpu_us,8,14,1,8,21200000,2,3,3,100,100,4,1,1021,1,block_random,1024
tile_sweep_publication,preimage,3d,dense,1,2,3,cpu_source,147832,147.832,cpu_us,,,,,,,3,3,100,100,4,1,1022,2,block_random,1024
tile_sweep_publication,preimage,3d,dense,1,2,3,gpu_source,23006,23.006,gpu_us,4,5,1,4,40400000,2,3,3,100,100,4,1,1023,3,block_random,1024
tile_sweep_publication,preimage,3d,dense,1,3,3,cpu_source,149831,149.831,cpu_us,,,,,,,3,3,100,100,4,1,1024,0,block_random,1024
tile_sweep_publication,preimage,3d,dense,1,3,3,gpu_source,26366,26.366,gpu_us,4,5,1,4,59600000,2,3,3,100,100,4,1,1025,1,block_random,1024
tile_sweep_publication,preimage,3d,dense,1,4,3,cpu_source,148068,148.068,cpu_us,,,,,,,3,3,100,100,4,1,1026,2,block_random,1024
tile_sweep_publication,preimage,3d,dense,1,4,3,gpu_source,15416,15.416,gpu_us,2,2,1,2,78800000,2,3,3,100,100,4,1,1027,3,block_random,1024
tile_sweep_publication,preimage,3d,dense,1,5,3,cpu_source,147742,147.742,cpu_us,,,,,,,3,3,100,100,4,1,1028,0,block_random,1024
tile_sweep_publication,preimage,3d,dense,1,5,3,gpu_source,16682,16.682,gpu_us,2,2,1,2,98000000,2,3,3,100,100,4,1,1029,1,block_random,1024
tile_sweep_publication,preimage,3d,dense,1,7,3,cpu_source,148261,148.261,cpu_us,,,,,,,3,3,100,100,4,1,1030,2,block_random,1024
tile_sweep_publication,preimage,3d,dense,1,7,3,gpu_source,15368,15.368,gpu_us,2,2,1,2,136400000,2,3,3,100,100,4,1,1031,3,block_random,1024
tile_sweep_publication,preimage,3d,dense,1,10,3,cpu_source,147416,147.416,cpu_us,,,,,,,3,3,100,100,4,1,1032,0,block_random,1024
tile_sweep_publication,preimage,3d,dense,1,10,3,gpu_source,4011,4.011,gpu_us,1,0,0,1,194000000,2,3,3,100,100,4,1,1033,1,block_random,1024
tile_sweep_publication,preimage,3d,dense,1,15,3,cpu_source,149744,149.744,cpu_us,,,,,,,3,3,100,100,4,1,1034,2,block_random,1024
tile_sweep_publication,preimage,3d,dense,1,15,3,gpu_source,3799,3.799,gpu_us,1,0,0,1,290000000,2,3,3,100,100,4,1,1035,3,block_random,1024
tile_sweep_publication,preimage,3d,dense,1,20,3,cpu_source,149280,149.28,cpu_us,,,,,,,3,3,100,100,4,1,1036,0,block_random,1024
tile_sweep_publication,preimage,3d,dense,1,20,3,gpu_source,4018,4.018,gpu_us,1,0,0,1,386000000,2,3,3,100,100,4,1,1037,1,block_random,1024
tile_sweep_publication,preimage,3d,dense,1,25,3,cpu_source,149873,149.873,cpu_us,,,,,,,3,3,100,100,4,1,1038,2,block_random,1024
tile_sweep_publication,preimage,3d,dense,1,25,3,gpu_source,3608,3.608,gpu_us,1,0,0,1,482000000,2,3,3,100,100,4,1,1039,3,block_random,1024
tile_sweep_publication,preimage,3d,dense,1,30,3,cpu_source,147309,147.309,cpu_us,,,,,,,3,3,100,100,4,1,1040,0,block_random,1024
tile_sweep_publication,preimage,3d,dense,1,30,3,gpu_source,4068,4.068,gpu_us,1,0,0,1,578000000,2,3,3,100,100,4,1,1041,1,block_random,1024
tile_sweep_publication,preimage,3d,dense,1,40,3,cpu_source,148704,148.704,cpu_us,,,,,,,3,3,100,100,4,1,1042,2,block_random,1024
tile_sweep_publication,preimage,3d,dense,1,40,3,gpu_source,3630,3.63,gpu_us,1,0,0,1,770000000,2,3,3,100,100,4,1,1043,3,block_random,1024
tile_sweep_publication,preimage,3d,dense,1,50,3,cpu_source,149265,149.265,cpu_us,,,,,,,3,3,100,100,4,1,1044,0,block_random,1024
tile_sweep_publication,preimage,3d,dense,1,50,3,gpu_source,4102,4.102,gpu_us,1,0,0,1,962000000,2,3,3,100,100,4,1,1045,1,block_random,1024
tile_sweep_publication,preimage,3d,dense,1,75,3,cpu_source,147658,147.658,cpu_us,,,,,,,3,3,100,100,4,1,1046,2,block_random,1024
tile_sweep_publication,preimage,3d,dense,1,75,3,gpu_source,3652,3.652,gpu_us,1,0,0,1,1442000000,2,3,3,100,100,4,1,1047,3,block_random,1024
tile_sweep_publication,preimage,3d,dense,1,100,3,cpu_source,148212,148.212,cpu_us,,,,,,,3,3,100,100,4,1,1048,0,block_random,1024
tile_sweep_publication,preimage,3d,dense,1,100,3,gpu_source,4079,4.079,gpu_us,1,0,0,1,1922000000,2,3,3,100,100,4,1,1049,1,block_random,1024
tile_sweep_publication,preimage,3d,sparse,5,1,3,cpu_source,978848,978.848,cpu_us,,,,,,,3,3,100,100,4,1,1050,2,block_random,1024
tile_sweep_publication,preimage,3d,sparse,5,1,3,gpu_source,74725,74.725,gpu_us,1,1,1,1,41654032,2,3,3,100,100,4,1,1051,3,block_random,1024
tile_sweep_publication,preimage,3d,sparse,5,2,3,cpu_source,966044,966.044,cpu_us,,,,,,,3,3,100,100,4,1,1052,0,block_random,1024
tile_sweep_publication,preimage,3d,sparse,5,2,3,gpu_source,5315,5.315,gpu_us,1,0,0,1,60854032,2,3,3,100,100,4,1,1053,1,block_random,1024
tile_sweep_publication,preimage,3d,sparse,5,3,3,cpu_source,971931,971.931,cpu_us,,,,,,,3,3,100,100,4,1,1054,2,block_random,1024
tile_sweep_publication,preimage,3d,sparse,5,3,3,gpu_source,4515,4.515,gpu_us,1,0,0,1,80054032,2,3,3,100,100,4,1,1055,3,block_random,1024
tile_sweep_publication,preimage,3d,sparse,5,4,3,cpu_source,985249,985.249,cpu_us,,,,,,,3,3,100,100,4,1,1056,0,block_random,1024
tile_sweep_publication,preimage,3d,sparse,5,4,3,gpu_source,5307,5.307,gpu_us,1,0,0,1,99254032,2,3,3,100,100,4,1,1057,1,block_random,1024
tile_sweep_publication,preimage,3d,sparse,5,5,3,cpu_source,988157,988.157,cpu_us,,,,,,,3,3,100,100,4,1,1058,2,block_random,1024
tile_sweep_publication,preimage,3d,sparse,5,5,3,gpu_source,4823,4.823,gpu_us,1,0,0,1,118454032,2,3,3,100,100,4,1,1059,3,block_random,1024
tile_sweep_publication,preimage,3d,sparse,5,7,3,cpu_source,973461,973.461,cpu_us,,,,,,,3,3,100,100,4,1,1060,0,block_random,1024
tile_sweep_publication,preimage,3d,sparse,5,7,3,gpu_source,5248,5.248,gpu_us,1,0,0,1,156854032,2,3,3,100,100,4,1,1061,1,block_random,1024
tile_sweep_publication,preimage,3d,sparse,5,10,3,cpu_source,979489,979.489,cpu_us,,,,,,,3,3,100,100,4,1,1062,2,block_random,1024
tile_sweep_publication,preimage,3d,sparse,5,10,3,gpu_source,4704,4.704,gpu_us,1,0,0,1,214454032,2,3,3,100,100,4,1,1063,3,block_random,1024
tile_sweep_publication,preimage,3d,sparse,5,15,3,cpu_source,968639,968.639,cpu_us,,,,,,,3,3,100,100,4,1,1064,0,block_random,1024
tile_sweep_publication,preimage,3d,sparse,5,15,3,gpu_source,5443,5.443,gpu_us,1,0,0,1,310454032,2,3,3,100,100,4,1,1065,1,block_random,1024
tile_sweep_publication,preimage,3d,sparse,5,20,3,cpu_source,970830,970.83,cpu_us,,,,,,,3,3,100,100,4,1,1066,2,block_random,1024
tile_sweep_publication,preimage,3d,sparse,5,20,3,gpu_source,4662,4.662,gpu_us,1,0,0,1,406454032,2,3,3,100,100,4,1,1067,3,block_random,1024
tile_sweep_publication,preimage,3d,sparse,5,25,3,cpu_source,969716,969.716,cpu_us,,,,,,,3,3,100,100,4,1,1068,0,block_random,1024
tile_sweep_publication,preimage,3d,sparse,5,25,3,gpu_source,5580,5.58,gpu_us,1,0,0,1,502454032,2,3,3,100,100,4,1,1069,1,block_random,1024
tile_sweep_publication,preimage,3d,sparse,5,30,3,cpu_source,971265,971.265,cpu_us,,,,,,,3,3,100,100,4,1,1070,2,block_random,1024
tile_sweep_publication,preimage,3d,sparse,5,30,3,gpu_source,4593,4.593,gpu_us,1,0,0,1,598454032,2,3,3,100,100,4,1,1071,3,block_random,1024
tile_sweep_publication,preimage,3d,sparse,5,40,3,cpu_source,993659,993.659,cpu_us,,,,,,,3,3,100,100,4,1,1072,0,block_random,1024
tile_sweep_publication,preimage,3d,sparse,5,40,3,gpu_source,5167,5.167,gpu_us,1,0,0,1,790454032,2,3,3,100,100,4,1,1073,1,block_random,1024
tile_sweep_publication,preimage,3d,sparse,5,50,3,cpu_source,980016,980.016,cpu_us,,,,,,,3,3,100,100,4,1,1074,2,block_random,1024
tile_sweep_publication,preimage,3d,sparse,5,50,3,gpu_source,4634,4.634,gpu_us,1,0,0,1,982454032,2,3,3,100,100,4,1,1075,3,block_random,1024
tile_sweep_publication,preimage,3d,sparse,5,75,3,cpu_source,967874,967.874,cpu_us,,,,,,,3,3,100,100,4,1,1076,0,block_random,1024
tile_sweep_publication,preimage,3d,sparse,5,75,3,gpu_source,5358,5.358,gpu_us,1,0,0,1,1462454032,2,3,3,100,100,4,1,1077,1,block_random,1024
tile_sweep_publication,preimage,3d,sparse,5,100,3,cpu_source,975125,975.125,cpu_us,,,,,,,3,3,100,100,4,1,1078,2,block_random,1024
tile_sweep_publication,preimage,3d,sparse,5,100,3,gpu_source,4743,4.743,gpu_us,1,0,0,1,1942454032,2,3,3,100,100,4,1,1079,3,block_random,1024
