experiment,op,dimension,density,sparse_factor,buffer_size,repeat,timing_source,selected_field,gpu_tiles,gpu_oom_backoffs,gpu_host_fallback,gpu_input_rects,gpu_scratch_bytes,tile_rows_seen,d1,d2,num_nodes,num_edges,num_spaces,num_pieces,rc,elapsed_s,cmd,result_json,tile_json,global_index,shard_id,field_mode,block_volume,gpu_us,cpu_us,path
tile_sweep_publication,image,1d,dense,1,1,1,cpu_source,cpu_us,32,104,1,32,14800000,2,1,1,1000000,1000000,4,1,0,4.858042,/pscratch/sd/r/rchanani/realm/build_pm_deppart/tests/benchmark -ll:gpu 1 -ll:cpu 1 -ll:fsize 8192 -dp:workers 1 -dp:hpool 256 -nocheck -block_random -block_volume 1024 -d1 1 -d2 1 image -n 1000000 -e 1000000 -p 1 -s 4 -f 1 -b 1,"{""buffer_size"": ""1"", ""cpu_us"": ""45603"", ""d1"": ""1"", ""d2"": ""1"", ""gpu_us"": ""35800"", ""num_edges"": ""1000000"", ""num_nodes"": ""1000000"", ""num_pieces"": ""1"", ""num_spaces"": ""4"", ""op"": ""image"", ""sparse_factor"": ""1""}","{""d1"": ""1"", ""d2"": ""1"", ""gpu_host_fallback"": ""1"", ""gpu_input_rects"": ""32"", ""gpu_oom_backoffs"": ""104"", ""gpu_scratch_bytes"": ""14800000"", ""gpu_tiles"": ""32"", ""op"": ""image"", ""path"": ""ptrs""}",0,0,block_random,1024,35800,45603,ptrs
tile_sweep_publication,image,1d,dense,1,1,1,gpu_source,gpu_us,32,104,1,32,14800000,2,1,1,1000000,1000000,4,1,0,4.991642,/pscratch/sd/r/rchanani/realm/build_pm_deppart/tests/benchmark -ll:gpu 1 -ll:cpu 1 -ll:fsize 8192 -dp:workers 1 -dp:hpool 256 -nocheck -block_random -block_volume 1024 -dp:noisectopt -d1 1 -d2 1 image -n 1000000 -e 1000000 -p 1 -s 4 -f 1 -b 1,"{""buffer_size"": ""1"", ""cpu_us"": ""46910"", ""d1"": ""1"", ""d2"": ""1"", ""gpu_us"": ""38893"", ""num_edges"": ""1000000"", ""num_nodes"": ""1000000"", ""num_pieces"": ""1"", ""num_spaces"": ""4"", ""op"": ""image"", ""sparse_factor"": ""1""}","{""d1"": ""1"", ""d2"": ""1"", ""gpu_host_fallback"": ""1"", ""gpu_input_rects"": ""32"", ""gpu_oom_backoffs"": ""104"", ""gpu_scratch_bytes"": ""14800000"", ""gpu_tiles"": ""32"", ""op"": ""image"", ""path"": ""ptrs""}",1,1,block_random,1024,38893,46910,ptrs
tile_sweep_publication,image,1d,dense,1,2,1,cpu_source,cpu_us,16,39,1,16,27600001,2,1,1,1000000,1000000,4,1,0,5.195002,/pscratch/sd/r/rchanani/realm/build_pm_deppart/tests/benchmark -ll:gpu 1 -ll:cpu 1 -ll:fsize 8192 -dp:workers 1 -dp:hpool 256 -nocheck -block_random -block_volume 1024 -d1 1 -d2 1 image -n 1000000 -e 1000000 -p 1 -s 4 -f 1 -b 2,"{""buffer_size"": ""2"", ""cpu_us"": ""47127"", ""d1"": ""1"", ""d2"": ""1"", ""gpu_us"": ""18498"", ""num_edges"": ""1000000"", ""num_nodes"": ""1000000"", ""num_pieces"": ""1"", ""num_spaces"": ""4"", ""op"": ""image"", ""sparse_factor"": ""1""}","{""d1"": ""1"", ""d2"": ""1"", ""gpu_host_fallback"": ""1"", ""gpu_input_rects"": ""16"", ""gpu_oom_backoffs"": ""39"", ""gpu_scratch_bytes"": ""27600001"", ""gpu_tiles"": ""16"", ""op"": ""image"", ""path"": ""ptrs""}",2,2,block_random,1024,18498,47127,ptrs
tile_sweep_publication,image,1d,dense,1,2,1,gpu_source,gpu_us,16,39,1,16,27600001,2,1,1,1000000,1000000,4,1,0,4.881601,/pscratch/sd/r/rchanani/realm/build_pm_deppart/tests/benchmark -ll:gpu 1 -ll:cpu 1 -ll:fsize 8192 -dp:workers 1 -dp:hpool 256 -nocheck -block_random -block_volume 1024 -dp:noisectopt -d1 1 -d2 1 image -n 1000000 -e 1000000 -p 1 -s 4 -f 1 -b 2,"{""buffer_size"": ""2"", ""cpu_us"": ""45777"", ""d1"": ""1"", ""d2"": ""1"", ""gpu_us"": ""16960"", ""num_edges"": ""1000000"", ""num_nodes"": ""1000000"", ""num_pieces"": ""1"", ""num_spaces"": ""4"", ""op"": ""image"", ""sparse_factor"": ""1""}","{""d1"": ""1"", ""d2"": ""1"", ""gpu_host_fallback"": ""1"", ""gpu_input_rects"": ""16"", ""gpu_oom_backoffs"": ""39"", ""gpu_scratch_bytes"": ""27600001"", ""gpu_tiles"": ""16"", ""op"": ""image"", ""path"": ""ptrs""}",3,3,block_random,1024,16960,45777,ptrs
tile_sweep_publication,image,1d,dense,1,3,1,cpu_source,cpu_us,16,39,1,16,40400001,2,1,1,1000000,1000000,4,1,0,4.418225,/pscratch/sd/r/rchanani/realm/build_pm_deppart/tests/benchmark -ll:gpu 1 -ll:cpu 1 -ll:fsize 8192 -dp:workers 1 -dp:hpool 256 -nocheck -block_random -block_volume 1024 -d1 1 -d2 1 image -n 1000000 -e 1000000 -p 1 -s 4 -f 1 -b 3,"{""buffer_size"": ""3"", ""cpu_us"": ""46334"", ""d1"": ""1"", ""d2"": ""1"", ""gpu_us"": ""18645"", ""num_edges"": ""1000000"", ""num_nodes"": ""1000000"", ""num_pieces"": ""1"", ""num_spaces"": ""4"", ""op"": ""image"", ""sparse_factor"": ""1""}","{""d1"": ""1"", ""d2"": ""1"", ""gpu_host_fallback"": ""1"", ""gpu_input_rects"": ""16"", ""gpu_oom_backoffs"": ""39"", ""gpu_scratch_bytes"": ""40400001"", ""gpu_tiles"": ""16"", ""op"": ""image"", ""path"": ""ptrs""}",4,0,block_random,1024,18645,46334,ptrs
tile_sweep_publication,image,1d,dense,1,3,1,gpu_source,gpu_us,16,39,1,16,40400001,2,1,1,1000000,1000000,4,1,0,4.588081,/pscratch/sd/r/rchanani/realm/build_pm_deppart/tests/benchmark -ll:gpu 1 -ll:cpu 1 -ll:fsize 8192 -dp:workers 1 -dp:hpool 256 -nocheck -block_random -block_volume 1024 -dp:noisectopt -d1 1 -d2 1 image -n 1000000 -e 1000000 -p 1 -s 4 -f 1 -b 3,"{""buffer_size"": ""3"", ""cpu_us"": ""46214"", ""d1"": ""1"", ""d2"": ""1"", ""gpu_us"": ""17586"", ""num_edges"": ""1000000"", ""num_nodes"": ""1000000"", ""num_pieces"": ""1"", ""num_spaces"": ""4"", ""op"": ""image"", ""sparse_factor"": ""1""}","{""d1"": ""1"", ""d2"": ""1"", ""gpu_host_fallback"": ""1"", ""gpu_input_rects"": ""16"", ""gpu_oom_backoffs"": ""39"", ""gpu_scratch_bytes"": ""40400001"", ""gpu_tiles"": ""16"", ""op"": ""image"", ""path"": ""ptrs""}",5,1,block_random,1024,17586,46214,ptrs
tile_sweep_publication,image,1d,dense,1,4,1,cpu_source,cpu_us,8,14,1,8,53200002,2,1,1,1000000,1000000,4,1,0,4.740973,/pscratch/sd/r/rchanani/realm/build_pm_deppart/tests/benchmark -ll:gpu 1 -ll:cpu 1 -ll:fsize 8192 -dp:workers 1 -dp:hpool 256 -nocheck -block_random -block_volume 1024 -d1 1 -d2 1 image -n 1000000 -e 1000000 -p 1 -s 4 -f 1 -b 4,"{""buffer_size"": ""4"", ""cpu_us"": ""45781"", ""d1"": ""1"", ""d2"": ""1"", ""gpu_us"": ""8904"", ""num_edges"": ""1000000"", ""num_nodes"": ""1000000"", ""num_pieces"": ""1"", ""num_spaces"": ""4"", ""op"": ""image"", ""sparse_factor"": ""1""}","{""d1"": ""1"", ""d2"": ""1"", ""gpu_host_fallback"": ""1"", ""gpu_input_rects"": ""8"", ""gpu_oom_backoffs"": ""14"", ""gpu_scratch_bytes"": ""53200002"", ""gpu_tiles"": ""8"", ""op"": ""image"", ""path"": ""ptrs""}",6,2,block_random,1024,8904,45781,ptrs
tile_sweep_publication,image,1d,dense,1,4,1,gpu_source,gpu_us,8,14,1,8,53200002,2,1,1,1000000,1000000,4,1,0,4.435350,/pscratch/sd/r/rchanani/realm/build_pm_deppart/tests/benchmark -ll:gpu 1 -ll:cpu 1 -ll:fsize 8192 -dp:workers 1 -dp:hpool 256 -nocheck -block_random -block_volume 1024 -dp:noisectopt -d1 1 -d2 1 image -n 1000000 -e 1000000 -p 1 -s 4 -f 1 -b 4,"{""buffer_size"": ""4"", ""cpu_us"": ""45834"", ""d1"": ""1"", ""d2"": ""1"", ""gpu_us"": ""8920"", ""num_edges"": ""1000000"", ""num_nodes"": ""1000000"", ""num_pieces"": ""1"", ""num_spaces"": ""4"", ""op"": ""image"", ""sparse_factor"": ""1""}","{""d1"": ""1"", ""d2"": ""1"", ""gpu_host_fallback"": ""1"", ""gpu_input_rects"": ""8"", ""gpu_oom_backoffs"": ""14"", ""gpu_scratch_bytes"": ""53200002"", ""gpu_tiles"": ""8"", ""op"": ""image"", ""path"": ""ptrs""}",7,3,block_random,1024,8920,45834,ptrs
tile_sweep_publication,image,1d,dense,1,5,1,cpu_source,cpu_us,8,14,1,8,66000003,2,1,1,1000000,1000000,4,1,0,4.393601,/pscratch/sd/r/rchanani/realm/build_pm_deppart/tests/benchmark -ll:gpu 1 -ll:cpu 1 -ll:fsize 8192 -dp:workers 1 -dp:hpool 256 -nocheck -block_random -block_volume 1024 -d1 1 -d2 1 image -n 1000000 -e 1000000 -p 1 -s 4 -f 1 -b 5,"{""buffer_size"": ""5"", ""cpu_us"": ""45988"", ""d1"": ""1"", ""d2"": ""1"", ""gpu_us"": ""8616"", ""num_edges"": ""1000000"", ""num_nodes"": ""1000000"", ""num_pieces"": ""1"", ""num_spaces"": ""4"", ""op"": ""image"", ""sparse_factor"": ""1""}","{""d1"": ""1"", ""d2"": ""1"", ""gpu_host_fallback"": ""1"", ""gpu_input_rects"": ""8"", ""gpu_oom_backoffs"": ""14"", ""gpu_scratch_bytes"": ""66000003"", ""gpu_tiles"": ""8"", ""op"": ""image"", ""path"": ""ptrs""}",8,0,block_random,1024,8616,45988,ptrs
tile_sweep_publication,image,1d,dense,1,5,1,gpu_source,gpu_us,8,14,1,8,66000003,2,1,1,1000000,1000000,4,1,0,4.701595,/pscratch/sd/r/rchanani/realm/build_pm_deppart/tests/benchmark -ll:gpu 1 -ll:cpu 1 -ll:fsize 8192 -dp:workers 1 -dp:hpool 256 -nocheck -block_random -block_volume 1024 -dp:noisectopt -d1 1 -d2 1 image -n 1000000 -e 1000000 -p 1 -s 4 -f 1 -b 5,"{""buffer_size"": ""5"", ""cpu_us"": ""45968"", ""d1"": ""1"", ""d2"": ""1"", ""gpu_us"": ""9258"", ""num_edges"": ""1000000"", ""num_nodes"": ""1000000"", ""num_pieces"": ""1"", ""num_spaces"": ""4"", ""op"": ""image"", ""sparse_factor"": ""1""}","{""d1"": ""1"", ""d2"": ""1"", ""gpu_host_fallback"": ""1"", ""gpu_input_rects"": ""8"", ""gpu_oom_backoffs"": ""14"", ""gpu_scratch_bytes"": ""66000003"", ""gpu_tiles"": ""8"", ""op"": ""image"", ""path"": ""ptrs""}",9,1,block_random,1024,9258,45968,ptrs
tile_sweep_publication,image,1d,dense,1,7,1,cpu_source,cpu_us,4,5,1,4,91600004,2,1,1,1000000,1000000,4,1,0,4.704550,/pscratch/sd/r/rchanani/realm/build_pm_deppart/tests/benchmark -ll:gpu 1 -ll:cpu 1 -ll:fsize 8192 -dp:workers 1 -dp:hpool 256 -nocheck -block_random -block_volume 1024 -d1 1 -d2 1 image -n 1000000 -e 1000000 -p 1 -s 4 -f 1 -b 7,"{""buffer_size"": ""7"", ""cpu_us"": ""46229"", ""d1"": ""1"", ""d2"": ""1"", ""gpu_us"": ""4682"", ""num_edges"": ""1000000"", ""num_nodes"": ""1000000"", ""num_pieces"": ""1"", ""num_spaces"": ""4"", ""op"": ""image"", ""sparse_factor"": ""1""}","{""d1"": ""1"", ""d2"": ""1"", ""gpu_host_fallback"": ""1"", ""gpu_input_rects"": ""4"", ""gpu_oom_backoffs"": ""5"", ""gpu_scratch_bytes"": ""91600004"", ""gpu_tiles"": ""4"", ""op"": ""image"", ""path"": ""ptrs""}",10,2,block_random,1024,4682,46229,ptrs
tile_sweep_publication,image,1d,dense,1,7,1,gpu_source,gpu_us,4,5,1,4,91600004,2,1,1,1000000,1000000,4,1,0,4.402003,/pscratch/sd/r/rchanani/realm/build_pm_deppart/tests/benchmark -ll:gpu 1 -ll:cpu 1 -ll:fsize 8192 -dp:workers 1 -dp:hpool 256 -nocheck -block_random -block_volume 1024 -dp:noisectopt -d1 1 -d2 1 image -n 1000000 -e 1000000 -p 1 -s 4 -f 1 -b 7,"{""buffer_size"": ""7"", ""cpu_us"": ""45541"", ""d1"": ""1"", ""d2"": ""1"", ""gpu_us"": ""4642"", ""num_edges"": ""1000000"", ""num_nodes"": ""1000000"", ""num_pieces"": ""1"", ""num_spaces"": ""4"", ""op"": ""image"", ""sparse_factor"": ""1""}","{""d1"": ""1"", ""d2"": ""1"", ""gpu_host_fallback"": ""1"", ""gpu_input_rects"": ""4"", ""gpu_oom_backoffs"": ""5"", ""gpu_scratch_bytes"": ""91600004"", ""gpu_tiles"": ""4"", ""op"": ""image"", ""path"": ""ptrs""}",11,3,block_random,1024,4642,45541,ptrs
tile_sweep_publication,image,1d,dense,1,10,1,cpu_source,cpu_us,4,5,1,4,130000006,2,1,1,1000000,1000000,4,1,0,4.417079,/pscratch/sd/r/rchanani/realm/build_pm_deppart/tests/benchmark -ll:gpu 1 -ll:cpu 1 -ll:fsize 8192 -dp:workers 1 -dp:hpool 256 -nocheck -block_random -block_volume 1024 -d1 1 -d2 1 image -n 1000000 -e 1000000 -p 1 -s 4 -f 1 -b 10,"{""buffer_size"": ""10"", ""cpu_us"": ""47121"", ""d1"": ""1"", ""d2"": ""1"", ""gpu_us"": ""5083"", ""num_edges"": ""1000000"", ""num_nodes"": ""1000000"", ""num_pieces"": ""1"", ""num_spaces"": ""4"", ""op"": ""image"", ""sparse_factor"": ""1""}","{""d1"": ""1"", ""d2"": ""1"", ""gpu_host_fallback"": ""1"", ""gpu_input_rects"": ""4"", ""gpu_oom_backoffs"": ""5"", ""gpu_scratch_bytes"": ""130000006"", ""gpu_tiles"": ""4"", ""op"": ""image"", ""path"": ""ptrs""}",12,0,block_random,1024,5083,47121,ptrs
tile_sweep_publication,image,1d,dense,1,10,1,gpu_source,gpu_us,4,5,1,4,130000006,2,1,1,1000000,1000000,4,1,0,4.582575,/pscratch/sd/r/rchanani/realm/build_pm_deppart/tests/benchmark -ll:gpu 1 -ll:cpu 1 -ll:fsize 8192 -dp:workers 1 -dp:hpool 256 -nocheck -block_random -block_volume 1024 -dp:noisectopt -d1 1 -d2 1 image -n 1000000 -e 1000000 -p 1 -s 4 -f 1 -b 10,"{""buffer_size"": ""10"", ""cpu_us"": ""46962"", ""d1"": ""1"", ""d2"": ""1"", ""gpu_us"": ""4715"", ""num_edges"": ""1000000"", ""num_nodes"": ""1000000"", ""num_pieces"": ""1"", ""num_spaces"": ""4"", ""op"": ""image"", ""sparse_factor"": ""1""}","{""d1"": ""1"", ""d2"": ""1"", ""gpu_host_fallback"": ""1"", ""gpu_input_rects"": ""4"", ""gpu_oom_backoffs"": ""5"", ""gpu_scratch_bytes"": ""130000006"", ""gpu_tiles"": ""4"", ""op"": ""image"", ""path"": ""ptrs""}",13,1,block_random,1024,4715,46962,ptrs
tile_sweep_publication,image,1d,dense,1,15,1,cpu_source,cpu_us,2,2,1,2,194000009,2,1,1,1000000,1000000,4,1,0,4.613133,/pscratch/sd/r/rchanani/realm/build_pm_deppart/tests/benchmark -ll:gpu 1 -ll:cpu 1 -ll:fsize 8192 -dp:workers 1 -dp:hpool 256 -nocheck -block_random -block_volume 1024 -d1 1 -d2 1 image -n 1000000 -e 1000000 -p 1 -s 4 -f 1 -b 15,"{""buffer_size"": ""15"", ""cpu_us"": ""46634"", ""d1"": ""1"", ""d2"": ""1"", ""gpu_us"": ""3155"", ""num_edges"": ""1000000"", ""num_nodes"": ""1000000"", ""num_pieces"": ""1"", ""num_spaces"": ""4"", ""op"": ""image"", ""sparse_factor"": ""1""}","{""d1"": ""1"", ""d2"": ""1"", ""gpu_host_fallback"": ""1"", ""gpu_input_rects"": ""2"", ""gpu_oom_backoffs"": ""2"", ""gpu_scratch_bytes"": ""194000009"", ""gpu_tiles"": ""2"", ""op"": ""image"", ""path"": ""ptrs""}",14,2,block_random,1024,3155,46634,ptrs
tile_sweep_publication,image,1d,dense,1,15,1,gpu_source,gpu_us,2,2,1,2,194000009,2,1,1,1000000,1000000,4,1,0,4.407135,/pscratch/sd/r/rchanani/realm/build_pm_deppart/tests/benchmark -ll:gpu 1 -ll:cpu 1 -ll:fsize 8192 -dp:workers 1 -dp:hpool 256 -nocheck -block_random -block_volume 1024 -dp:noisectopt -d1 1 -d2 1 image -n 1000000 -e 1000000 -p 1 -s 4 -f 1 -b 15,"{""buffer_size"": ""15"", ""cpu_us"": ""48429"", ""d1"": ""1"", ""d2"": ""1"", ""gpu_us"": ""3414"", ""num_edges"": ""1000000"", ""num_nodes"": ""1000000"", ""num_pieces"": ""1"", ""num_spaces"": ""4"", ""op"": ""image"", ""sparse_factor"": ""1""}","{""d1"": ""1"", ""d2"": ""1"", ""gpu_host_fallback"": ""1"", ""gpu_input_rects"": ""2"", ""gpu_oom_backoffs"": ""2"", ""gpu_scratch_bytes"": ""194000009"", ""gpu_tiles"": ""2"", ""op"": ""image"", ""path"": ""ptrs""}",15,3,block_random,1024,3414,48429,ptrs
tile_sweep_publication,image,1d,dense,1,20,1,cpu_source,cpu_us,2,2,1,2,258000012,2,1,1,1000000,1000000,4,1,0,4.386569,/pscratch/sd/r/rchanani/realm/build_pm_deppart/tests/benchmark -ll:gpu 1 -ll:cpu 1 -ll:fsize 8192 -dp:workers 1 -dp:hpool 256 -nocheck -block_random -block_volume 1024 -d1 1 -d2 1 image -n 1000000 -e 1000000 -p 1 -s 4 -f 1 -b 20,"{""buffer_size"": ""20"", ""cpu_us"": ""46030"", ""d1"": ""1"", ""d2"": ""1"", ""gpu_us"": ""3568"", ""num_edges"": ""1000000"", ""num_nodes"": ""1000000"", ""num_pieces"": ""1"", ""num_spaces"": ""4"", ""op"": ""image"", ""sparse_factor"": ""1""}","{""d1"": ""1"", ""d2"": ""1"", ""gpu_host_fallback"": ""1"", ""gpu_input_rects"": ""2"", ""gpu_oom_backoffs"": ""2"", ""gpu_scratch_bytes"": ""258000012"", ""gpu_tiles"": ""2"", ""op"": ""image"", ""path"": ""ptrs""}",16,0,block_random,1024,3568,46030,ptrs
tile_sweep_publication,image,1d,dense,1,20,1,gpu_source,gpu_us,2,2,1,2,258000012,2,1,1,1000000,1000000,4,1,0,4.578233,/pscratch/sd/r/rchanani/realm/build_pm_deppart/tests/benchmark -ll:gpu 1 -ll:cpu 1 -ll:fsize 8192 -dp:workers 1 -dp:hpool 256 -nocheck -block_random -block_volume 1024 -dp:noisectopt -d1 1 -d2 1 image -n 1000000 -e 1000000 -p 1 -s 4 -f 1 -b 20,"{""buffer_size"": ""20"", ""cpu_us"": ""45569"", ""d1"": ""1"", ""d2"": ""1"", ""gpu_us"": ""3083"", ""num_edges"": ""1000000"", ""num_nodes"": ""1000000"", ""num_pieces"": ""1"", ""num_spaces"": ""4"", ""op"": ""image"", ""sparse_factor"": ""1""}","{""d1"": ""1"", ""d2"": ""1"", ""gpu_host_fallback"": ""1"", ""gpu_input_rects"": ""2"", ""gpu_oom_backoffs"": ""2"", ""gpu_scratch_bytes"": ""258000012"", ""gpu_tiles"": ""2"", ""op"": ""image"", ""path"": ""ptrs""}",17,1,block_random,1024,3083,45569,ptrs
tile_sweep_publication,image,1d,dense,1,25,1,cpu_source,cpu_us,2,2,1,2,322000016,2,1,1,1000000,1000000,4,1,0,4.697452,/pscratch/sd/r/rchanani/realm/build_pm_deppart/tests/benchmark -ll:gpu 1 -ll:cpu 1 -ll:fsize 8192 -dp:workers 1 -dp:hpool 256 -nocheck -block_random -block_volume 1024 -d1 1 -d2 1 image -n 1000000 -e 1000000 -p 1 -s 4 -f 1 -b 25,"{""buffer_size"": ""25"", ""cpu_us"": ""46107"", ""d1"": ""1"", ""d2"": ""1"", ""gpu_us"": ""3524"", ""num_edges"": ""1000000"", ""num_nodes"": ""1000000"", ""num_pieces"": ""1"", ""num_spaces"": ""4"", ""op"": ""image"", ""sparse_factor"": ""1""}","{""d1"": ""1"", ""d2"": ""1"", ""gpu_host_fallback"": ""1"", ""gpu_input_rects"": ""2"", ""gpu_oom_backoffs"": ""2"", ""gpu_scratch_bytes"": ""322000016"", ""gpu_tiles"": ""2"", ""op"": ""image"", ""path"": ""ptrs""}",18,2,block_random,1024,3524,46107,ptrs
tile_sweep_publication,image,1d,dense,1,25,1,gpu_source,gpu_us,2,2,1,2,322000016,2,1,1,1000000,1000000,4,1,0,4.414279,/pscratch/sd/r/rchanani/realm/build_pm_deppart/tests/benchmark -ll:gpu 1 -ll:cpu 1 -ll:fsize 8192 -dp:workers 1 -dp:hpool 256 -nocheck -block_random -block_volume 1024 -dp:noisectopt -d1 1 -d2 1 image -n 1000000 -e 1000000 -p 1 -s 4 -f 1 -b 25,"{""buffer_size"": ""25"", ""cpu_us"": ""45807"", ""d1"": ""1"", ""d2"": ""1"", ""gpu_us"": ""3521"", ""num_edges"": ""1000000"", ""num_nodes"": ""1000000"", ""num_pieces"": ""1"", ""num_spaces"": ""4"", ""op"": ""image"", ""sparse_factor"": ""1""}","{""d1"": ""1"", ""d2"": ""1"", ""gpu_host_fallback"": ""1"", ""gpu_input_rects"": ""2"", ""gpu_oom_backoffs"": ""2"", ""gpu_scratch_bytes"": ""322000016"", ""gpu_tiles"": ""2"", ""op"": ""image"", ""path"": ""ptrs""}",19,3,block_random,1024,3521,45807,ptrs
tile_sweep_publication,image,1d,dense,1,30,1,cpu_source,cpu_us,1,0,0,1,386000019,2,1,1,1000000,1000000,4,1,0,4.412682,/pscratch/sd/r/rchanani/realm/build_pm_deppart/tests/benchmark -ll:gpu 1 -ll:cpu 1 -ll:fsize 8192 -dp:workers 1 -dp:hpool 256 -nocheck -block_random -block_volume 1024 -d1 1 -d2 1 image -n 1000000 -e 1000000 -p 1 -s 4 -f 1 -b 30,"{""buffer_size"": ""30"", ""cpu_us"": ""45763"", ""d1"": ""1"", ""d2"": ""1"", ""gpu_us"": ""3071"", ""num_edges"": ""1000000"", ""num_nodes"": ""1000000"", ""num_pieces"": ""1"", ""num_spaces"": ""4"", ""op"": ""image"", ""sparse_factor"": ""1""}","{""d1"": ""1"", ""d2"": ""1"", ""gpu_host_fallback"": ""0"", ""gpu_input_rects"": ""1"", ""gpu_oom_backoffs"": ""0"", ""gpu_scratch_bytes"": ""386000019"", ""gpu_tiles"": ""1"", ""op"": ""image"", ""path"": ""ptrs""}",20,0,block_random,1024,3071,45763,ptrs
tile_sweep_publication,image,1d,dense,1,30,1,gpu_source,gpu_us,1,0,0,1,386000019,2,1,1,1000000,1000000,4,1,0,4.568934,/pscratch/sd/r/rchanani/realm/build_pm_deppart/tests/benchmark -ll:gpu 1 -ll:cpu 1 -ll:fsize 8192 -dp:workers 1 -dp:hpool 256 -nocheck -block_random -block_volume 1024 -dp:noisectopt -d1 1 -d2 1 image -n 1000000 -e 1000000 -p 1 -s 4 -f 1 -b 30,"{""buffer_size"": ""30"", ""cpu_us"": ""45974"", ""d1"": ""1"", ""d2"": ""1"", ""gpu_us"": ""2552"", ""num_edges"": ""1000000"", ""num_nodes"": ""1000000"", ""num_pieces"": ""1"", ""num_spaces"": ""4"", ""op"": ""image"", ""sparse_factor"": ""1""}","{""d1"": ""1"", ""d2"": ""1"", ""gpu_host_fallback"": ""0"", ""gpu_input_rects"": ""1"", ""gpu_oom_backoffs"": ""0"", ""gpu_scratch_bytes"": ""386000019"", ""gpu_tiles"": ""1"", ""op"": ""image"", ""path"": ""ptrs""}",21,1,block_random,1024,2552,45974,ptrs
tile_sweep_publication,image,1d,dense,1,40,1,cpu_source,cpu_us,1,0,0,1,514000025,2,1,1,1000000,1000000,4,1,0,4.687526,/pscratch/sd/r/rchanani/realm/build_pm_deppart/tests/benchmark -ll:gpu 1 -ll:cpu 1 -ll:fsize 8192 -dp:workers 1 -dp:hpool 256 -nocheck -block_random -block_volume 1024 -d1 1 -d2 1 image -n 1000000 -e 1000000 -p 1 -s 4 -f 1 -b 40,"{""buffer_size"": ""40"", ""cpu_us"": ""46704"", ""d1"": ""1"", ""d2"": ""1"", ""gpu_us"": ""2930"", ""num_edges"": ""1000000"", ""num_nodes"": ""1000000"", ""num_pieces"": ""1"", ""num_spaces"": ""4"", ""op"": ""image"", ""sparse_factor"": ""1""}","{""d1"": ""1"", ""d2"": ""1"", ""gpu_host_fallback"": ""0"", ""gpu_input_rects"": ""1"", ""gpu_oom_backoffs"": ""0"", ""gpu_scratch_bytes"": ""514000025"", ""gpu_tiles"": ""1"", ""op"": ""image"", ""path"": ""ptrs""}",22,2,block_random,1024,2930,46704,ptrs
tile_sweep_publication,image,1d,dense,1,40,1,gpu_source,gpu_us,1,0,0,1,514000025,2,1,1,1000000,1000000,4,1,0,4.369427,/pscratch/sd/r/rchanani/realm/build_pm_deppart/tests/benchmark -ll:gpu 1 -ll:cpu 1 -ll:fsize 8192 -dp:workers 1 -dp:hpool 256 -nocheck -block_random -block_volume 1024 -dp:noisectopt -d1 1 -d2 1 image -n 1000000 -e 1000000 -p 1 -s 4 -f 1 -b 40,"{""buffer_size"": ""40"", ""cpu_us"": ""45744"", ""d1"": ""1"", ""d2"": ""1"", ""gpu_us"": ""2148"", ""num_edges"": ""1000000"", ""num_nodes"": ""1000000"", ""num_pieces"": ""1"", ""num_spaces"": ""4"", ""op"": ""image"", ""sparse_factor"": ""1""}","{""d1"": ""1"", ""d2"": ""1"", ""gpu_host_fallback"": ""0"", ""gpu_input_rects"": ""1"", ""gpu_oom_backoffs"": ""0"", ""gpu_scratch_bytes"": ""514000025"", ""gpu_tiles"": ""1"", ""op"": ""image"", ""path"": ""ptrs""}",23,3,block_random,1024,2148,45744,ptrs
tile_sweep_publication,image,1d,dense,1,50,1,cpu_source,cpu_us,1,0,0,1,642000032,2,1,1,1000000,1000000,4,1,0,4.401936,/pscratch/sd/r/rchanani/realm/build_pm_deppart/tests/benchmark -ll:gpu 1 -ll:cpu 1 -ll:fsize 8192 -dp:workers 1 -dp:hpool 256 -nocheck -block_random -block_volume 1024 -d1 1 -d2 1 image -n 1000000 -e 1000000 -p 1 -s 4 -f 1 -b 50,"{""buffer_size"": ""50"", ""cpu_us"": ""46376"", ""d1"": ""1"", ""d2"": ""1"", ""gpu_us"": ""3108"", ""num_edges"": ""1000000"", ""num_nodes"": ""1000000"", ""num_pieces"": ""1"", ""num_spaces"": ""4"", ""op"": ""image"", ""sparse_factor"": ""1""}","{""d1"": ""1"", ""d2"": ""1"", ""gpu_host_fallback"": ""0"", ""gpu_input_rects"": ""1"", ""gpu_oom_backoffs"": ""0"", ""gpu_scratch_bytes"": ""642000032"", ""gpu_tiles"": ""1"", ""op"": ""image"", ""path"": ""ptrs""}",24,0,block_random,1024,3108,46376,ptrs
tile_sweep_publication,image,1d,dense,1,50,1,gpu_source,gpu_us,1,0,0,1,642000032,2,1,1,1000000,1000000,4,1,0,4.517588,/pscratch/sd/r/rchanani/realm/build_pm_deppart/tests/benchmark -ll:gpu 1 -ll:cpu 1 -ll:fsize 8192 -dp:workers 1 -dp:hpool 256 -nocheck -block_random -block_volume 1024 -dp:noisectopt -d1 1 -d2 1 image -n 1000000 -e 1000000 -p 1 -s 4 -f 1 -b 50,"{""buffer_size"": ""50"", ""cpu_us"": ""46069"", ""d1"": ""1"", ""d2"": ""1"", ""gpu_us"": ""3581"", ""num_edges"": ""1000000"", ""num_nodes"": ""1000000"", ""num_pieces"": ""1"", ""num_spaces"": ""4"", ""op"": ""image"", ""sparse_factor"": ""1""}","{""d1"": ""1"", ""d2"": ""1"", ""gpu_host_fallback"": ""0"", ""gpu_input_rects"": ""1"", ""gpu_oom_backoffs"": ""0"", ""gpu_scratch_bytes"": ""642000032"", ""gpu_tiles"": ""1"", ""op"": ""image"", ""path"": ""ptrs""}",25,1,block_random,1024,3581,46069,ptrs
tile_sweep_publication,image,1d,dense,1,75,1,cpu_source,cpu_us,1,0,0,1,962000048,2,1,1,1000000,1000000,4,1,0,4.565164,/pscratch/sd/r/rchanani/realm/build_pm_deppart/tests/benchmark -ll:gpu 1 -ll:cpu 1 -ll:fsize 8192 -dp:workers 1 -dp:hpool 256 -nocheck -block_random -block_volume 1024 -d1 1 -d2 1 image -n 1000000 -e 1000000 -p 1 -s 4 -f 1 -b 75,"{""buffer_size"": ""75"", ""cpu_us"": ""46530"", ""d1"": ""1"", ""d2"": ""1"", ""gpu_us"": ""2020"", ""num_edges"": ""1000000"", ""num_nodes"": ""1000000"", ""num_pieces"": ""1"", ""num_spaces"": ""4"", ""op"": ""image"", ""sparse_factor"": ""1""}","{""d1"": ""1"", ""d2"": ""1"", ""gpu_host_fallback"": ""0"", ""gpu_input_rects"": ""1"", ""gpu_oom_backoffs"": ""0"", ""gpu_scratch_bytes"": ""962000048"", ""gpu_tiles"": ""1"", ""op"": ""image"", ""path"": ""ptrs""}",26,2,block_random,1024,2020,46530,ptrs
tile_sweep_publication,image,1d,dense,1,75,1,gpu_source,gpu_us,1,0,0,1,962000048,2,1,1,1000000,1000000,4,1,0,4.424139,/pscratch/sd/r/rchanani/realm/build_pm_deppart/tests/benchmark -ll:gpu 1 -ll:cpu 1 -ll:fsize 8192 -dp:workers 1 -dp:hpool 256 -nocheck -block_random -block_volume 1024 -dp:noisectopt -d1 1 -d2 1 image -n 1000000 -e 1000000 -p 1 -s 4 -f 1 -b 75,"{""buffer_size"": ""75"", ""cpu_us"": ""46253"", ""d1"": ""1"", ""d2"": ""1"", ""gpu_us"": ""2934"", ""num_edges"": ""1000000"", ""num_nodes"": ""1000000"", ""num_pieces"": ""1"", ""num_spaces"": ""4"", ""op"": ""image"", ""sparse_factor"": ""1""}","{""d1"": ""1"", ""d2"": ""1"", ""gpu_host_fallback"": ""0"", ""gpu_input_rects"": ""1"", ""gpu_oom_backoffs"": ""0"", ""gpu_scratch_bytes"": ""962000048"", ""gpu_tiles"": ""1"", ""op"": ""image"", ""path"": ""ptrs""}",27,3,block_random,1024,2934,46253,ptrs
tile_sweep_publication,image,1d,dense,1,100,1,cpu_source,cpu_us,1,0,0,1,1282000064,2,1,1,1000000,1000000,4,1,0,4.391241,/pscratch/sd/r/rchanani/realm/build_pm_deppart/tests/benchmark -ll:gpu 1 -ll:cpu 1 -ll:fsize 8192 -dp:workers 1 -dp:hpool 256 -nocheck -block_random -block_volume 1024 -d1 1 -d2 1 image -n 1000000 -e 1000000 -p 1 -s 4 -f 1 -b 100,"{""buffer_size"": ""100"", ""cpu_us"": ""45866"", ""d1"": ""1"", ""d2"": ""1"", ""gpu_us"": ""3106"", ""num_edges"": ""1000000"", ""num_nodes"": ""1000000"", ""num_pieces"": ""1"", ""num_spaces"": ""4"", ""op"": ""image"", ""sparse_factor"": ""1""}","{""d1"": ""1"", ""d2"": ""1"", ""gpu_host_fallback"": ""0"", ""gpu_input_rects"": ""1"", ""gpu_oom_backoffs"": ""0"", ""gpu_scratch_bytes"": ""1282000064"", ""gpu_tiles"": ""1"", ""op"": ""image"", ""path"": ""ptrs""}",28,0,block_random,1024,3106,45866,ptrs
tile_sweep_publication,image,1d,dense,1,100,1,gpu_source,gpu_us,1,0,0,1,1282000064,2,1,1,1000000,1000000,4,1,0,4.536179,/pscratch/sd/r/rchanani/realm/build_pm_deppart/tests/benchmark -ll:gpu 1 -ll:cpu 1 -ll:fsize 8192 -dp:workers 1 -dp:hpool 256 -nocheck -block_random -block_volume 1024 -dp:noisectopt -d1 1 -d2 1 image -n 1000000 -e 1000000 -p 1 -s 4 -f 1 -b 100,"{""buffer_size"": ""100"", ""cpu_us"": ""46204"", ""d1"": ""1"", ""d2"": ""1"", ""gpu_us"": ""3054"", ""num_edges"": ""1000000"", ""num_nodes"": ""1000000"", ""num_pieces"": ""1"", ""num_spaces"": ""4"", ""op"": ""image"", ""sparse_factor"": ""1""}","{""d1"": ""1"", ""d2"": ""1"", ""gpu_host_fallback"": ""0"", ""gpu_input_rects"": ""1"", ""gpu_oom_backoffs"": ""0"", ""gpu_scratch_bytes"": ""1282000064"", ""gpu_tiles"": ""1"", ""op"": ""image"", ""path"": ""ptrs""}",29,1,block_random,1024,3054,46204,ptrs
tile_sweep_publication,image,1d,sparse,5,1,1,cpu_source,cpu_us,1,0,0,1,28050199,2,1,1,1000000,1000000,4,1,0,4.746456,/pscratch/sd/r/rchanani/realm/build_pm_deppart/tests/benchmark -ll:gpu 1 -ll:cpu 1 -ll:fsize 8192 -dp:workers 1 -dp:hpool 256 -nocheck -block_random -block_volume 1024 -d1 1 -d2 1 image -n 1000000 -e 1000000 -p 1 -s 4 -f 5 -b 1,"{""buffer_size"": ""1"", ""cpu_us"": ""41806"", ""d1"": ""1"", ""d2"": ""1"", ""gpu_us"": ""32015"", ""num_edges"": ""1000000"", ""num_nodes"": ""1000000"", ""num_pieces"": ""1"", ""num_spaces"": ""4"", ""op"": ""image"", ""sparse_factor"": ""5""}","{""d1"": ""1"", ""d2"": ""1"", ""gpu_host_fallback"": ""0"", ""gpu_input_rects"": ""1"", ""gpu_oom_backoffs"": ""0"", ""gpu_scratch_bytes"": ""28050199"", ""gpu_tiles"": ""1"", ""op"": ""image"", ""path"": ""ptrs""}",30,2,block_random,1024,32015,41806,ptrs
tile_sweep_publication,image,1d,sparse,5,1,1,gpu_source,gpu_us,1,0,0,1,28050199,2,1,1,1000000,1000000,4,1,0,4.465826,/pscratch/sd/r/rchanani/realm/build_pm_deppart/tests/benchmark -ll:gpu 1 -ll:cpu 1 -ll:fsize 8192 -dp:workers 1 -dp:hpool 256 -nocheck -block_random -block_volume 1024 -dp:noisectopt -d1 1 -d2 1 image -n 1000000 -e 1000000 -p 1 -s 4 -f 5 -b 1,"{""buffer_size"": ""1"", ""cpu_us"": ""44449"", ""d1"": ""1"", ""d2"": ""1"", ""gpu_us"": ""2765"", ""num_edges"": ""1000000"", ""num_nodes"": ""1000000"", ""num_pieces"": ""1"", ""num_spaces"": ""4"", ""op"": ""image"", ""sparse_factor"": ""5""}","{""d1"": ""1"", ""d2"": ""1"", ""gpu_host_fallback"": ""0"", ""gpu_input_rects"": ""1"", ""gpu_oom_backoffs"": ""0"", ""gpu_scratch_bytes"": ""28050199"", ""gpu_tiles"": ""1"", ""op"": ""image"", ""path"": ""ptrs""}",31,3,block_random,1024,2765,44449,ptrs
tile_sweep_publication,image,1d,sparse,5,2,1,cpu_source,cpu_us,1,0,0,1,40880639,2,1,1,1000000,1000000,4,1,0,4.510978,/pscratch/sd/r/rchanani/realm/build_pm_deppart/tests/benchmark -ll:gpu 1 -ll:cpu 1 -ll:fsize 8192 -dp:workers 1 -dp:hpool 256 -nocheck -block_random -block_volume 1024 -d1 1 -d2 1 image -n 1000000 -e 1000000 -p 1 -s 4 -f 5 -b 2,"{""buffer_size"": ""2"", ""cpu_us"": ""41265"", ""d1"": ""1"", ""d2"": ""1"", ""gpu_us"": ""31443"", ""num_edges"": ""1000000"", ""num_nodes"": ""1000000"", ""num_pieces"": ""1"", ""num_spaces"": ""4"", ""op"": ""image"", ""sparse_factor"": ""5""}","{""d1"": ""1"", ""d2"": ""1"", ""gpu_host_fallback"": ""0"", ""gpu_input_rects"": ""1"", ""gpu_oom_backoffs"": ""0"", ""gpu_scratch_bytes"": ""40880639"", ""gpu_tiles"": ""1"", ""op"": ""image"", ""path"": ""ptrs""}",32,0,block_random,1024,31443,41265,ptrs
tile_sweep_publication,image,1d,sparse,5,2,1,gpu_source,gpu_us,1,0,0,1,40880639,2,1,1,1000000,1000000,4,1,0,4.628164,/pscratch/sd/r/rchanani/realm/build_pm_deppart/tests/benchmark -ll:gpu 1 -ll:cpu 1 -ll:fsize 8192 -dp:workers 1 -dp:hpool 256 -nocheck -block_random -block_volume 1024 -dp:noisectopt -d1 1 -d2 1 image -n 1000000 -e 1000000 -p 1 -s 4 -f 5 -b 2,"{""buffer_size"": ""2"", ""cpu_us"": ""43901"", ""d1"": ""1"", ""d2"": ""1"", ""gpu_us"": ""1765"", ""num_edges"": ""1000000"", ""num_nodes"": ""1000000"", ""num_pieces"": ""1"", ""num_spaces"": ""4"", ""op"": ""image"", ""sparse_factor"": ""5""}","{""d1"": ""1"", ""d2"": ""1"", ""gpu_host_fallback"": ""0"", ""gpu_input_rects"": ""1"", ""gpu_oom_backoffs"": ""0"", ""gpu_scratch_bytes"": ""40880639"", ""gpu_tiles"": ""1"", ""op"": ""image"", ""path"": ""ptrs""}",33,1,block_random,1024,1765,43901,ptrs
tile_sweep_publication,image,1d,sparse,5,3,1,cpu_source,cpu_us,1,0,0,1,53711078,2,1,1,1000000,1000000,4,1,0,4.809755,/pscratch/sd/r/rchanani/realm/build_pm_deppart/tests/benchmark -ll:gpu 1 -ll:cpu 1 -ll:fsize 8192 -dp:workers 1 -dp:hpool 256 -nocheck -block_random -block_volume 1024 -d1 1 -d2 1 image -n 1000000 -e 1000000 -p 1 -s 4 -f 5 -b 3,"{""buffer_size"": ""3"", ""cpu_us"": ""41775"", ""d1"": ""1"", ""d2"": ""1"", ""gpu_us"": ""31642"", ""num_edges"": ""1000000"", ""num_nodes"": ""1000000"", ""num_pieces"": ""1"", ""num_spaces"": ""4"", ""op"": ""image"", ""sparse_factor"": ""5""}","{""d1"": ""1"", ""d2"": ""1"", ""gpu_host_fallback"": ""0"", ""gpu_input_rects"": ""1"", ""gpu_oom_backoffs"": ""0"", ""gpu_scratch_bytes"": ""53711078"", ""gpu_tiles"": ""1"", ""op"": ""image"", ""path"": ""ptrs""}",34,2,block_random,1024,31642,41775,ptrs
tile_sweep_publication,image,1d,sparse,5,3,1,gpu_source,gpu_us,1,0,0,1,53711078,2,1,1,1000000,1000000,4,1,0,4.488246,/pscratch/sd/r/rchanani/realm/build_pm_deppart/tests/benchmark -ll:gpu 1 -ll:cpu 1 -ll:fsize 8192 -dp:workers 1 -dp:hpool 256 -nocheck -block_random -block_volume 1024 -dp:noisectopt -d1 1 -d2 1 image -n 1000000 -e 1000000 -p 1 -s 4 -f 5 -b 3,"{""buffer_size"": ""3"", ""cpu_us"": ""43994"", ""d1"": ""1"", ""d2"": ""1"", ""gpu_us"": ""2785"", ""num_edges"": ""1000000"", ""num_nodes"": ""1000000"", ""num_pieces"": ""1"", ""num_spaces"": ""4"", ""op"": ""image"", ""sparse_factor"": ""5""}","{""d1"": ""1"", ""d2"": ""1"", ""gpu_host_fallback"": ""0"", ""gpu_input_rects"": ""1"", ""gpu_oom_backoffs"": ""0"", ""gpu_scratch_bytes"": ""53711078"", ""gpu_tiles"": ""1"", ""op"": ""image"", ""path"": ""ptrs""}",35,3,block_random,1024,2785,43994,ptrs
tile_sweep_publication,image,1d,sparse,5,4,1,cpu_source,cpu_us,1,0,0,1,66541518,2,1,1,1000000,1000000,4,1,0,4.501690,/pscratch/sd/r/rchanani/realm/build_pm_deppart/tests/benchmark -ll:gpu 1 -ll:cpu 1 -ll:fsize 8192 -dp:workers 1 -dp:hpool 256 -nocheck -block_random -block_volume 1024 -d1 1 -d2 1 image -n 1000000 -e 1000000 -p 1 -s 4 -f 5 -b 4,"{""buffer_size"": ""4"", ""cpu_us"": ""41534"", ""d1"": ""1"", ""d2"": ""1"", ""gpu_us"": ""31220"", ""num_edges"": ""1000000"", ""num_nodes"": ""1000000"", ""num_pieces"": ""1"", ""num_spaces"": ""4"", ""op"": ""image"", ""sparse_factor"": ""5""}","{""d1"": ""1"", ""d2"": ""1"", ""gpu_host_fallback"": ""0"", ""gpu_input_rects"": ""1"", ""gpu_oom_backoffs"": ""0"", ""gpu_scratch_bytes"": ""66541518"", ""gpu_tiles"": ""1"", ""op"": ""image"", ""path"": ""ptrs""}",36,0,block_random,1024,31220,41534,ptrs
tile_sweep_publication,image,1d,sparse,5,4,1,gpu_source,gpu_us,1,0,0,1,66541518,2,1,1,1000000,1000000,4,1,0,4.552185,/pscratch/sd/r/rchanani/realm/build_pm_deppart/tests/benchmark -ll:gpu 1 -ll:cpu 1 -ll:fsize 8192 -dp:workers 1 -dp:hpool 256 -nocheck -block_random -block_volume 1024 -dp:noisectopt -d1 1 -d2 1 image -n 1000000 -e 1000000 -p 1 -s 4 -f 5 -b 4,"{""buffer_size"": ""4"", ""cpu_us"": ""43940"", ""d1"": ""1"", ""d2"": ""1"", ""gpu_us"": ""1647"", ""num_edges"": ""1000000"", ""num_nodes"": ""1000000"", ""num_pieces"": ""1"", ""num_spaces"": ""4"", ""op"": ""image"", ""sparse_factor"": ""5""}","{""d1"": ""1"", ""d2"": ""1"", ""gpu_host_fallback"": ""0"", ""gpu_input_rects"": ""1"", ""gpu_oom_backoffs"": ""0"", ""gpu_scratch_bytes"": ""66541518"", ""gpu_tiles"": ""1"", ""op"": ""image"", ""path"": ""ptrs""}",37,1,block_random,1024,1647,43940,ptrs
tile_sweep_publication,image,1d,sparse,5,5,1,cpu_source,cpu_us,1,0,0,1,79371957,2,1,1,1000000,1000000,4,1,0,4.710013,/pscratch/sd/r/rchanani/realm/build_pm_deppart/tests/benchmark -ll:gpu 1 -ll:cpu 1 -ll:fsize 8192 -dp:workers 1 -dp:hpool 256 -nocheck -block_random -block_volume 1024 -d1 1 -d2 1 image -n 1000000 -e 1000000 -p 1 -s 4 -f 5 -b 5,"{""buffer_size"": ""5"", ""cpu_us"": ""42009"", ""d1"": ""1"", ""d2"": ""1"", ""gpu_us"": ""31142"", ""num_edges"": ""1000000"", ""num_nodes"": ""1000000"", ""num_pieces"": ""1"", ""num_spaces"": ""4"", ""op"": ""image"", ""sparse_factor"": ""5""}","{""d1"": ""1"", ""d2"": ""1"", ""gpu_host_fallback"": ""0"", ""gpu_input_rects"": ""1"", ""gpu_oom_backoffs"": ""0"", ""gpu_scratch_bytes"": ""79371957"", ""gpu_tiles"": ""1"", ""op"": ""image"", ""path"": ""ptrs""}",38,2,block_random,1024,31142,42009,ptrs
tile_sweep_publication,image,1d,sparse,5,5,1,gpu_source,gpu_us,1,0,0,1,79371957,2,1,1,1000000,1000000,4,1,0,4.485018,/pscratch/sd/r/rchanani/realm/build_pm_deppart/tests/benchmark -ll:gpu 1 -ll:cpu 1 -ll:fsize 8192 -dp:workers 1 -dp:hpool 256 -nocheck -block_random -block_volume 1024 -dp:noisectopt -d1 1 -d2 1 image -n 1000000 -e 1000000 -p 1 -s 4 -f 5 -b 5,"{""buffer_size"": ""5"", ""cpu_us"": ""43902"", ""d1"": ""1"", ""d2"": ""1"", ""gpu_us"": ""2986"", ""num_edges"": ""1000000"", ""num_nodes"": ""1000000"", ""num_pieces"": ""1"", ""num_spaces"": ""4"", ""op"": ""image"", ""sparse_factor"": ""5""}","{""d1"": ""1"", ""d2"": ""1"", ""gpu_host_fallback"": ""0"", ""gpu_input_rects"": ""1"", ""gpu_oom_backoffs"": ""0"", ""gpu_scratch_bytes"": ""79371957"", ""gpu_tiles"": ""1"", ""op"": ""image"", ""path"": ""ptrs""}",39,3,block_random,1024,2986,43902,ptrs
tile_sweep_publication,image,1d,sparse,5,7,1,cpu_source,cpu_us,1,0,0,1,105032836,2,1,1,1000000,1000000,4,1,0,4.502297,/pscratch/sd/r/rchanani/realm/build_pm_deppart/tests/benchmark -ll:gpu 1 -ll:cpu 1 -ll:fsize 8192 -dp:workers 1 -dp:hpool 256 -nocheck -block_random -block_volume 1024 -d1 1 -d2 1 image -n 1000000 -e 1000000 -p 1 -s 4 -f 5 -b 7,"{""buffer_size"": ""7"", ""cpu_us"": ""41496"", ""d1"": ""1"", ""d2"": ""1"", ""gpu_us"": ""31839"", ""num_edges"": ""1000000"", ""num_nodes"": ""1000000"", ""num_pieces"": ""1"", ""num_spaces"": ""4"", ""op"": ""image"", ""sparse_factor"": ""5""}","{""d1"": ""1"", ""d2"": ""1"", ""gpu_host_fallback"": ""0"", ""gpu_input_rects"": ""1"", ""gpu_oom_backoffs"": ""0"", ""gpu_scratch_bytes"": ""105032836"", ""gpu_tiles"": ""1"", ""op"": ""image"", ""path"": ""ptrs""}",40,0,block_random,1024,31839,41496,ptrs
tile_sweep_publication,image,1d,sparse,5,7,1,gpu_source,gpu_us,1,0,0,1,105032836,2,1,1,1000000,1000000,4,1,0,4.678352,/pscratch/sd/r/rchanani/realm/build_pm_deppart/tests/benchmark -ll:gpu 1 -ll:cpu 1 -ll:fsize 8192 -dp:workers 1 -dp:hpool 256 -nocheck -block_random -block_volume 1024 -dp:noisectopt -d1 1 -d2 1 image -n 1000000 -e 1000000 -p 1 -s 4 -f 5 -b 7,"{""buffer_size"": ""7"", ""cpu_us"": ""44503"", ""d1"": ""1"", ""d2"": ""1"", ""gpu_us"": ""2888"", ""num_edges"": ""1000000"", ""num_nodes"": ""1000000"", ""num_pieces"": ""1"", ""num_spaces"": ""4"", ""op"": ""image"", ""sparse_factor"": ""5""}","{""d1"": ""1"", ""d2"": ""1"", ""gpu_host_fallback"": ""0"", ""gpu_input_rects"": ""1"", ""gpu_oom_backoffs"": ""0"", ""gpu_scratch_bytes"": ""105032836"", ""gpu_tiles"": ""1"", ""op"": ""image"", ""path"": ""ptrs""}",41,1,block_random,1024,2888,44503,ptrs
tile_sweep_publication,image,1d,sparse,5,10,1,cpu_source,cpu_us,1,0,0,1,143524155,2,1,1,1000000,1000000,4,1,0,4.742783,/pscratch/sd/r/rchanani/realm/build_pm_deppart/tests/benchmark -ll:gpu 1 -ll:cpu 1 -ll:fsize 8192 -dp:workers 1 -dp:hpool 256 -nocheck -block_random -block_volume 1024 -d1 1 -d2 1 image -n 1000000 -e 1000000 -p 1 -s 4 -f 5 -b 10,"{""buffer_size"": ""10"", ""cpu_us"": ""41070"", ""d1"": ""1"", ""d2"": ""1"", ""gpu_us"": ""31231"", ""num_edges"": ""1000000"", ""num_nodes"": ""1000000"", ""num_pieces"": ""1"", ""num_spaces"": ""4"", ""op"": ""image"", ""sparse_factor"": ""5""}","{""d1"": ""1"", ""d2"": ""1"", ""gpu_host_fallback"": ""0"", ""gpu_input_rects"": ""1"", ""gpu_oom_backoffs"": ""0"", ""gpu_scratch_bytes"": ""143524155"", ""gpu_tiles"": ""1"", ""op"": ""image"", ""path"": ""ptrs""}",42,2,block_random,1024,31231,41070,ptrs
tile_sweep_publication,image,1d,sparse,5,10,1,gpu_source,gpu_us,1,0,0,1,143524155,2,1,1,1000000,1000000,4,1,0,4.458769,/pscratch/sd/r/rchanani/realm/build_pm_deppart/tests/benchmark -ll:gpu 1 -ll:cpu 1 -ll:fsize 8192 -dp:workers 1 -dp:hpool 256 -nocheck -block_random -block_volume 1024 -dp:noisectopt -d1 1 -d2 1 image -n 1000000 -e 1000000 -p 1 -s 4 -f 5 -b 10,"{""buffer_size"": ""10"", ""cpu_us"": ""44498"", ""d1"": ""1"", ""d2"": ""1"", ""gpu_us"": ""2820"", ""num_edges"": ""1000000"", ""num_nodes"": ""1000000"", ""num_pieces"": ""1"", ""num_spaces"": ""4"", ""op"": ""image"", ""sparse_factor"": ""5""}","{""d1"": ""1"", ""d2"": ""1"", ""gpu_host_fallback"": ""0"", ""gpu_input_rects"": ""1"", ""gpu_oom_backoffs"": ""0"", ""gpu_scratch_bytes"": ""143524155"", ""gpu_tiles"": ""1"", ""op"": ""image"", ""path"": ""ptrs""}",43,3,block_random,1024,2820,44498,ptrs
tile_sweep_publication,image,1d,sparse,5,15,1,cpu_source,cpu_us,1,0,0,1,207676352,2,1,1,1000000,1000000,4,1,0,4.498775,/pscratch/sd/r/rchanani/realm/build_pm_deppart/tests/benchmark -ll:gpu 1 -ll:cpu 1 -ll:fsize 8192 -dp:workers 1 -dp:hpool 256 -nocheck -block_random -block_volume 1024 -d1 1 -d2 1 image -n 1000000 -e 1000000 -p 1 -s 4 -f 5 -b 15,"{""buffer_size"": ""15"", ""cpu_us"": ""41341"", ""d1"": ""1"", ""d2"": ""1"", ""gpu_us"": ""31249"", ""num_edges"": ""1000000"", ""num_nodes"": ""1000000"", ""num_pieces"": ""1"", ""num_spaces"": ""4"", ""op"": ""image"", ""sparse_factor"": ""5""}","{""d1"": ""1"", ""d2"": ""1"", ""gpu_host_fallback"": ""0"", ""gpu_input_rects"": ""1"", ""gpu_oom_backoffs"": ""0"", ""gpu_scratch_bytes"": ""207676352"", ""gpu_tiles"": ""1"", ""op"": ""image"", ""path"": ""ptrs""}",44,0,block_random,1024,31249,41341,ptrs
tile_sweep_publication,image,1d,sparse,5,15,1,gpu_source,gpu_us,1,0,0,1,207676352,2,1,1,1000000,1000000,4,1,0,4.741240,/pscratch/sd/r/rchanani/realm/build_pm_deppart/tests/benchmark -ll:gpu 1 -ll:cpu 1 -ll:fsize 8192 -dp:workers 1 -dp:hpool 256 -nocheck -block_random -block_volume 1024 -dp:noisectopt -d1 1 -d2 1 image -n 1000000 -e 1000000 -p 1 -s 4 -f 5 -b 15,"{""buffer_size"": ""15"", ""cpu_us"": ""43677"", ""d1"": ""1"", ""d2"": ""1"", ""gpu_us"": ""2787"", ""num_edges"": ""1000000"", ""num_nodes"": ""1000000"", ""num_pieces"": ""1"", ""num_spaces"": ""4"", ""op"": ""image"", ""sparse_factor"": ""5""}","{""d1"": ""1"", ""d2"": ""1"", ""gpu_host_fallback"": ""0"", ""gpu_input_rects"": ""1"", ""gpu_oom_backoffs"": ""0"", ""gpu_scratch_bytes"": ""207676352"", ""gpu_tiles"": ""1"", ""op"": ""image"", ""path"": ""ptrs""}",45,1,block_random,1024,2787,43677,ptrs
tile_sweep_publication,image,1d,sparse,5,20,1,cpu_source,cpu_us,1,0,0,1,271828550,2,1,1,1000000,1000000,4,1,0,4.705971,/pscratch/sd/r/rchanani/realm/build_pm_deppart/tests/benchmark -ll:gpu 1 -ll:cpu 1 -ll:fsize 8192 -dp:workers 1 -dp:hpool 256 -nocheck -block_random -block_volume 1024 -d1 1 -d2 1 image -n 1000000 -e 1000000 -p 1 -s 4 -f 5 -b 20,"{""buffer_size"": ""20"", ""cpu_us"": ""41712"", ""d1"": ""1"", ""d2"": ""1"", ""gpu_us"": ""31514"", ""num_edges"": ""1000000"", ""num_nodes"": ""1000000"", ""num_pieces"": ""1"", ""num_spaces"": ""4"", ""op"": ""image"", ""sparse_factor"": ""5""}","{""d1"": ""1"", ""d2"": ""1"", ""gpu_host_fallback"": ""0"", ""gpu_input_rects"": ""1"", ""gpu_oom_backoffs"": ""0"", ""gpu_scratch_bytes"": ""271828550"", ""gpu_tiles"": ""1"", ""op"": ""image"", ""path"": ""ptrs""}",46,2,block_random,1024,31514,41712,ptrs
tile_sweep_publication,image,1d,sparse,5,20,1,gpu_source,gpu_us,1,0,0,1,271828550,2,1,1,1000000,1000000,4,1,0,4.465607,/pscratch/sd/r/rchanani/realm/build_pm_deppart/tests/benchmark -ll:gpu 1 -ll:cpu 1 -ll:fsize 8192 -dp:workers 1 -dp:hpool 256 -nocheck -block_random -block_volume 1024 -dp:noisectopt -d1 1 -d2 1 image -n 1000000 -e 1000000 -p 1 -s 4 -f 5 -b 20,"{""buffer_size"": ""20"", ""cpu_us"": ""43940"", ""d1"": ""1"", ""d2"": ""1"", ""gpu_us"": ""2862"", ""num_edges"": ""1000000"", ""num_nodes"": ""1000000"", ""num_pieces"": ""1"", ""num_spaces"": ""4"", ""op"": ""image"", ""sparse_factor"": ""5""}","{""d1"": ""1"", ""d2"": ""1"", ""gpu_host_fallback"": ""0"", ""gpu_input_rects"": ""1"", ""gpu_oom_backoffs"": ""0"", ""gpu_scratch_bytes"": ""271828550"", ""gpu_tiles"": ""1"", ""op"": ""image"", ""path"": ""ptrs""}",47,3,block_random,1024,2862,43940,ptrs
tile_sweep_publication,image,1d,sparse,5,25,1,cpu_source,cpu_us,1,0,0,1,335980748,2,1,1,1000000,1000000,4,1,0,4.499694,/pscratch/sd/r/rchanani/realm/build_pm_deppart/tests/benchmark -ll:gpu 1 -ll:cpu 1 -ll:fsize 8192 -dp:workers 1 -dp:hpool 256 -nocheck -block_random -block_volume 1024 -d1 1 -d2 1 image -n 1000000 -e 1000000 -p 1 -s 4 -f 5 -b 25,"{""buffer_size"": ""25"", ""cpu_us"": ""41239"", ""d1"": ""1"", ""d2"": ""1"", ""gpu_us"": ""31725"", ""num_edges"": ""1000000"", ""num_nodes"": ""1000000"", ""num_pieces"": ""1"", ""num_spaces"": ""4"", ""op"": ""image"", ""sparse_factor"": ""5""}","{""d1"": ""1"", ""d2"": ""1"", ""gpu_host_fallback"": ""0"", ""gpu_input_rects"": ""1"", ""gpu_oom_backoffs"": ""0"", ""gpu_scratch_bytes"": ""335980748"", ""gpu_tiles"": ""1"", ""op"": ""image"", ""path"": ""ptrs""}",48,0,block_random,1024,31725,41239,ptrs
tile_sweep_publication,image,1d,sparse,5,25,1,gpu_source,gpu_us,1,0,0,1,335980748,2,1,1,1000000,1000000,4,1,0,4.729189,/pscratch/sd/r/rchanani/realm/build_pm_deppart/tests/benchmark -ll:gpu 1 -ll:cpu 1 -ll:fsize 8192 -dp:workers 1 -dp:hpool 256 -nocheck -block_random -block_volume 1024 -dp:noisectopt -d1 1 -d2 1 image -n 1000000 -e 1000000 -p 1 -s 4 -f 5 -b 25,"{""buffer_size"": ""25"", ""cpu_us"": ""44100"", ""d1"": ""1"", ""d2"": ""1"", ""gpu_us"": ""2697"", ""num_edges"": ""1000000"", ""num_nodes"": ""1000000"", ""num_pieces"": ""1"", ""num_spaces"": ""4"", ""op"": ""image"", ""sparse_factor"": ""5""}","{""d1"": ""1"", ""d2"": ""1"", ""gpu_host_fallback"": ""0"", ""gpu_input_rects"": ""1"", ""gpu_oom_backoffs"": ""0"", ""gpu_scratch_bytes"": ""335980748"", ""gpu_tiles"": ""1"", ""op"": ""image"", ""path"": ""ptrs""}",49,1,block_random,1024,2697,44100,ptrs
tile_sweep_publication,image,1d,sparse,5,30,1,cpu_source,cpu_us,1,0,0,1,400132945,2,1,1,1000000,1000000,4,1,0,4.696680,/pscratch/sd/r/rchanani/realm/build_pm_deppart/tests/benchmark -ll:gpu 1 -ll:cpu 1 -ll:fsize 8192 -dp:workers 1 -dp:hpool 256 -nocheck -block_random -block_volume 1024 -d1 1 -d2 1 image -n 1000000 -e 1000000 -p 1 -s 4 -f 5 -b 30,"{""buffer_size"": ""30"", ""cpu_us"": ""44501"", ""d1"": ""1"", ""d2"": ""1"", ""gpu_us"": ""31381"", ""num_edges"": ""1000000"", ""num_nodes"": ""1000000"", ""num_pieces"": ""1"", ""num_spaces"": ""4"", ""op"": ""image"", ""sparse_factor"": ""5""}","{""d1"": ""1"", ""d2"": ""1"", ""gpu_host_fallback"": ""0"", ""gpu_input_rects"": ""1"", ""gpu_oom_backoffs"": ""0"", ""gpu_scratch_bytes"": ""400132945"", ""gpu_tiles"": ""1"", ""op"": ""image"", ""path"": ""ptrs""}",50,2,block_random,1024,31381,44501,ptrs
tile_sweep_publication,image,1d,sparse,5,30,1,gpu_source,gpu_us,1,0,0,1,400132945,2,1,1,1000000,1000000,4,1,0,4.493783,/pscratch/sd/r/rchanani/realm/build_pm_deppart/tests/benchmark -ll:gpu 1 -ll:cpu 1 -ll:fsize 8192 -dp:workers 1 -dp:hpool 256 -nocheck -block_random -block_volume 1024 -dp:noisectopt -d1 1 -d2 1 image -n 1000000 -e 1000000 -p 1 -s 4 -f 5 -b 30,"{""buffer_size"": ""30"", ""cpu_us"": ""44138"", ""d1"": ""1"", ""d2"": ""1"", ""gpu_us"": ""3270"", ""num_edges"": ""1000000"", ""num_nodes"": ""1000000"", ""num_pieces"": ""1"", ""num_spaces"": ""4"", ""op"": ""image"", ""sparse_factor"": ""5""}","{""d1"": ""1"", ""d2"": ""1"", ""gpu_host_fallback"": ""0"", ""gpu_input_rects"": ""1"", ""gpu_oom_backoffs"": ""0"", ""gpu_scratch_bytes"": ""400132945"", ""gpu_tiles"": ""1"", ""op"": ""image"", ""path"": ""ptrs""}",51,3,block_random,1024,3270,44138,ptrs
tile_sweep_publication,image,1d,sparse,5,40,1,cpu_source,cpu_us,1,0,0,1,528437340,2,1,1,1000000,1000000,4,1,0,4.520818,/pscratch/sd/r/rchanani/realm/build_pm_deppart/tests/benchmark -ll:gpu 1 -ll:cpu 1 -ll:fsize 8192 -dp:workers 1 -dp:hpool 256 -nocheck -block_random -block_volume 1024 -d1 1 -d2 1 image -n 1000000 -e 1000000 -p 1 -s 4 -f 5 -b 40,"{""buffer_size"": ""40"", ""cpu_us"": ""41408"", ""d1"": ""1"", ""d2"": ""1"", ""gpu_us"": ""30742"", ""num_edges"": ""1000000"", ""num_nodes"": ""1000000"", ""num_pieces"": ""1"", ""num_spaces"": ""4"", ""op"": ""image"", ""sparse_factor"": ""5""}","{""d1"": ""1"", ""d2"": ""1"", ""gpu_host_fallback"": ""0"", ""gpu_input_rects"": ""1"", ""gpu_oom_backoffs"": ""0"", ""gpu_scratch_bytes"": ""528437340"", ""gpu_tiles"": ""1"", ""op"": ""image"", ""path"": ""ptrs""}",52,0,block_random,1024,30742,41408,ptrs
tile_sweep_publication,image,1d,sparse,5,40,1,gpu_source,gpu_us,1,0,0,1,528437340,2,1,1,1000000,1000000,4,1,0,4.577993,/pscratch/sd/r/rchanani/realm/build_pm_deppart/tests/benchmark -ll:gpu 1 -ll:cpu 1 -ll:fsize 8192 -dp:workers 1 -dp:hpool 256 -nocheck -block_random -block_volume 1024 -dp:noisectopt -d1 1 -d2 1 image -n 1000000 -e 1000000 -p 1 -s 4 -f 5 -b 40,"{""buffer_size"": ""40"", ""cpu_us"": ""43989"", ""d1"": ""1"", ""d2"": ""1"", ""gpu_us"": ""1735"", ""num_edges"": ""1000000"", ""num_nodes"": ""1000000"", ""num_pieces"": ""1"", ""num_spaces"": ""4"", ""op"": ""image"", ""sparse_factor"": ""5""}","{""d1"": ""1"", ""d2"": ""1"", ""gpu_host_fallback"": ""0"", ""gpu_input_rects"": ""1"", ""gpu_oom_backoffs"": ""0"", ""gpu_scratch_bytes"": ""528437340"", ""gpu_tiles"": ""1"", ""op"": ""image"", ""path"": ""ptrs""}",53,1,block_random,1024,1735,43989,ptrs
tile_sweep_publication,image,1d,sparse,5,50,1,cpu_source,cpu_us,1,0,0,1,656741736,2,1,1,1000000,1000000,4,1,0,4.715710,/pscratch/sd/r/rchanani/realm/build_pm_deppart/tests/benchmark -ll:gpu 1 -ll:cpu 1 -ll:fsize 8192 -dp:workers 1 -dp:hpool 256 -nocheck -block_random -block_volume 1024 -d1 1 -d2 1 image -n 1000000 -e 1000000 -p 1 -s 4 -f 5 -b 50,"{""buffer_size"": ""50"", ""cpu_us"": ""41174"", ""d1"": ""1"", ""d2"": ""1"", ""gpu_us"": ""31610"", ""num_edges"": ""1000000"", ""num_nodes"": ""1000000"", ""num_pieces"": ""1"", ""num_spaces"": ""4"", ""op"": ""image"", ""sparse_factor"": ""5""}","{""d1"": ""1"", ""d2"": ""1"", ""gpu_host_fallback"": ""0"", ""gpu_input_rects"": ""1"", ""gpu_oom_backoffs"": ""0"", ""gpu_scratch_bytes"": ""656741736"", ""gpu_tiles"": ""1"", ""op"": ""image"", ""path"": ""ptrs""}",54,2,block_random,1024,31610,41174,ptrs
tile_sweep_publication,image,1d,sparse,5,50,1,gpu_source,gpu_us,1,0,0,1,656741736,2,1,1,1000000,1000000,4,1,0,4.461264,/pscratch/sd/r/rchanani/realm/build_pm_deppart/tests/benchmark -ll:gpu 1 -ll:cpu 1 -ll:fsize 8192 -dp:workers 1 -dp:hpool 256 -nocheck -block_random -block_volume 1024 -dp:noisectopt -d1 1 -d2 1 image -n 1000000 -e 1000000 -p 1 -s 4 -f 5 -b 50,"{""buffer_size"": ""50"", ""cpu_us"": ""44331"", ""d1"": ""1"", ""d2"": ""1"", ""gpu_us"": ""2787"", ""num_edges"": ""1000000"", ""num_nodes"": ""1000000"", ""num_pieces"": ""1"", ""num_spaces"": ""4"", ""op"": ""image"", ""sparse_factor"": ""5""}","{""d1"": ""1"", ""d2"": ""1"", ""gpu_host_fallback"": ""0"", ""gpu_input_rects"": ""1"", ""gpu_oom_backoffs"": ""0"", ""gpu_scratch_bytes"": ""656741736"", ""gpu_tiles"": ""1"", ""op"": ""image"", ""path"": ""ptrs""}",55,3,block_random,1024,2787,44331,ptrs
tile_sweep_publication,image,1d,sparse,5,75,1,cpu_source,cpu_us,1,0,0,1,977502724,2,1,1,1000000,1000000,4,1,0,4.544667,/pscratch/sd/r/rchanani/realm/build_pm_deppart/tests/benchmark -ll:gpu 1 -ll:cpu 1 -ll:fsize 8192 -dp:workers 1 -dp:hpool 256 -nocheck -block_random -block_volume 1024 -d1 1 -d2 1 image -n 1000000 -e 1000000 -p 1 -s 4 -f 5 -b 75,"{""buffer_size"": ""75"", ""cpu_us"": ""41604"", ""d1"": ""1"", ""d2"": ""1"", ""gpu_us"": ""31539"", ""num_edges"": ""1000000"", ""num_nodes"": ""1000000"", ""num_pieces"": ""1"", ""num_spaces"": ""4"", ""op"": ""image"", ""sparse_factor"": ""5""}","{""d1"": ""1"", ""d2"": ""1"", ""gpu_host_fallback"": ""0"", ""gpu_input_rects"": ""1"", ""gpu_oom_backoffs"": ""0"", ""gpu_scratch_bytes"": ""977502724"", ""gpu_tiles"": ""1"", ""op"": ""image"", ""path"": ""ptrs""}",56,0,block_random,1024,31539,41604,ptrs
tile_sweep_publication,image,1d,sparse,5,75,1,gpu_source,gpu_us,1,0,0,1,977502724,2,1,1,1000000,1000000,4,1,0,4.585949,/pscratch/sd/r/rchanani/realm/build_pm_deppart/tests/benchmark -ll:gpu 1 -ll:cpu 1 -ll:fsize 8192 -dp:workers 1 -dp:hpool 256 -nocheck -block_random -block_volume 1024 -dp:noisectopt -d1 1 -d2 1 image -n 1000000 -e 1000000 -p 1 -s 4 -f 5 -b 75,"{""buffer_size"": ""75"", ""cpu_us"": ""44869"", ""d1"": ""1"", ""d2"": ""1"", ""gpu_us"": ""3073"", ""num_edges"": ""1000000"", ""num_nodes"": ""1000000"", ""num_pieces"": ""1"", ""num_spaces"": ""4"", ""op"": ""image"", ""sparse_factor"": ""5""}","{""d1"": ""1"", ""d2"": ""1"", ""gpu_host_fallback"": ""0"", ""gpu_input_rects"": ""1"", ""gpu_oom_backoffs"": ""0"", ""gpu_scratch_bytes"": ""977502724"", ""gpu_tiles"": ""1"", ""op"": ""image"", ""path"": ""ptrs""}",57,1,block_random,1024,3073,44869,ptrs
tile_sweep_publication,image,1d,sparse,5,100,1,cpu_source,cpu_us,1,0,0,1,1298263712,2,1,1,1000000,1000000,4,1,0,4.771733,/pscratch/sd/r/rchanani/realm/build_pm_deppart/tests/benchmark -ll:gpu 1 -ll:cpu 1 -ll:fsize 8192 -dp:workers 1 -dp:hpool 256 -nocheck -block_random -block_volume 1024 -d1 1 -d2 1 image -n 1000000 -e 1000000 -p 1 -s 4 -f 5 -b 100,"{""buffer_size"": ""100"", ""cpu_us"": ""41640"", ""d1"": ""1"", ""d2"": ""1"", ""gpu_us"": ""31282"", ""num_edges"": ""1000000"", ""num_nodes"": ""1000000"", ""num_pieces"": ""1"", ""num_spaces"": ""4"", ""op"": ""image"", ""sparse_factor"": ""5""}","{""d1"": ""1"", ""d2"": ""1"", ""gpu_host_fallback"": ""0"", ""gpu_input_rects"": ""1"", ""gpu_oom_backoffs"": ""0"", ""gpu_scratch_bytes"": ""1298263712"", ""gpu_tiles"": ""1"", ""op"": ""image"", ""path"": ""ptrs""}",58,2,block_random,1024,31282,41640,ptrs
tile_sweep_publication,image,1d,sparse,5,100,1,gpu_source,gpu_us,1,0,0,1,1298263712,2,1,1,1000000,1000000,4,1,0,4.459261,/pscratch/sd/r/rchanani/realm/build_pm_deppart/tests/benchmark -ll:gpu 1 -ll:cpu 1 -ll:fsize 8192 -dp:workers 1 -dp:hpool 256 -nocheck -block_random -block_volume 1024 -dp:noisectopt -d1 1 -d2 1 image -n 1000000 -e 1000000 -p 1 -s 4 -f 5 -b 100,"{""buffer_size"": ""100"", ""cpu_us"": ""44977"", ""d1"": ""1"", ""d2"": ""1"", ""gpu_us"": ""2672"", ""num_edges"": ""1000000"", ""num_nodes"": ""1000000"", ""num_pieces"": ""1"", ""num_spaces"": ""4"", ""op"": ""image"", ""sparse_factor"": ""5""}","{""d1"": ""1"", ""d2"": ""1"", ""gpu_host_fallback"": ""0"", ""gpu_input_rects"": ""1"", ""gpu_oom_backoffs"": ""0"", ""gpu_scratch_bytes"": ""1298263712"", ""gpu_tiles"": ""1"", ""op"": ""image"", ""path"": ""ptrs""}",59,3,block_random,1024,2672,44977,ptrs
tile_sweep_publication,image,2d,dense,1,1,1,cpu_source,cpu_us,32,104,1,32,21200001,2,2,2,1000,1000,4,1,0,1.491071,/pscratch/sd/r/rchanani/realm/build_pm_deppart/tests/benchmark -ll:gpu 1 -ll:cpu 1 -ll:fsize 8192 -dp:workers 1 -dp:hpool 256 -nocheck -block_random -block_volume 1024 -d1 2 -d2 2 image -n 1000 -e 1000 -p 1 -s 4 -f 1 -b 1,"{""buffer_size"": ""1"", ""cpu_us"": ""252915"", ""d1"": ""2"", ""d2"": ""2"", ""gpu_us"": ""149866"", ""num_edges"": ""1000"", ""num_nodes"": ""1000"", ""num_pieces"": ""1"", ""num_spaces"": ""4"", ""op"": ""image"", ""sparse_factor"": ""1""}","{""d1"": ""2"", ""d2"": ""2"", ""gpu_host_fallback"": ""1"", ""gpu_input_rects"": ""32"", ""gpu_oom_backoffs"": ""104"", ""gpu_scratch_bytes"": ""21200001"", ""gpu_tiles"": ""32"", ""op"": ""image"", ""path"": ""ptrs""}",60,0,block_random,1024,149866,252915,ptrs
tile_sweep_publication,image,2d,dense,1,1,1,gpu_source,gpu_us,32,104,1,32,21200001,2,2,2,1000,1000,4,1,0,1.755455,/pscratch/sd/r/rchanani/realm/build_pm_deppart/tests/benchmark -ll:gpu 1 -ll:cpu 1 -ll:fsize 8192 -dp:workers 1 -dp:hpool 256 -nocheck -block_random -block_volume 1024 -dp:noisectopt -d1 2 -d2 2 image -n 1000 -e 1000 -p 1 -s 4 -f 1 -b 1,"{""buffer_size"": ""1"", ""cpu_us"": ""254750"", ""d1"": ""2"", ""d2"": ""2"", ""gpu_us"": ""155438"", ""num_edges"": ""1000"", ""num_nodes"": ""1000"", ""num_pieces"": ""1"", ""num_spaces"": ""4"", ""op"": ""image"", ""sparse_factor"": ""1""}","{""d1"": ""2"", ""d2"": ""2"", ""gpu_host_fallback"": ""1"", ""gpu_input_rects"": ""32"", ""gpu_oom_backoffs"": ""104"", ""gpu_scratch_bytes"": ""21200001"", ""gpu_tiles"": ""32"", ""op"": ""image"", ""path"": ""ptrs""}",61,1,block_random,1024,155438,254750,ptrs
tile_sweep_publication,image,2d,dense,1,2,1,cpu_source,cpu_us,16,39,1,16,40400002,2,2,2,1000,1000,4,1,0,1.586914,/pscratch/sd/r/rchanani/realm/build_pm_deppart/tests/benchmark -ll:gpu 1 -ll:cpu 1 -ll:fsize 8192 -dp:workers 1 -dp:hpool 256 -nocheck -block_random -block_volume 1024 -d1 2 -d2 2 image -n 1000 -e 1000 -p 1 -s 4 -f 1 -b 2,"{""buffer_size"": ""2"", ""cpu_us"": ""256705"", ""d1"": ""2"", ""d2"": ""2"", ""gpu_us"": ""132457"", ""num_edges"": ""1000"", ""num_nodes"": ""1000"", ""num_pieces"": ""1"", ""num_spaces"": ""4"", ""op"": ""image"", ""sparse_factor"": ""1""}","{""d1"": ""2"", ""d2"": ""2"", ""gpu_host_fallback"": ""1"", ""gpu_input_rects"": ""16"", ""gpu_oom_backoffs"": ""39"", ""gpu_scratch_bytes"": ""40400002"", ""gpu_tiles"": ""16"", ""op"": ""image"", ""path"": ""ptrs""}",62,2,block_random,1024,132457,256705,ptrs
tile_sweep_publication,image,2d,dense,1,2,1,gpu_source,gpu_us,16,39,1,16,40400002,2,2,2,1000,1000,4,1,0,1.438173,/pscratch/sd/r/rchanani/realm/build_pm_deppart/tests/benchmark -ll:gpu 1 -ll:cpu 1 -ll:fsize 8192 -dp:workers 1 -dp:hpool 256 -nocheck -block_random -block_volume 1024 -dp:noisectopt -d1 2 -d2 2 image -n 1000 -e 1000 -p 1 -s 4 -f 1 -b 2,"{""buffer_size"": ""2"", ""cpu_us"": ""252046"", ""d1"": ""2"", ""d2"": ""2"", ""gpu_us"": ""124935"", ""num_edges"": ""1000"", ""num_nodes"": ""1000"", ""num_pieces"": ""1"", ""num_spaces"": ""4"", ""op"": ""image"", ""sparse_factor"": ""1""}","{""d1"": ""2"", ""d2"": ""2"", ""gpu_host_fallback"": ""1"", ""gpu_input_rects"": ""16"", ""gpu_oom_backoffs"": ""39"", ""gpu_scratch_bytes"": ""40400002"", ""gpu_tiles"": ""16"", ""op"": ""image"", ""path"": ""ptrs""}",63,3,block_random,1024,124935,252046,ptrs
tile_sweep_publication,image,2d,dense,1,3,1,cpu_source,cpu_us,8,14,1,8,59600003,2,2,2,1000,1000,4,1,0,1.401423,/pscratch/sd/r/rchanani/realm/build_pm_deppart/tests/benchmark -ll:gpu 1 -ll:cpu 1 -ll:fsize 8192 -dp:workers 1 -dp:hpool 256 -nocheck -block_random -block_volume 1024 -d1 2 -d2 2 image -n 1000 -e 1000 -p 1 -s 4 -f 1 -b 3,"{""buffer_size"": ""3"", ""cpu_us"": ""247737"", ""d1"": ""2"", ""d2"": ""2"", ""gpu_us"": ""122196"", ""num_edges"": ""1000"", ""num_nodes"": ""1000"", ""num_pieces"": ""1"", ""num_spaces"": ""4"", ""op"": ""image"", ""sparse_factor"": ""1""}","{""d1"": ""2"", ""d2"": ""2"", ""gpu_host_fallback"": ""1"", ""gpu_input_rects"": ""8"", ""gpu_oom_backoffs"": ""14"", ""gpu_scratch_bytes"": ""59600003"", ""gpu_tiles"": ""8"", ""op"": ""image"", ""path"": ""ptrs""}",64,0,block_random,1024,122196,247737,ptrs
tile_sweep_publication,image,2d,dense,1,3,1,gpu_source,gpu_us,8,14,1,8,59600003,2,2,2,1000,1000,4,1,0,1.536583,/pscratch/sd/r/rchanani/realm/build_pm_deppart/tests/benchmark -ll:gpu 1 -ll:cpu 1 -ll:fsize 8192 -dp:workers 1 -dp:hpool 256 -nocheck -block_random -block_volume 1024 -dp:noisectopt -d1 2 -d2 2 image -n 1000 -e 1000 -p 1 -s 4 -f 1 -b 3,"{""buffer_size"": ""3"", ""cpu_us"": ""257374"", ""d1"": ""2"", ""d2"": ""2"", ""gpu_us"": ""123480"", ""num_edges"": ""1000"", ""num_nodes"": ""1000"", ""num_pieces"": ""1"", ""num_spaces"": ""4"", ""op"": ""image"", ""sparse_factor"": ""1""}","{""d1"": ""2"", ""d2"": ""2"", ""gpu_host_fallback"": ""1"", ""gpu_input_rects"": ""8"", ""gpu_oom_backoffs"": ""14"", ""gpu_scratch_bytes"": ""59600003"", ""gpu_tiles"": ""8"", ""op"": ""image"", ""path"": ""ptrs""}",65,1,block_random,1024,123480,257374,ptrs
tile_sweep_publication,image,2d,dense,1,4,1,cpu_source,cpu_us,8,14,1,8,78800005,2,2,2,1000,1000,4,1,0,1.692612,/pscratch/sd/r/rchanani/realm/build_pm_deppart/tests/benchmark -ll:gpu 1 -ll:cpu 1 -ll:fsize 8192 -dp:workers 1 -dp:hpool 256 -nocheck -block_random -block_volume 1024 -d1 2 -d2 2 image -n 1000 -e 1000 -p 1 -s 4 -f 1 -b 4,"{""buffer_size"": ""4"", ""cpu_us"": ""251148"", ""d1"": ""2"", ""d2"": ""2"", ""gpu_us"": ""122668"", ""num_edges"": ""1000"", ""num_nodes"": ""1000"", ""num_pieces"": ""1"", ""num_spaces"": ""4"", ""op"": ""image"", ""sparse_factor"": ""1""}","{""d1"": ""2"", ""d2"": ""2"", ""gpu_host_fallback"": ""1"", ""gpu_input_rects"": ""8"", ""gpu_oom_backoffs"": ""14"", ""gpu_scratch_bytes"": ""78800005"", ""gpu_tiles"": ""8"", ""op"": ""image"", ""path"": ""ptrs""}",66,2,block_random,1024,122668,251148,ptrs
tile_sweep_publication,image,2d,dense,1,4,1,gpu_source,gpu_us,8,14,1,8,78800005,2,2,2,1000,1000,4,1,0,1.396406,/pscratch/sd/r/rchanani/realm/build_pm_deppart/tests/benchmark -ll:gpu 1 -ll:cpu 1 -ll:fsize 8192 -dp:workers 1 -dp:hpool 256 -nocheck -block_random -block_volume 1024 -dp:noisectopt -d1 2 -d2 2 image -n 1000 -e 1000 -p 1 -s 4 -f 1 -b 4,"{""buffer_size"": ""4"", ""cpu_us"": ""258540"", ""d1"": ""2"", ""d2"": ""2"", ""gpu_us"": ""124411"", ""num_edges"": ""1000"", ""num_nodes"": ""1000"", ""num_pieces"": ""1"", ""num_spaces"": ""4"", ""op"": ""image"", ""sparse_factor"": ""1""}","{""d1"": ""2"", ""d2"": ""2"", ""gpu_host_fallback"": ""1"", ""gpu_input_rects"": ""8"", ""gpu_oom_backoffs"": ""14"", ""gpu_scratch_bytes"": ""78800005"", ""gpu_tiles"": ""8"", ""op"": ""image"", ""path"": ""ptrs""}",67,3,block_random,1024,124411,258540,ptrs
tile_sweep_publication,image,2d,dense,1,5,1,cpu_source,cpu_us,8,14,1,8,98000006,2,2,2,1000,1000,4,1,0,1.386732,/pscratch/sd/r/rchanani/realm/build_pm_deppart/tests/benchmark -ll:gpu 1 -ll:cpu 1 -ll:fsize 8192 -dp:workers 1 -dp:hpool 256 -nocheck -block_random -block_volume 1024 -d1 2 -d2 2 image -n 1000 -e 1000 -p 1 -s 4 -f 1 -b 5,"{""buffer_size"": ""5"", ""cpu_us"": ""251539"", ""d1"": ""2"", ""d2"": ""2"", ""gpu_us"": ""121858"", ""num_edges"": ""1000"", ""num_nodes"": ""1000"", ""num_pieces"": ""1"", ""num_spaces"": ""4"", ""op"": ""image"", ""sparse_factor"": ""1""}","{""d1"": ""2"", ""d2"": ""2"", ""gpu_host_fallback"": ""1"", ""gpu_input_rects"": ""8"", ""gpu_oom_backoffs"": ""14"", ""gpu_scratch_bytes"": ""98000006"", ""gpu_tiles"": ""8"", ""op"": ""image"", ""path"": ""ptrs""}",68,0,block_random,1024,121858,251539,ptrs
tile_sweep_publication,image,2d,dense,1,5,1,gpu_source,gpu_us,8,14,1,8,98000006,2,2,2,1000,1000,4,1,0,1.611495,/pscratch/sd/r/rchanani/realm/build_pm_deppart/tests/benchmark -ll:gpu 1 -ll:cpu 1 -ll:fsize 8192 -dp:workers 1 -dp:hpool 256 -nocheck -block_random -block_volume 1024 -dp:noisectopt -d1 2 -d2 2 image -n 1000 -e 1000 -p 1 -s 4 -f 1 -b 5,"{""buffer_size"": ""5"", ""cpu_us"": ""253308"", ""d1"": ""2"", ""d2"": ""2"", ""gpu_us"": ""124569"", ""num_edges"": ""1000"", ""num_nodes"": ""1000"", ""num_pieces"": ""1"", ""num_spaces"": ""4"", ""op"": ""image"", ""sparse_factor"": ""1""}","{""d1"": ""2"", ""d2"": ""2"", ""gpu_host_fallback"": ""1"", ""gpu_input_rects"": ""8"", ""gpu_oom_backoffs"": ""14"", ""gpu_scratch_bytes"": ""98000006"", ""gpu_tiles"": ""8"", ""op"": ""image"", ""path"": ""ptrs""}",69,1,block_random,1024,124569,253308,ptrs
tile_sweep_publication,image,2d,dense,1,7,1,cpu_source,cpu_us,4,5,1,4,136400008,2,2,2,1000,1000,4,1,0,1.635287,/pscratch/sd/r/rchanani/realm/build_pm_deppart/tests/benchmark -ll:gpu 1 -ll:cpu 1 -ll:fsize 8192 -dp:workers 1 -dp:hpool 256 -nocheck -block_random -block_volume 1024 -d1 2 -d2 2 image -n 1000 -e 1000 -p 1 -s 4 -f 1 -b 7,"{""buffer_size"": ""7"", ""cpu_us"": ""253147"", ""d1"": ""2"", ""d2"": ""2"", ""gpu_us"": ""88335"", ""num_edges"": ""1000"", ""num_nodes"": ""1000"", ""num_pieces"": ""1"", ""num_spaces"": ""4"", ""op"": ""image"", ""sparse_factor"": ""1""}","{""d1"": ""2"", ""d2"": ""2"", ""gpu_host_fallback"": ""1"", ""gpu_input_rects"": ""4"", ""gpu_oom_backoffs"": ""5"", ""gpu_scratch_bytes"": ""136400008"", ""gpu_tiles"": ""4"", ""op"": ""image"", ""path"": ""ptrs""}",70,2,block_random,1024,88335,253147,ptrs
tile_sweep_publication,image,2d,dense,1,7,1,gpu_source,gpu_us,4,5,1,4,136400008,2,2,2,1000,1000,4,1,0,1.360836,/pscratch/sd/r/rchanani/realm/build_pm_deppart/tests/benchmark -ll:gpu 1 -ll:cpu 1 -ll:fsize 8192 -dp:workers 1 -dp:hpool 256 -nocheck -block_random -block_volume 1024 -dp:noisectopt -d1 2 -d2 2 image -n 1000 -e 1000 -p 1 -s 4 -f 1 -b 7,"{""buffer_size"": ""7"", ""cpu_us"": ""254390"", ""d1"": ""2"", ""d2"": ""2"", ""gpu_us"": ""90799"", ""num_edges"": ""1000"", ""num_nodes"": ""1000"", ""num_pieces"": ""1"", ""num_spaces"": ""4"", ""op"": ""image"", ""sparse_factor"": ""1""}","{""d1"": ""2"", ""d2"": ""2"", ""gpu_host_fallback"": ""1"", ""gpu_input_rects"": ""4"", ""gpu_oom_backoffs"": ""5"", ""gpu_scratch_bytes"": ""136400008"", ""gpu_tiles"": ""4"", ""op"": ""image"", ""path"": ""ptrs""}",71,3,block_random,1024,90799,254390,ptrs
tile_sweep_publication,image,2d,dense,1,10,1,cpu_source,cpu_us,4,5,1,4,194000012,2,2,2,1000,1000,4,1,0,1.310800,/pscratch/sd/r/rchanani/realm/build_pm_deppart/tests/benchmark -ll:gpu 1 -ll:cpu 1 -ll:fsize 8192 -dp:workers 1 -dp:hpool 256 -nocheck -block_random -block_volume 1024 -d1 2 -d2 2 image -n 1000 -e 1000 -p 1 -s 4 -f 1 -b 10,"{""buffer_size"": ""10"", ""cpu_us"": ""251705"", ""d1"": ""2"", ""d2"": ""2"", ""gpu_us"": ""88569"", ""num_edges"": ""1000"", ""num_nodes"": ""1000"", ""num_pieces"": ""1"", ""num_spaces"": ""4"", ""op"": ""image"", ""sparse_factor"": ""1""}","{""d1"": ""2"", ""d2"": ""2"", ""gpu_host_fallback"": ""1"", ""gpu_input_rects"": ""4"", ""gpu_oom_backoffs"": ""5"", ""gpu_scratch_bytes"": ""194000012"", ""gpu_tiles"": ""4"", ""op"": ""image"", ""path"": ""ptrs""}",72,0,block_random,1024,88569,251705,ptrs
tile_sweep_publication,image,2d,dense,1,10,1,gpu_source,gpu_us,4,5,1,4,194000012,2,2,2,1000,1000,4,1,0,1.482771,/pscratch/sd/r/rchanani/realm/build_pm_deppart/tests/benchmark -ll:gpu 1 -ll:cpu 1 -ll:fsize 8192 -dp:workers 1 -dp:hpool 256 -nocheck -block_random -block_volume 1024 -dp:noisectopt -d1 2 -d2 2 image -n 1000 -e 1000 -p 1 -s 4 -f 1 -b 10,"{""buffer_size"": ""10"", ""cpu_us"": ""250358"", ""d1"": ""2"", ""d2"": ""2"", ""gpu_us"": ""89291"", ""num_edges"": ""1000"", ""num_nodes"": ""1000"", ""num_pieces"": ""1"", ""num_spaces"": ""4"", ""op"": ""image"", ""sparse_factor"": ""1""}","{""d1"": ""2"", ""d2"": ""2"", ""gpu_host_fallback"": ""1"", ""gpu_input_rects"": ""4"", ""gpu_oom_backoffs"": ""5"", ""gpu_scratch_bytes"": ""194000012"", ""gpu_tiles"": ""4"", ""op"": ""image"", ""path"": ""ptrs""}",73,1,block_random,1024,89291,250358,ptrs
tile_sweep_publication,image,2d,dense,1,15,1,cpu_source,cpu_us,2,2,1,2,290000019,2,2,2,1000,1000,4,1,0,1.511294,/pscratch/sd/r/rchanani/realm/build_pm_deppart/tests/benchmark -ll:gpu 1 -ll:cpu 1 -ll:fsize 8192 -dp:workers 1 -dp:hpool 256 -nocheck -block_random -block_volume 1024 -d1 2 -d2 2 image -n 1000 -e 1000 -p 1 -s 4 -f 1 -b 15,"{""buffer_size"": ""15"", ""cpu_us"": ""258564"", ""d1"": ""2"", ""d2"": ""2"", ""gpu_us"": ""60391"", ""num_edges"": ""1000"", ""num_nodes"": ""1000"", ""num_pieces"": ""1"", ""num_spaces"": ""4"", ""op"": ""image"", ""sparse_factor"": ""1""}","{""d1"": ""2"", ""d2"": ""2"", ""gpu_host_fallback"": ""1"", ""gpu_input_rects"": ""2"", ""gpu_oom_backoffs"": ""2"", ""gpu_scratch_bytes"": ""290000019"", ""gpu_tiles"": ""2"", ""op"": ""image"", ""path"": ""ptrs""}",74,2,block_random,1024,60391,258564,ptrs
tile_sweep_publication,image,2d,dense,1,15,1,gpu_source,gpu_us,2,2,1,2,290000019,2,2,2,1000,1000,4,1,0,1.281819,/pscratch/sd/r/rchanani/realm/build_pm_deppart/tests/benchmark -ll:gpu 1 -ll:cpu 1 -ll:fsize 8192 -dp:workers 1 -dp:hpool 256 -nocheck -block_random -block_volume 1024 -dp:noisectopt -d1 2 -d2 2 image -n 1000 -e 1000 -p 1 -s 4 -f 1 -b 15,"{""buffer_size"": ""15"", ""cpu_us"": ""264402"", ""d1"": ""2"", ""d2"": ""2"", ""gpu_us"": ""60009"", ""num_edges"": ""1000"", ""num_nodes"": ""1000"", ""num_pieces"": ""1"", ""num_spaces"": ""4"", ""op"": ""image"", ""sparse_factor"": ""1""}","{""d1"": ""2"", ""d2"": ""2"", ""gpu_host_fallback"": ""1"", ""gpu_input_rects"": ""2"", ""gpu_oom_backoffs"": ""2"", ""gpu_scratch_bytes"": ""290000019"", ""gpu_tiles"": ""2"", ""op"": ""image"", ""path"": ""ptrs""}",75,3,block_random,1024,60009,264402,ptrs
tile_sweep_publication,image,2d,dense,1,20,1,cpu_source,cpu_us,2,2,1,2,386000025,2,2,2,1000,1000,4,1,0,1.279136,/pscratch/sd/r/rchanani/realm/build_pm_deppart/tests/benchmark -ll:gpu 1 -ll:cpu 1 -ll:fsize 8192 -dp:workers 1 -dp:hpool 256 -nocheck -block_random -block_volume 1024 -d1 2 -d2 2 image -n 1000 -e 1000 -p 1 -s 4 -f 1 -b 20,"{""buffer_size"": ""20"", ""cpu_us"": ""248528"", ""d1"": ""2"", ""d2"": ""2"", ""gpu_us"": ""59706"", ""num_edges"": ""1000"", ""num_nodes"": ""1000"", ""num_pieces"": ""1"", ""num_spaces"": ""4"", ""op"": ""image"", ""sparse_factor"": ""1""}","{""d1"": ""2"", ""d2"": ""2"", ""gpu_host_fallback"": ""1"", ""gpu_input_rects"": ""2"", ""gpu_oom_backoffs"": ""2"", ""gpu_scratch_bytes"": ""386000025"", ""gpu_tiles"": ""2"", ""op"": ""image"", ""path"": ""ptrs""}",76,0,block_random,1024,59706,248528,ptrs
tile_sweep_publication,image,2d,dense,1,20,1,gpu_source,gpu_us,2,2,1,2,386000025,2,2,2,1000,1000,4,1,0,1.614775,/pscratch/sd/r/rchanani/realm/build_pm_deppart/tests/benchmark -ll:gpu 1 -ll:cpu 1 -ll:fsize 8192 -dp:workers 1 -dp:hpool 256 -nocheck -block_random -block_volume 1024 -dp:noisectopt -d1 2 -d2 2 image -n 1000 -e 1000 -p 1 -s 4 -f 1 -b 20,"{""buffer_size"": ""20"", ""cpu_us"": ""250951"", ""d1"": ""2"", ""d2"": ""2"", ""gpu_us"": ""61050"", ""num_edges"": ""1000"", ""num_nodes"": ""1000"", ""num_pieces"": ""1"", ""num_spaces"": ""4"", ""op"": ""image"", ""sparse_factor"": ""1""}","{""d1"": ""2"", ""d2"": ""2"", ""gpu_host_fallback"": ""1"", ""gpu_input_rects"": ""2"", ""gpu_oom_backoffs"": ""2"", ""gpu_scratch_bytes"": ""386000025"", ""gpu_tiles"": ""2"", ""op"": ""image"", ""path"": ""ptrs""}",77,1,block_random,1024,61050,250951,ptrs
tile_sweep_publication,image,2d,dense,1,25,1,cpu_source,cpu_us,1,0,0,1,482000032,2,2,2,1000,1000,4,1,0,1.526416,/pscratch/sd/r/rchanani/realm/build_pm_deppart/tests/benchmark -ll:gpu 1 -ll:cpu 1 -ll:fsize 8192 -dp:workers 1 -dp:hpool 256 -nocheck -block_random -block_volume 1024 -d1 2 -d2 2 image -n 1000 -e 1000 -p 1 -s 4 -f 1 -b 25,"{""buffer_size"": ""25"", ""cpu_us"": ""256111"", ""d1"": ""2"", ""d2"": ""2"", ""gpu_us"": ""20247"", ""num_edges"": ""1000"", ""num_nodes"": ""1000"", ""num_pieces"": ""1"", ""num_spaces"": ""4"", ""op"": ""image"", ""sparse_factor"": ""1""}","{""d1"": ""2"", ""d2"": ""2"", ""gpu_host_fallback"": ""0"", ""gpu_input_rects"": ""1"", ""gpu_oom_backoffs"": ""0"", ""gpu_scratch_bytes"": ""482000032"", ""gpu_tiles"": ""1"", ""op"": ""image"", ""path"": ""ptrs""}",78,2,block_random,1024,20247,256111,ptrs
tile_sweep_publication,image,2d,dense,1,25,1,gpu_source,gpu_us,1,0,0,1,482000032,2,2,2,1000,1000,4,1,0,1.154543,/pscratch/sd/r/rchanani/realm/build_pm_deppart/tests/benchmark -ll:gpu 1 -ll:cpu 1 -ll:fsize 8192 -dp:workers 1 -dp:hpool 256 -nocheck -block_random -block_volume 1024 -dp:noisectopt -d1 2 -d2 2 image -n 1000 -e 1000 -p 1 -s 4 -f 1 -b 25,"{""buffer_size"": ""25"", ""cpu_us"": ""251410"", ""d1"": ""2"", ""d2"": ""2"", ""gpu_us"": ""3173"", ""num_edges"": ""1000"", ""num_nodes"": ""1000"", ""num_pieces"": ""1"", ""num_spaces"": ""4"", ""op"": ""image"", ""sparse_factor"": ""1""}","{""d1"": ""2"", ""d2"": ""2"", ""gpu_host_fallback"": ""0"", ""gpu_input_rects"": ""1"", ""gpu_oom_backoffs"": ""0"", ""gpu_scratch_bytes"": ""482000032"", ""gpu_tiles"": ""1"", ""op"": ""image"", ""path"": ""ptrs""}",79,3,block_random,1024,3173,251410,ptrs
tile_sweep_publication,image,2d,dense,1,30,1,cpu_source,cpu_us,1,0,0,1,578000038,2,2,2,1000,1000,4,1,0,1.169593,/pscratch/sd/r/rchanani/realm/build_pm_deppart/tests/benchmark -ll:gpu 1 -ll:cpu 1 -ll:fsize 8192 -dp:workers 1 -dp:hpool 256 -nocheck -block_random -block_volume 1024 -d1 2 -d2 2 image -n 1000 -e 1000 -p 1 -s 4 -f 1 -b 30,"{""buffer_size"": ""30"", ""cpu_us"": ""248804"", ""d1"": ""2"", ""d2"": ""2"", ""gpu_us"": ""19397"", ""num_edges"": ""1000"", ""num_nodes"": ""1000"", ""num_pieces"": ""1"", ""num_spaces"": ""4"", ""op"": ""image"", ""sparse_factor"": ""1""}","{""d1"": ""2"", ""d2"": ""2"", ""gpu_host_fallback"": ""0"", ""gpu_input_rects"": ""1"", ""gpu_oom_backoffs"": ""0"", ""gpu_scratch_bytes"": ""578000038"", ""gpu_tiles"": ""1"", ""op"": ""image"", ""path"": ""ptrs""}",80,0,block_random,1024,19397,248804,ptrs
tile_sweep_publication,image,2d,dense,1,30,1,gpu_source,gpu_us,1,0,0,1,578000038,2,2,2,1000,1000,4,1,0,1.467126,/pscratch/sd/r/rchanani/realm/build_pm_deppart/tests/benchmark -ll:gpu 1 -ll:cpu 1 -ll:fsize 8192 -dp:workers 1 -dp:hpool 256 -nocheck -block_random -block_volume 1024 -dp:noisectopt -d1 2 -d2 2 image -n 1000 -e 1000 -p 1 -s 4 -f 1 -b 30,"{""buffer_size"": ""30"", ""cpu_us"": ""256283"", ""d1"": ""2"", ""d2"": ""2"", ""gpu_us"": ""3187"", ""num_edges"": ""1000"", ""num_nodes"": ""1000"", ""num_pieces"": ""1"", ""num_spaces"": ""4"", ""op"": ""image"", ""sparse_factor"": ""1""}","{""d1"": ""2"", ""d2"": ""2"", ""gpu_host_fallback"": ""0"", ""gpu_input_rects"": ""1"", ""gpu_oom_backoffs"": ""0"", ""gpu_scratch_bytes"": ""578000038"", ""gpu_tiles"": ""1"", ""op"": ""image"", ""path"": ""ptrs""}",81,1,block_random,1024,3187,256283,ptrs
tile_sweep_publication,image,2d,dense,1,40,1,cpu_source,cpu_us,1,0,0,1,770000051,2,2,2,1000,1000,4,1,0,1.470857,/pscratch/sd/r/rchanani/realm/build_pm_deppart/tests/benchmark -ll:gpu 1 -ll:cpu 1 -ll:fsize 8192 -dp:workers 1 -dp:hpool 256 -nocheck -block_random -block_volume 1024 -d1 2 -d2 2 image -n 1000 -e 1000 -p 1 -s 4 -f 1 -b 40,"{""buffer_size"": ""40"", ""cpu_us"": ""249819"", ""d1"": ""2"", ""d2"": ""2"", ""gpu_us"": ""19686"", ""num_edges"": ""1000"", ""num_nodes"": ""1000"", ""num_pieces"": ""1"", ""num_spaces"": ""4"", ""op"": ""image"", ""sparse_factor"": ""1""}","{""d1"": ""2"", ""d2"": ""2"", ""gpu_host_fallback"": ""0"", ""gpu_input_rects"": ""1"", ""gpu_oom_backoffs"": ""0"", ""gpu_scratch_bytes"": ""770000051"", ""gpu_tiles"": ""1"", ""op"": ""image"", ""path"": ""ptrs""}",82,2,block_random,1024,19686,249819,ptrs
tile_sweep_publication,image,2d,dense,1,40,1,gpu_source,gpu_us,1,0,0,1,770000051,2,2,2,1000,1000,4,1,0,1.156892,/pscratch/sd/r/rchanani/realm/build_pm_deppart/tests/benchmark -ll:gpu 1 -ll:cpu 1 -ll:fsize 8192 -dp:workers 1 -dp:hpool 256 -nocheck -block_random -block_volume 1024 -dp:noisectopt -d1 2 -d2 2 image -n 1000 -e 1000 -p 1 -s 4 -f 1 -b 40,"{""buffer_size"": ""40"", ""cpu_us"": ""251193"", ""d1"": ""2"", ""d2"": ""2"", ""gpu_us"": ""3306"", ""num_edges"": ""1000"", ""num_nodes"": ""1000"", ""num_pieces"": ""1"", ""num_spaces"": ""4"", ""op"": ""image"", ""sparse_factor"": ""1""}","{""d1"": ""2"", ""d2"": ""2"", ""gpu_host_fallback"": ""0"", ""gpu_input_rects"": ""1"", ""gpu_oom_backoffs"": ""0"", ""gpu_scratch_bytes"": ""770000051"", ""gpu_tiles"": ""1"", ""op"": ""image"", ""path"": ""ptrs""}",83,3,block_random,1024,3306,251193,ptrs
tile_sweep_publication,image,2d,dense,1,50,1,cpu_source,cpu_us,1,0,0,1,962000064,2,2,2,1000,1000,4,1,0,1.164843,/pscratch/sd/r/rchanani/realm/build_pm_deppart/tests/benchmark -ll:gpu 1 -ll:cpu 1 -ll:fsize 8192 -dp:workers 1 -dp:hpool 256 -nocheck -block_random -block_volume 1024 -d1 2 -d2 2 image -n 1000 -e 1000 -p 1 -s 4 -f 1 -b 50,"{""buffer_size"": ""50"", ""cpu_us"": ""251143"", ""d1"": ""2"", ""d2"": ""2"", ""gpu_us"": ""19960"", ""num_edges"": ""1000"", ""num_nodes"": ""1000"", ""num_pieces"": ""1"", ""num_spaces"": ""4"", ""op"": ""image"", ""sparse_factor"": ""1""}","{""d1"": ""2"", ""d2"": ""2"", ""gpu_host_fallback"": ""0"", ""gpu_input_rects"": ""1"", ""gpu_oom_backoffs"": ""0"", ""gpu_scratch_bytes"": ""962000064"", ""gpu_tiles"": ""1"", ""op"": ""image"", ""path"": ""ptrs""}",84,0,block_random,1024,19960,251143,ptrs
tile_sweep_publication,image,2d,dense,1,50,1,gpu_source,gpu_us,1,0,0,1,962000064,2,2,2,1000,1000,4,1,0,1.473579,/pscratch/sd/r/rchanani/realm/build_pm_deppart/tests/benchmark -ll:gpu 1 -ll:cpu 1 -ll:fsize 8192 -dp:workers 1 -dp:hpool 256 -nocheck -block_random -block_volume 1024 -dp:noisectopt -d1 2 -d2 2 image -n 1000 -e 1000 -p 1 -s 4 -f 1 -b 50,"{""buffer_size"": ""50"", ""cpu_us"": ""251716"", ""d1"": ""2"", ""d2"": ""2"", ""gpu_us"": ""3125"", ""num_edges"": ""1000"", ""num_nodes"": ""1000"", ""num_pieces"": ""1"", ""num_spaces"": ""4"", ""op"": ""image"", ""sparse_factor"": ""1""}","{""d1"": ""2"", ""d2"": ""2"", ""gpu_host_fallback"": ""0"", ""gpu_input_rects"": ""1"", ""gpu_oom_backoffs"": ""0"", ""gpu_scratch_bytes"": ""962000064"", ""gpu_tiles"": ""1"", ""op"": ""image"", ""path"": ""ptrs""}",85,1,block_random,1024,3125,251716,ptrs
tile_sweep_publication,image,2d,dense,1,75,1,cpu_source,cpu_us,1,0,0,1,1442000096,2,2,2,1000,1000,4,1,0,1.345181,/pscratch/sd/r/rchanani/realm/build_pm_deppart/tests/benchmark -ll:gpu 1 -ll:cpu 1 -ll:fsize 8192 -dp:workers 1 -dp:hpool 256 -nocheck -block_random -block_volume 1024 -d1 2 -d2 2 image -n 1000 -e 1000 -p 1 -s 4 -f 1 -b 75,"{""buffer_size"": ""75"", ""cpu_us"": ""250540"", ""d1"": ""2"", ""d2"": ""2"", ""gpu_us"": ""19615"", ""num_edges"": ""1000"", ""num_nodes"": ""1000"", ""num_pieces"": ""1"", ""num_spaces"": ""4"", ""op"": ""image"", ""sparse_factor"": ""1""}","{""d1"": ""2"", ""d2"": ""2"", ""gpu_host_fallback"": ""0"", ""gpu_input_rects"": ""1"", ""gpu_oom_backoffs"": ""0"", ""gpu_scratch_bytes"": ""1442000096"", ""gpu_tiles"": ""1"", ""op"": ""image"", ""path"": ""ptrs""}",86,2,block_random,1024,19615,250540,ptrs
tile_sweep_publication,image,2d,dense,1,75,1,gpu_source,gpu_us,1,0,0,1,1442000096,2,2,2,1000,1000,4,1,0,1.142785,/pscratch/sd/r/rchanani/realm/build_pm_deppart/tests/benchmark -ll:gpu 1 -ll:cpu 1 -ll:fsize 8192 -dp:workers 1 -dp:hpool 256 -nocheck -block_random -block_volume 1024 -dp:noisectopt -d1 2 -d2 2 image -n 1000 -e 1000 -p 1 -s 4 -f 1 -b 75,"{""buffer_size"": ""75"", ""cpu_us"": ""249494"", ""d1"": ""2"", ""d2"": ""2"", ""gpu_us"": ""3190"", ""num_edges"": ""1000"", ""num_nodes"": ""1000"", ""num_pieces"": ""1"", ""num_spaces"": ""4"", ""op"": ""image"", ""sparse_factor"": ""1""}","{""d1"": ""2"", ""d2"": ""2"", ""gpu_host_fallback"": ""0"", ""gpu_input_rects"": ""1"", ""gpu_oom_backoffs"": ""0"", ""gpu_scratch_bytes"": ""1442000096"", ""gpu_tiles"": ""1"", ""op"": ""image"", ""path"": ""ptrs""}",87,3,block_random,1024,3190,249494,ptrs
tile_sweep_publication,image,2d,dense,1,100,1,cpu_source,cpu_us,1,0,0,1,1922000128,2,2,2,1000,1000,4,1,0,1.183019,/pscratch/sd/r/rchanani/realm/build_pm_deppart/tests/benchmark -ll:gpu 1 -ll:cpu 1 -ll:fsize 8192 -dp:workers 1 -dp:hpool 256 -nocheck -block_random -block_volume 1024 -d1 2 -d2 2 image -n 1000 -e 1000 -p 1 -s 4 -f 1 -b 100,"{""buffer_size"": ""100"", ""cpu_us"": ""249991"", ""d1"": ""2"", ""d2"": ""2"", ""gpu_us"": ""19886"", ""num_edges"": ""1000"", ""num_nodes"": ""1000"", ""num_pieces"": ""1"", ""num_spaces"": ""4"", ""op"": ""image"", ""sparse_factor"": ""1""}","{""d1"": ""2"", ""d2"": ""2"", ""gpu_host_fallback"": ""0"", ""gpu_input_rects"": ""1"", ""gpu_oom_backoffs"": ""0"", ""gpu_scratch_bytes"": ""1922000128"", ""gpu_tiles"": ""1"", ""op"": ""image"", ""path"": ""ptrs""}",88,0,block_random,1024,19886,249991,ptrs
tile_sweep_publication,image,2d,dense,1,100,1,gpu_source,gpu_us,1,0,0,1,1922000128,2,2,2,1000,1000,4,1,0,1.319525,/pscratch/sd/r/rchanani/realm/build_pm_deppart/tests/benchmark -ll:gpu 1 -ll:cpu 1 -ll:fsize 8192 -dp:workers 1 -dp:hpool 256 -nocheck -block_random -block_volume 1024 -dp:noisectopt -d1 2 -d2 2 image -n 1000 -e 1000 -p 1 -s 4 -f 1 -b 100,"{""buffer_size"": ""100"", ""cpu_us"": ""250422"", ""d1"": ""2"", ""d2"": ""2"", ""gpu_us"": ""3381"", ""num_edges"": ""1000"", ""num_nodes"": ""1000"", ""num_pieces"": ""1"", ""num_spaces"": ""4"", ""op"": ""image"", ""sparse_factor"": ""1""}","{""d1"": ""2"", ""d2"": ""2"", ""gpu_host_fallback"": ""0"", ""gpu_input_rects"": ""1"", ""gpu_oom_backoffs"": ""0"", ""gpu_scratch_bytes"": ""1922000128"", ""gpu_tiles"": ""1"", ""op"": ""image"", ""path"": ""ptrs""}",89,1,block_random,1024,3381,250422,ptrs
tile_sweep_publication,image,2d,sparse,5,1,1,cpu_source,cpu_us,1,0,0,1,38202417,2,2,2,1000,1000,4,1,0,43.132718,/pscratch/sd/r/rchanani/realm/build_pm_deppart/tests/benchmark -ll:gpu 1 -ll:cpu 1 -ll:fsize 8192 -dp:workers 1 -dp:hpool 256 -nocheck -block_random -block_volume 1024 -d1 2 -d2 2 image -n 1000 -e 1000 -p 1 -s 4 -f 5 -b 1,"{""buffer_size"": ""1"", ""cpu_us"": ""20100234"", ""d1"": ""2"", ""d2"": ""2"", ""gpu_us"": ""10910561"", ""num_edges"": ""1000"", ""num_nodes"": ""1000"", ""num_pieces"": ""1"", ""num_spaces"": ""4"", ""op"": ""image"", ""sparse_factor"": ""5""}","{""d1"": ""2"", ""d2"": ""2"", ""gpu_host_fallback"": ""0"", ""gpu_input_rects"": ""1"", ""gpu_oom_backoffs"": ""0"", ""gpu_scratch_bytes"": ""38202417"", ""gpu_tiles"": ""1"", ""op"": ""image"", ""path"": ""ptrs""}",90,2,block_random,1024,10910561,20100234,ptrs
tile_sweep_publication,image,2d,sparse,5,1,1,gpu_source,gpu_us,1,0,0,1,38202417,2,2,2,1000,1000,4,1,0,21.030584,/pscratch/sd/r/rchanani/realm/build_pm_deppart/tests/benchmark -ll:gpu 1 -ll:cpu 1 -ll:fsize 8192 -dp:workers 1 -dp:hpool 256 -nocheck -block_random -block_volume 1024 -dp:noisectopt -d1 2 -d2 2 image -n 1000 -e 1000 -p 1 -s 4 -f 5 -b 1,"{""buffer_size"": ""1"", ""cpu_us"": ""19984113"", ""d1"": ""2"", ""d2"": ""2"", ""gpu_us"": ""2107"", ""num_edges"": ""1000"", ""num_nodes"": ""1000"", ""num_pieces"": ""1"", ""num_spaces"": ""4"", ""op"": ""image"", ""sparse_factor"": ""5""}","{""d1"": ""2"", ""d2"": ""2"", ""gpu_host_fallback"": ""0"", ""gpu_input_rects"": ""1"", ""gpu_oom_backoffs"": ""0"", ""gpu_scratch_bytes"": ""38202417"", ""gpu_tiles"": ""1"", ""op"": ""image"", ""path"": ""ptrs""}",91,3,block_random,1024,2107,19984113,ptrs
tile_sweep_publication,image,2d,sparse,5,2,1,cpu_source,cpu_us,1,0,0,1,57460707,2,2,2,1000,1000,4,1,0,42.626638,/pscratch/sd/r/rchanani/realm/build_pm_deppart/tests/benchmark -ll:gpu 1 -ll:cpu 1 -ll:fsize 8192 -dp:workers 1 -dp:hpool 256 -nocheck -block_random -block_volume 1024 -d1 2 -d2 2 image -n 1000 -e 1000 -p 1 -s 4 -f 5 -b 2,"{""buffer_size"": ""2"", ""cpu_us"": ""19953429"", ""d1"": ""2"", ""d2"": ""2"", ""gpu_us"": ""10794912"", ""num_edges"": ""1000"", ""num_nodes"": ""1000"", ""num_pieces"": ""1"", ""num_spaces"": ""4"", ""op"": ""image"", ""sparse_factor"": ""5""}","{""d1"": ""2"", ""d2"": ""2"", ""gpu_host_fallback"": ""0"", ""gpu_input_rects"": ""1"", ""gpu_oom_backoffs"": ""0"", ""gpu_scratch_bytes"": ""57460707"", ""gpu_tiles"": ""1"", ""op"": ""image"", ""path"": ""ptrs""}",92,0,block_random,1024,10794912,19953429,ptrs
tile_sweep_publication,image,2d,sparse,5,2,1,gpu_source,gpu_us,1,0,0,1,57460707,2,2,2,1000,1000,4,1,0,21.174580,/pscratch/sd/r/rchanani/realm/build_pm_deppart/tests/benchmark -ll:gpu 1 -ll:cpu 1 -ll:fsize 8192 -dp:workers 1 -dp:hpool 256 -nocheck -block_random -block_volume 1024 -dp:noisectopt -d1 2 -d2 2 image -n 1000 -e 1000 -p 1 -s 4 -f 5 -b 2,"{""buffer_size"": ""2"", ""cpu_us"": ""20039328"", ""d1"": ""2"", ""d2"": ""2"", ""gpu_us"": ""2002"", ""num_edges"": ""1000"", ""num_nodes"": ""1000"", ""num_pieces"": ""1"", ""num_spaces"": ""4"", ""op"": ""image"", ""sparse_factor"": ""5""}","{""d1"": ""2"", ""d2"": ""2"", ""gpu_host_fallback"": ""0"", ""gpu_input_rects"": ""1"", ""gpu_oom_backoffs"": ""0"", ""gpu_scratch_bytes"": ""57460707"", ""gpu_tiles"": ""1"", ""op"": ""image"", ""path"": ""ptrs""}",93,1,block_random,1024,2002,20039328,ptrs
tile_sweep_publication,image,2d,sparse,5,3,1,cpu_source,cpu_us,1,0,0,1,76718996,2,2,2,1000,1000,4,1,0,42.957211,/pscratch/sd/r/rchanani/realm/build_pm_deppart/tests/benchmark -ll:gpu 1 -ll:cpu 1 -ll:fsize 8192 -dp:workers 1 -dp:hpool 256 -nocheck -block_random -block_volume 1024 -d1 2 -d2 2 image -n 1000 -e 1000 -p 1 -s 4 -f 5 -b 3,"{""buffer_size"": ""3"", ""cpu_us"": ""20055629"", ""d1"": ""2"", ""d2"": ""2"", ""gpu_us"": ""10884378"", ""num_edges"": ""1000"", ""num_nodes"": ""1000"", ""num_pieces"": ""1"", ""num_spaces"": ""4"", ""op"": ""image"", ""sparse_factor"": ""5""}","{""d1"": ""2"", ""d2"": ""2"", ""gpu_host_fallback"": ""0"", ""gpu_input_rects"": ""1"", ""gpu_oom_backoffs"": ""0"", ""gpu_scratch_bytes"": ""76718996"", ""gpu_tiles"": ""1"", ""op"": ""image"", ""path"": ""ptrs""}",94,2,block_random,1024,10884378,20055629,ptrs
tile_sweep_publication,image,2d,sparse,5,3,1,gpu_source,gpu_us,1,0,0,1,76718996,2,2,2,1000,1000,4,1,0,21.004796,/pscratch/sd/r/rchanani/realm/build_pm_deppart/tests/benchmark -ll:gpu 1 -ll:cpu 1 -ll:fsize 8192 -dp:workers 1 -dp:hpool 256 -nocheck -block_random -block_volume 1024 -dp:noisectopt -d1 2 -d2 2 image -n 1000 -e 1000 -p 1 -s 4 -f 5 -b 3,"{""buffer_size"": ""3"", ""cpu_us"": ""19959391"", ""d1"": ""2"", ""d2"": ""2"", ""gpu_us"": ""2086"", ""num_edges"": ""1000"", ""num_nodes"": ""1000"", ""num_pieces"": ""1"", ""num_spaces"": ""4"", ""op"": ""image"", ""sparse_factor"": ""5""}","{""d1"": ""2"", ""d2"": ""2"", ""gpu_host_fallback"": ""0"", ""gpu_input_rects"": ""1"", ""gpu_oom_backoffs"": ""0"", ""gpu_scratch_bytes"": ""76718996"", ""gpu_tiles"": ""1"", ""op"": ""image"", ""path"": ""ptrs""}",95,3,block_random,1024,2086,19959391,ptrs
tile_sweep_publication,image,2d,sparse,5,4,1,cpu_source,cpu_us,1,0,0,1,95977286,2,2,2,1000,1000,4,1,0,42.695396,/pscratch/sd/r/rchanani/realm/build_pm_deppart/tests/benchmark -ll:gpu 1 -ll:cpu 1 -ll:fsize 8192 -dp:workers 1 -dp:hpool 256 -nocheck -block_random -block_volume 1024 -d1 2 -d2 2 image -n 1000 -e 1000 -p 1 -s 4 -f 5 -b 4,"{""buffer_size"": ""4"", ""cpu_us"": ""20008789"", ""d1"": ""2"", ""d2"": ""2"", ""gpu_us"": ""10810943"", ""num_edges"": ""1000"", ""num_nodes"": ""1000"", ""num_pieces"": ""1"", ""num_spaces"": ""4"", ""op"": ""image"", ""sparse_factor"": ""5""}","{""d1"": ""2"", ""d2"": ""2"", ""gpu_host_fallback"": ""0"", ""gpu_input_rects"": ""1"", ""gpu_oom_backoffs"": ""0"", ""gpu_scratch_bytes"": ""95977286"", ""gpu_tiles"": ""1"", ""op"": ""image"", ""path"": ""ptrs""}",96,0,block_random,1024,10810943,20008789,ptrs
tile_sweep_publication,image,2d,sparse,5,4,1,gpu_source,gpu_us,1,0,0,1,95977286,2,2,2,1000,1000,4,1,0,21.259640,/pscratch/sd/r/rchanani/realm/build_pm_deppart/tests/benchmark -ll:gpu 1 -ll:cpu 1 -ll:fsize 8192 -dp:workers 1 -dp:hpool 256 -nocheck -block_random -block_volume 1024 -dp:noisectopt -d1 2 -d2 2 image -n 1000 -e 1000 -p 1 -s 4 -f 5 -b 4,"{""buffer_size"": ""4"", ""cpu_us"": ""20058616"", ""d1"": ""2"", ""d2"": ""2"", ""gpu_us"": ""2059"", ""num_edges"": ""1000"", ""num_nodes"": ""1000"", ""num_pieces"": ""1"", ""num_spaces"": ""4"", ""op"": ""image"", ""sparse_factor"": ""5""}","{""d1"": ""2"", ""d2"": ""2"", ""gpu_host_fallback"": ""0"", ""gpu_input_rects"": ""1"", ""gpu_oom_backoffs"": ""0"", ""gpu_scratch_bytes"": ""95977286"", ""gpu_tiles"": ""1"", ""op"": ""image"", ""path"": ""ptrs""}",97,1,block_random,1024,2059,20058616,ptrs
tile_sweep_publication,image,2d,sparse,5,5,1,cpu_source,cpu_us,1,0,0,1,115235576,2,2,2,1000,1000,4,1,0,43.142750,/pscratch/sd/r/rchanani/realm/build_pm_deppart/tests/benchmark -ll:gpu 1 -ll:cpu 1 -ll:fsize 8192 -dp:workers 1 -dp:hpool 256 -nocheck -block_random -block_volume 1024 -d1 2 -d2 2 image -n 1000 -e 1000 -p 1 -s 4 -f 5 -b 5,"{""buffer_size"": ""5"", ""cpu_us"": ""20145151"", ""d1"": ""2"", ""d2"": ""2"", ""gpu_us"": ""10873079"", ""num_edges"": ""1000"", ""num_nodes"": ""1000"", ""num_pieces"": ""1"", ""num_spaces"": ""4"", ""op"": ""image"", ""sparse_factor"": ""5""}","{""d1"": ""2"", ""d2"": ""2"", ""gpu_host_fallback"": ""0"", ""gpu_input_rects"": ""1"", ""gpu_oom_backoffs"": ""0"", ""gpu_scratch_bytes"": ""115235576"", ""gpu_tiles"": ""1"", ""op"": ""image"", ""path"": ""ptrs""}",98,2,block_random,1024,10873079,20145151,ptrs
tile_sweep_publication,image,2d,sparse,5,5,1,gpu_source,gpu_us,1,0,0,1,115235576,2,2,2,1000,1000,4,1,0,21.029257,/pscratch/sd/r/rchanani/realm/build_pm_deppart/tests/benchmark -ll:gpu 1 -ll:cpu 1 -ll:fsize 8192 -dp:workers 1 -dp:hpool 256 -nocheck -block_random -block_volume 1024 -dp:noisectopt -d1 2 -d2 2 image -n 1000 -e 1000 -p 1 -s 4 -f 5 -b 5,"{""buffer_size"": ""5"", ""cpu_us"": ""19980624"", ""d1"": ""2"", ""d2"": ""2"", ""gpu_us"": ""2112"", ""num_edges"": ""1000"", ""num_nodes"": ""1000"", ""num_pieces"": ""1"", ""num_spaces"": ""4"", ""op"": ""image"", ""sparse_factor"": ""5""}","{""d1"": ""2"", ""d2"": ""2"", ""gpu_host_fallback"": ""0"", ""gpu_input_rects"": ""1"", ""gpu_oom_backoffs"": ""0"", ""gpu_scratch_bytes"": ""115235576"", ""gpu_tiles"": ""1"", ""op"": ""image"", ""path"": ""ptrs""}",99,3,block_random,1024,2112,19980624,ptrs
tile_sweep_publication,image,2d,sparse,5,7,1,cpu_source,cpu_us,1,0,0,1,153752155,2,2,2,1000,1000,4,1,0,42.588845,/pscratch/sd/r/rchanani/realm/build_pm_deppart/tests/benchmark -ll:gpu 1 -ll:cpu 1 -ll:fsize 8192 -dp:workers 1 -dp:hpool 256 -nocheck -block_random -block_volume 1024 -d1 2 -d2 2 image -n 1000 -e 1000 -p 1 -s 4 -f 5 -b 7,"{""buffer_size"": ""7"", ""cpu_us"": ""19953681"", ""d1"": ""2"", ""d2"": ""2"", ""gpu_us"": ""10815144"", ""num_edges"": ""1000"", ""num_nodes"": ""1000"", ""num_pieces"": ""1"", ""num_spaces"": ""4"", ""op"": ""image"", ""sparse_factor"": ""5""}","{""d1"": ""2"", ""d2"": ""2"", ""gpu_host_fallback"": ""0"", ""gpu_input_rects"": ""1"", ""gpu_oom_backoffs"": ""0"", ""gpu_scratch_bytes"": ""153752155"", ""gpu_tiles"": ""1"", ""op"": ""image"", ""path"": ""ptrs""}",100,0,block_random,1024,10815144,19953681,ptrs
tile_sweep_publication,image,2d,sparse,5,7,1,gpu_source,gpu_us,1,0,0,1,153752155,2,2,2,1000,1000,4,1,0,21.213790,/pscratch/sd/r/rchanani/realm/build_pm_deppart/tests/benchmark -ll:gpu 1 -ll:cpu 1 -ll:fsize 8192 -dp:workers 1 -dp:hpool 256 -nocheck -block_random -block_volume 1024 -dp:noisectopt -d1 2 -d2 2 image -n 1000 -e 1000 -p 1 -s 4 -f 5 -b 7,"{""buffer_size"": ""7"", ""cpu_us"": ""20103380"", ""d1"": ""2"", ""d2"": ""2"", ""gpu_us"": ""2073"", ""num_edges"": ""1000"", ""num_nodes"": ""1000"", ""num_pieces"": ""1"", ""num_spaces"": ""4"", ""op"": ""image"", ""sparse_factor"": ""5""}","{""d1"": ""2"", ""d2"": ""2"", ""gpu_host_fallback"": ""0"", ""gpu_input_rects"": ""1"", ""gpu_oom_backoffs"": ""0"", ""gpu_scratch_bytes"": ""153752155"", ""gpu_tiles"": ""1"", ""op"": ""image"", ""path"": ""ptrs""}",101,1,block_random,1024,2073,20103380,ptrs
tile_sweep_publication,image,2d,sparse,5,10,1,cpu_source,cpu_us,1,0,0,1,211527024,2,2,2,1000,1000,4,1,0,43.054480,/pscratch/sd/r/rchanani/realm/build_pm_deppart/tests/benchmark -ll:gpu 1 -ll:cpu 1 -ll:fsize 8192 -dp:workers 1 -dp:hpool 256 -nocheck -block_random -block_volume 1024 -d1 2 -d2 2 image -n 1000 -e 1000 -p 1 -s 4 -f 5 -b 10,"{""buffer_size"": ""10"", ""cpu_us"": ""20117209"", ""d1"": ""2"", ""d2"": ""2"", ""gpu_us"": ""10890759"", ""num_edges"": ""1000"", ""num_nodes"": ""1000"", ""num_pieces"": ""1"", ""num_spaces"": ""4"", ""op"": ""image"", ""sparse_factor"": ""5""}","{""d1"": ""2"", ""d2"": ""2"", ""gpu_host_fallback"": ""0"", ""gpu_input_rects"": ""1"", ""gpu_oom_backoffs"": ""0"", ""gpu_scratch_bytes"": ""211527024"", ""gpu_tiles"": ""1"", ""op"": ""image"", ""path"": ""ptrs""}",102,2,block_random,1024,10890759,20117209,ptrs
tile_sweep_publication,image,2d,sparse,5,10,1,gpu_source,gpu_us,1,0,0,1,211527024,2,2,2,1000,1000,4,1,0,20.958693,/pscratch/sd/r/rchanani/realm/build_pm_deppart/tests/benchmark -ll:gpu 1 -ll:cpu 1 -ll:fsize 8192 -dp:workers 1 -dp:hpool 256 -nocheck -block_random -block_volume 1024 -dp:noisectopt -d1 2 -d2 2 image -n 1000 -e 1000 -p 1 -s 4 -f 5 -b 10,"{""buffer_size"": ""10"", ""cpu_us"": ""19939294"", ""d1"": ""2"", ""d2"": ""2"", ""gpu_us"": ""2153"", ""num_edges"": ""1000"", ""num_nodes"": ""1000"", ""num_pieces"": ""1"", ""num_spaces"": ""4"", ""op"": ""image"", ""sparse_factor"": ""5""}","{""d1"": ""2"", ""d2"": ""2"", ""gpu_host_fallback"": ""0"", ""gpu_input_rects"": ""1"", ""gpu_oom_backoffs"": ""0"", ""gpu_scratch_bytes"": ""211527024"", ""gpu_tiles"": ""1"", ""op"": ""image"", ""path"": ""ptrs""}",103,3,block_random,1024,2153,19939294,ptrs
tile_sweep_publication,image,2d,sparse,5,15,1,cpu_source,cpu_us,1,0,0,1,307818472,2,2,2,1000,1000,4,1,0,42.668504,/pscratch/sd/r/rchanani/realm/build_pm_deppart/tests/benchmark -ll:gpu 1 -ll:cpu 1 -ll:fsize 8192 -dp:workers 1 -dp:hpool 256 -nocheck -block_random -block_volume 1024 -d1 2 -d2 2 image -n 1000 -e 1000 -p 1 -s 4 -f 5 -b 15,"{""buffer_size"": ""15"", ""cpu_us"": ""19958023"", ""d1"": ""2"", ""d2"": ""2"", ""gpu_us"": ""10840047"", ""num_edges"": ""1000"", ""num_nodes"": ""1000"", ""num_pieces"": ""1"", ""num_spaces"": ""4"", ""op"": ""image"", ""sparse_factor"": ""5""}","{""d1"": ""2"", ""d2"": ""2"", ""gpu_host_fallback"": ""0"", ""gpu_input_rects"": ""1"", ""gpu_oom_backoffs"": ""0"", ""gpu_scratch_bytes"": ""307818472"", ""gpu_tiles"": ""1"", ""op"": ""image"", ""path"": ""ptrs""}",104,0,block_random,1024,10840047,19958023,ptrs
tile_sweep_publication,image,2d,sparse,5,15,1,gpu_source,gpu_us,1,0,0,1,307818472,2,2,2,1000,1000,4,1,0,21.201161,/pscratch/sd/r/rchanani/realm/build_pm_deppart/tests/benchmark -ll:gpu 1 -ll:cpu 1 -ll:fsize 8192 -dp:workers 1 -dp:hpool 256 -nocheck -block_random -block_volume 1024 -dp:noisectopt -d1 2 -d2 2 image -n 1000 -e 1000 -p 1 -s 4 -f 5 -b 15,"{""buffer_size"": ""15"", ""cpu_us"": ""20029370"", ""d1"": ""2"", ""d2"": ""2"", ""gpu_us"": ""2048"", ""num_edges"": ""1000"", ""num_nodes"": ""1000"", ""num_pieces"": ""1"", ""num_spaces"": ""4"", ""op"": ""image"", ""sparse_factor"": ""5""}","{""d1"": ""2"", ""d2"": ""2"", ""gpu_host_fallback"": ""0"", ""gpu_input_rects"": ""1"", ""gpu_oom_backoffs"": ""0"", ""gpu_scratch_bytes"": ""307818472"", ""gpu_tiles"": ""1"", ""op"": ""image"", ""path"": ""ptrs""}",105,1,block_random,1024,2048,20029370,ptrs
tile_sweep_publication,image,2d,sparse,5,20,1,cpu_source,cpu_us,1,0,0,1,404109920,2,2,2,1000,1000,4,1,0,43.077236,/pscratch/sd/r/rchanani/realm/build_pm_deppart/tests/benchmark -ll:gpu 1 -ll:cpu 1 -ll:fsize 8192 -dp:workers 1 -dp:hpool 256 -nocheck -block_random -block_volume 1024 -d1 2 -d2 2 image -n 1000 -e 1000 -p 1 -s 4 -f 5 -b 20,"{""buffer_size"": ""20"", ""cpu_us"": ""20045674"", ""d1"": ""2"", ""d2"": ""2"", ""gpu_us"": ""10903662"", ""num_edges"": ""1000"", ""num_nodes"": ""1000"", ""num_pieces"": ""1"", ""num_spaces"": ""4"", ""op"": ""image"", ""sparse_factor"": ""5""}","{""d1"": ""2"", ""d2"": ""2"", ""gpu_host_fallback"": ""0"", ""gpu_input_rects"": ""1"", ""gpu_oom_backoffs"": ""0"", ""gpu_scratch_bytes"": ""404109920"", ""gpu_tiles"": ""1"", ""op"": ""image"", ""path"": ""ptrs""}",106,2,block_random,1024,10903662,20045674,ptrs
tile_sweep_publication,image,2d,sparse,5,20,1,gpu_source,gpu_us,1,0,0,1,404109920,2,2,2,1000,1000,4,1,0,21.041122,/pscratch/sd/r/rchanani/realm/build_pm_deppart/tests/benchmark -ll:gpu 1 -ll:cpu 1 -ll:fsize 8192 -dp:workers 1 -dp:hpool 256 -nocheck -block_random -block_volume 1024 -dp:noisectopt -d1 2 -d2 2 image -n 1000 -e 1000 -p 1 -s 4 -f 5 -b 20,"{""buffer_size"": ""20"", ""cpu_us"": ""19919976"", ""d1"": ""2"", ""d2"": ""2"", ""gpu_us"": ""2043"", ""num_edges"": ""1000"", ""num_nodes"": ""1000"", ""num_pieces"": ""1"", ""num_spaces"": ""4"", ""op"": ""image"", ""sparse_factor"": ""5""}","{""d1"": ""2"", ""d2"": ""2"", ""gpu_host_fallback"": ""0"", ""gpu_input_rects"": ""1"", ""gpu_oom_backoffs"": ""0"", ""gpu_scratch_bytes"": ""404109920"", ""gpu_tiles"": ""1"", ""op"": ""image"", ""path"": ""ptrs""}",107,3,block_random,1024,2043,19919976,ptrs
tile_sweep_publication,image,2d,sparse,5,25,1,cpu_source,cpu_us,1,0,0,1,500401368,2,2,2,1000,1000,4,1,0,42.597307,/pscratch/sd/r/rchanani/realm/build_pm_deppart/tests/benchmark -ll:gpu 1 -ll:cpu 1 -ll:fsize 8192 -dp:workers 1 -dp:hpool 256 -nocheck -block_random -block_volume 1024 -d1 2 -d2 2 image -n 1000 -e 1000 -p 1 -s 4 -f 5 -b 25,"{""buffer_size"": ""25"", ""cpu_us"": ""19935051"", ""d1"": ""2"", ""d2"": ""2"", ""gpu_us"": ""10831449"", ""num_edges"": ""1000"", ""num_nodes"": ""1000"", ""num_pieces"": ""1"", ""num_spaces"": ""4"", ""op"": ""image"", ""sparse_factor"": ""5""}","{""d1"": ""2"", ""d2"": ""2"", ""gpu_host_fallback"": ""0"", ""gpu_input_rects"": ""1"", ""gpu_oom_backoffs"": ""0"", ""gpu_scratch_bytes"": ""500401368"", ""gpu_tiles"": ""1"", ""op"": ""image"", ""path"": ""ptrs""}",108,0,block_random,1024,10831449,19935051,ptrs
tile_sweep_publication,image,2d,sparse,5,25,1,gpu_source,gpu_us,1,0,0,1,500401368,2,2,2,1000,1000,4,1,0,21.334553,/pscratch/sd/r/rchanani/realm/build_pm_deppart/tests/benchmark -ll:gpu 1 -ll:cpu 1 -ll:fsize 8192 -dp:workers 1 -dp:hpool 256 -nocheck -block_random -block_volume 1024 -dp:noisectopt -d1 2 -d2 2 image -n 1000 -e 1000 -p 1 -s 4 -f 5 -b 25,"{""buffer_size"": ""25"", ""cpu_us"": ""19998259"", ""d1"": ""2"", ""d2"": ""2"", ""gpu_us"": ""2037"", ""num_edges"": ""1000"", ""num_nodes"": ""1000"", ""num_pieces"": ""1"", ""num_spaces"": ""4"", ""op"": ""image"", ""sparse_factor"": ""5""}","{""d1"": ""2"", ""d2"": ""2"", ""gpu_host_fallback"": ""0"", ""gpu_input_rects"": ""1"", ""gpu_oom_backoffs"": ""0"", ""gpu_scratch_bytes"": ""500401368"", ""gpu_tiles"": ""1"", ""op"": ""image"", ""path"": ""ptrs""}",109,1,block_random,1024,2037,19998259,ptrs
tile_sweep_publication,image,2d,sparse,5,30,1,cpu_source,cpu_us,1,0,0,1,596692816,2,2,2,1000,1000,4,1,0,42.966763,/pscratch/sd/r/rchanani/realm/build_pm_deppart/tests/benchmark -ll:gpu 1 -ll:cpu 1 -ll:fsize 8192 -dp:workers 1 -dp:hpool 256 -nocheck -block_random -block_volume 1024 -d1 2 -d2 2 image -n 1000 -e 1000 -p 1 -s 4 -f 5 -b 30,"{""buffer_size"": ""30"", ""cpu_us"": ""20085536"", ""d1"": ""2"", ""d2"": ""2"", ""gpu_us"": ""10912236"", ""num_edges"": ""1000"", ""num_nodes"": ""1000"", ""num_pieces"": ""1"", ""num_spaces"": ""4"", ""op"": ""image"", ""sparse_factor"": ""5""}","{""d1"": ""2"", ""d2"": ""2"", ""gpu_host_fallback"": ""0"", ""gpu_input_rects"": ""1"", ""gpu_oom_backoffs"": ""0"", ""gpu_scratch_bytes"": ""596692816"", ""gpu_tiles"": ""1"", ""op"": ""image"", ""path"": ""ptrs""}",110,2,block_random,1024,10912236,20085536,ptrs
tile_sweep_publication,image,2d,sparse,5,30,1,gpu_source,gpu_us,1,0,0,1,596692816,2,2,2,1000,1000,4,1,0,21.020365,/pscratch/sd/r/rchanani/realm/build_pm_deppart/tests/benchmark -ll:gpu 1 -ll:cpu 1 -ll:fsize 8192 -dp:workers 1 -dp:hpool 256 -nocheck -block_random -block_volume 1024 -dp:noisectopt -d1 2 -d2 2 image -n 1000 -e 1000 -p 1 -s 4 -f 5 -b 30,"{""buffer_size"": ""30"", ""cpu_us"": ""19983625"", ""d1"": ""2"", ""d2"": ""2"", ""gpu_us"": ""2075"", ""num_edges"": ""1000"", ""num_nodes"": ""1000"", ""num_pieces"": ""1"", ""num_spaces"": ""4"", ""op"": ""image"", ""sparse_factor"": ""5""}","{""d1"": ""2"", ""d2"": ""2"", ""gpu_host_fallback"": ""0"", ""gpu_input_rects"": ""1"", ""gpu_oom_backoffs"": ""0"", ""gpu_scratch_bytes"": ""596692816"", ""gpu_tiles"": ""1"", ""op"": ""image"", ""path"": ""ptrs""}",111,3,block_random,1024,2075,19983625,ptrs
tile_sweep_publication,image,2d,sparse,5,40,1,cpu_source,cpu_us,1,0,0,1,789275712,2,2,2,1000,1000,4,1,0,42.668026,/pscratch/sd/r/rchanani/realm/build_pm_deppart/tests/benchmark -ll:gpu 1 -ll:cpu 1 -ll:fsize 8192 -dp:workers 1 -dp:hpool 256 -nocheck -block_random -block_volume 1024 -d1 2 -d2 2 image -n 1000 -e 1000 -p 1 -s 4 -f 5 -b 40,"{""buffer_size"": ""40"", ""cpu_us"": ""19944669"", ""d1"": ""2"", ""d2"": ""2"", ""gpu_us"": ""10834793"", ""num_edges"": ""1000"", ""num_nodes"": ""1000"", ""num_pieces"": ""1"", ""num_spaces"": ""4"", ""op"": ""image"", ""sparse_factor"": ""5""}","{""d1"": ""2"", ""d2"": ""2"", ""gpu_host_fallback"": ""0"", ""gpu_input_rects"": ""1"", ""gpu_oom_backoffs"": ""0"", ""gpu_scratch_bytes"": ""789275712"", ""gpu_tiles"": ""1"", ""op"": ""image"", ""path"": ""ptrs""}",112,0,block_random,1024,10834793,19944669,ptrs
tile_sweep_publication,image,2d,sparse,5,40,1,gpu_source,gpu_us,1,0,0,1,789275712,2,2,2,1000,1000,4,1,0,21.259255,/pscratch/sd/r/rchanani/realm/build_pm_deppart/tests/benchmark -ll:gpu 1 -ll:cpu 1 -ll:fsize 8192 -dp:workers 1 -dp:hpool 256 -nocheck -block_random -block_volume 1024 -dp:noisectopt -d1 2 -d2 2 image -n 1000 -e 1000 -p 1 -s 4 -f 5 -b 40,"{""buffer_size"": ""40"", ""cpu_us"": ""20055726"", ""d1"": ""2"", ""d2"": ""2"", ""gpu_us"": ""1992"", ""num_edges"": ""1000"", ""num_nodes"": ""1000"", ""num_pieces"": ""1"", ""num_spaces"": ""4"", ""op"": ""image"", ""sparse_factor"": ""5""}","{""d1"": ""2"", ""d2"": ""2"", ""gpu_host_fallback"": ""0"", ""gpu_input_rects"": ""1"", ""gpu_oom_backoffs"": ""0"", ""gpu_scratch_bytes"": ""789275712"", ""gpu_tiles"": ""1"", ""op"": ""image"", ""path"": ""ptrs""}",113,1,block_random,1024,1992,20055726,ptrs
tile_sweep_publication,image,2d,sparse,5,50,1,cpu_source,cpu_us,1,0,0,1,981858608,2,2,2,1000,1000,4,1,0,43.202064,/pscratch/sd/r/rchanani/realm/build_pm_deppart/tests/benchmark -ll:gpu 1 -ll:cpu 1 -ll:fsize 8192 -dp:workers 1 -dp:hpool 256 -nocheck -block_random -block_volume 1024 -d1 2 -d2 2 image -n 1000 -e 1000 -p 1 -s 4 -f 5 -b 50,"{""buffer_size"": ""50"", ""cpu_us"": ""20108468"", ""d1"": ""2"", ""d2"": ""2"", ""gpu_us"": ""10921593"", ""num_edges"": ""1000"", ""num_nodes"": ""1000"", ""num_pieces"": ""1"", ""num_spaces"": ""4"", ""op"": ""image"", ""sparse_factor"": ""5""}","{""d1"": ""2"", ""d2"": ""2"", ""gpu_host_fallback"": ""0"", ""gpu_input_rects"": ""1"", ""gpu_oom_backoffs"": ""0"", ""gpu_scratch_bytes"": ""981858608"", ""gpu_tiles"": ""1"", ""op"": ""image"", ""path"": ""ptrs""}",114,2,block_random,1024,10921593,20108468,ptrs
tile_sweep_publication,image,2d,sparse,5,50,1,gpu_source,gpu_us,1,0,0,1,981858608,2,2,2,1000,1000,4,1,0,21.046053,/pscratch/sd/r/rchanani/realm/build_pm_deppart/tests/benchmark -ll:gpu 1 -ll:cpu 1 -ll:fsize 8192 -dp:workers 1 -dp:hpool 256 -nocheck -block_random -block_volume 1024 -dp:noisectopt -d1 2 -d2 2 image -n 1000 -e 1000 -p 1 -s 4 -f 5 -b 50,"{""buffer_size"": ""50"", ""cpu_us"": ""20012391"", ""d1"": ""2"", ""d2"": ""2"", ""gpu_us"": ""2135"", ""num_edges"": ""1000"", ""num_nodes"": ""1000"", ""num_pieces"": ""1"", ""num_spaces"": ""4"", ""op"": ""image"", ""sparse_factor"": ""5""}","{""d1"": ""2"", ""d2"": ""2"", ""gpu_host_fallback"": ""0"", ""gpu_input_rects"": ""1"", ""gpu_oom_backoffs"": ""0"", ""gpu_scratch_bytes"": ""981858608"", ""gpu_tiles"": ""1"", ""op"": ""image"", ""path"": ""ptrs""}",115,3,block_random,1024,2135,20012391,ptrs
tile_sweep_publication,image,2d,sparse,5,75,1,cpu_source,cpu_us,1,0,0,1,1463315848,2,2,2,1000,1000,4,1,0,42.601053,/pscratch/sd/r/rchanani/realm/build_pm_deppart/tests/benchmark -ll:gpu 1 -ll:cpu 1 -ll:fsize 8192 -dp:workers 1 -dp:hpool 256 -nocheck -block_random -block_volume 1024 -d1 2 -d2 2 image -n 1000 -e 1000 -p 1 -s 4 -f 5 -b 75,"{""buffer_size"": ""75"", ""cpu_us"": ""19940482"", ""d1"": ""2"", ""d2"": ""2"", ""gpu_us"": ""10795886"", ""num_edges"": ""1000"", ""num_nodes"": ""1000"", ""num_pieces"": ""1"", ""num_spaces"": ""4"", ""op"": ""image"", ""sparse_factor"": ""5""}","{""d1"": ""2"", ""d2"": ""2"", ""gpu_host_fallback"": ""0"", ""gpu_input_rects"": ""1"", ""gpu_oom_backoffs"": ""0"", ""gpu_scratch_bytes"": ""1463315848"", ""gpu_tiles"": ""1"", ""op"": ""image"", ""path"": ""ptrs""}",116,0,block_random,1024,10795886,19940482,ptrs
tile_sweep_publication,image,2d,sparse,5,75,1,gpu_source,gpu_us,1,0,0,1,1463315848,2,2,2,1000,1000,4,1,0,21.248752,/pscratch/sd/r/rchanani/realm/build_pm_deppart/tests/benchmark -ll:gpu 1 -ll:cpu 1 -ll:fsize 8192 -dp:workers 1 -dp:hpool 256 -nocheck -block_random -block_volume 1024 -dp:noisectopt -d1 2 -d2 2 image -n 1000 -e 1000 -p 1 -s 4 -f 5 -b 75,"{""buffer_size"": ""75"", ""cpu_us"": ""20044494"", ""d1"": ""2"", ""d2"": ""2"", ""gpu_us"": ""2065"", ""num_edges"": ""1000"", ""num_nodes"": ""1000"", ""num_pieces"": ""1"", ""num_spaces"": ""4"", ""op"": ""image"", ""sparse_factor"": ""5""}","{""d1"": ""2"", ""d2"": ""2"", ""gpu_host_fallback"": ""0"", ""gpu_input_rects"": ""1"", ""gpu_oom_backoffs"": ""0"", ""gpu_scratch_bytes"": ""1463315848"", ""gpu_tiles"": ""1"", ""op"": ""image"", ""path"": ""ptrs""}",117,1,block_random,1024,2065,20044494,ptrs
tile_sweep_publication,image,2d,sparse,5,100,1,cpu_source,cpu_us,1,0,0,1,1944773088,2,2,2,1000,1000,4,1,0,43.015596,/pscratch/sd/r/rchanani/realm/build_pm_deppart/tests/benchmark -ll:gpu 1 -ll:cpu 1 -ll:fsize 8192 -dp:workers 1 -dp:hpool 256 -nocheck -block_random -block_volume 1024 -d1 2 -d2 2 image -n 1000 -e 1000 -p 1 -s 4 -f 5 -b 100,"{""buffer_size"": ""100"", ""cpu_us"": ""20066230"", ""d1"": ""2"", ""d2"": ""2"", ""gpu_us"": ""10884478"", ""num_edges"": ""1000"", ""num_nodes"": ""1000"", ""num_pieces"": ""1"", ""num_spaces"": ""4"", ""op"": ""image"", ""sparse_factor"": ""5""}","{""d1"": ""2"", ""d2"": ""2"", ""gpu_host_fallback"": ""0"", ""gpu_input_rects"": ""1"", ""gpu_oom_backoffs"": ""0"", ""gpu_scratch_bytes"": ""1944773088"", ""gpu_tiles"": ""1"", ""op"": ""image"", ""path"": ""ptrs""}",118,2,block_random,1024,10884478,20066230,ptrs
tile_sweep_publication,image,2d,sparse,5,100,1,gpu_source,gpu_us,1,0,0,1,1944773088,2,2,2,1000,1000,4,1,0,21.010290,/pscratch/sd/r/rchanani/realm/build_pm_deppart/tests/benchmark -ll:gpu 1 -ll:cpu 1 -ll:fsize 8192 -dp:workers 1 -dp:hpool 256 -nocheck -block_random -block_volume 1024 -dp:noisectopt -d1 2 -d2 2 image -n 1000 -e 1000 -p 1 -s 4 -f 5 -b 100,"{""buffer_size"": ""100"", ""cpu_us"": ""19961608"", ""d1"": ""2"", ""d2"": ""2"", ""gpu_us"": ""2364"", ""num_edges"": ""1000"", ""num_nodes"": ""1000"", ""num_pieces"": ""1"", ""num_spaces"": ""4"", ""op"": ""image"", ""sparse_factor"": ""5""}","{""d1"": ""2"", ""d2"": ""2"", ""gpu_host_fallback"": ""0"", ""gpu_input_rects"": ""1"", ""gpu_oom_backoffs"": ""0"", ""gpu_scratch_bytes"": ""1944773088"", ""gpu_tiles"": ""1"", ""op"": ""image"", ""path"": ""ptrs""}",119,3,block_random,1024,2364,19961608,ptrs
tile_sweep_publication,image,3d,dense,1,1,1,cpu_source,cpu_us,32,104,1,32,27600001,2,3,3,100,100,4,1,0,7.562488,/pscratch/sd/r/rchanani/realm/build_pm_deppart/tests/benchmark -ll:gpu 1 -ll:cpu 1 -ll:fsize 8192 -dp:workers 1 -dp:hpool 256 -nocheck -block_random -block_volume 1024 -d1 3 -d2 3 image -n 100 -e 100 -p 1 -s 4 -f 1 -b 1,"{""buffer_size"": ""1"", ""cpu_us"": ""4572285"", ""d1"": ""3"", ""d2"": ""3"", ""gpu_us"": ""1036124"", ""num_edges"": ""100"", ""num_nodes"": ""100"", ""num_pieces"": ""1"", ""num_spaces"": ""4"", ""op"": ""image"", ""sparse_factor"": ""1""}","{""d1"": ""3"", ""d2"": ""3"", ""gpu_host_fallback"": ""1"", ""gpu_input_rects"": ""32"", ""gpu_oom_backoffs"": ""104"", ""gpu_scratch_bytes"": ""27600001"", ""gpu_tiles"": ""32"", ""op"": ""image"", ""path"": ""ptrs""}",120,0,block_random,1024,1036124,4572285,ptrs
tile_sweep_publication,image,3d,dense,1,1,1,gpu_source,gpu_us,32,104,1,32,27600001,2,3,3,100,100,4,1,0,7.915803,/pscratch/sd/r/rchanani/realm/build_pm_deppart/tests/benchmark -ll:gpu 1 -ll:cpu 1 -ll:fsize 8192 -dp:workers 1 -dp:hpool 256 -nocheck -block_random -block_volume 1024 -dp:noisectopt -d1 3 -d2 3 image -n 100 -e 100 -p 1 -s 4 -f 1 -b 1,"{""buffer_size"": ""1"", ""cpu_us"": ""4611955"", ""d1"": ""3"", ""d2"": ""3"", ""gpu_us"": ""1036552"", ""num_edges"": ""100"", ""num_nodes"": ""100"", ""num_pieces"": ""1"", ""num_spaces"": ""4"", ""op"": ""image"", ""sparse_factor"": ""1""}","{""d1"": ""3"", ""d2"": ""3"", ""gpu_host_fallback"": ""1"", ""gpu_input_rects"": ""32"", ""gpu_oom_backoffs"": ""104"", ""gpu_scratch_bytes"": ""27600001"", ""gpu_tiles"": ""32"", ""op"": ""image"", ""path"": ""ptrs""}",121,1,block_random,1024,1036552,4611955,ptrs
tile_sweep_publication,image,3d,dense,1,2,1,cpu_source,cpu_us,16,39,1,16,53200003,2,3,3,100,100,4,1,0,8.689856,/pscratch/sd/r/rchanani/realm/build_pm_deppart/tests/benchmark -ll:gpu 1 -ll:cpu 1 -ll:fsize 8192 -dp:workers 1 -dp:hpool 256 -nocheck -block_random -block_volume 1024 -d1 3 -d2 3 image -n 100 -e 100 -p 1 -s 4 -f 1 -b 2,"{""buffer_size"": ""2"", ""cpu_us"": ""4618562"", ""d1"": ""3"", ""d2"": ""3"", ""gpu_us"": ""1497704"", ""num_edges"": ""100"", ""num_nodes"": ""100"", ""num_pieces"": ""1"", ""num_spaces"": ""4"", ""op"": ""image"", ""sparse_factor"": ""1""}","{""d1"": ""3"", ""d2"": ""3"", ""gpu_host_fallback"": ""1"", ""gpu_input_rects"": ""16"", ""gpu_oom_backoffs"": ""39"", ""gpu_scratch_bytes"": ""53200003"", ""gpu_tiles"": ""16"", ""op"": ""image"", ""path"": ""ptrs""}",122,2,block_random,1024,1497704,4618562,ptrs
tile_sweep_publication,image,3d,dense,1,2,1,gpu_source,gpu_us,16,39,1,16,53200003,2,3,3,100,100,4,1,0,8.476179,/pscratch/sd/r/rchanani/realm/build_pm_deppart/tests/benchmark -ll:gpu 1 -ll:cpu 1 -ll:fsize 8192 -dp:workers 1 -dp:hpool 256 -nocheck -block_random -block_volume 1024 -dp:noisectopt -d1 3 -d2 3 image -n 100 -e 100 -p 1 -s 4 -f 1 -b 2,"{""buffer_size"": ""2"", ""cpu_us"": ""4592222"", ""d1"": ""3"", ""d2"": ""3"", ""gpu_us"": ""1481935"", ""num_edges"": ""100"", ""num_nodes"": ""100"", ""num_pieces"": ""1"", ""num_spaces"": ""4"", ""op"": ""image"", ""sparse_factor"": ""1""}","{""d1"": ""3"", ""d2"": ""3"", ""gpu_host_fallback"": ""1"", ""gpu_input_rects"": ""16"", ""gpu_oom_backoffs"": ""39"", ""gpu_scratch_bytes"": ""53200003"", ""gpu_tiles"": ""16"", ""op"": ""image"", ""path"": ""ptrs""}",123,3,block_random,1024,1481935,4592222,ptrs
tile_sweep_publication,image,3d,dense,1,3,1,cpu_source,cpu_us,8,14,1,8,78800005,2,3,3,100,100,4,1,0,8.268664,/pscratch/sd/r/rchanani/realm/build_pm_deppart/tests/benchmark -ll:gpu 1 -ll:cpu 1 -ll:fsize 8192 -dp:workers 1 -dp:hpool 256 -nocheck -block_random -block_volume 1024 -d1 3 -d2 3 image -n 100 -e 100 -p 1 -s 4 -f 1 -b 3,"{""buffer_size"": ""3"", ""cpu_us"": ""4580430"", ""d1"": ""3"", ""d2"": ""3"", ""gpu_us"": ""1404018"", ""num_edges"": ""100"", ""num_nodes"": ""100"", ""num_pieces"": ""1"", ""num_spaces"": ""4"", ""op"": ""image"", ""sparse_factor"": ""1""}","{""d1"": ""3"", ""d2"": ""3"", ""gpu_host_fallback"": ""1"", ""gpu_input_rects"": ""8"", ""gpu_oom_backoffs"": ""14"", ""gpu_scratch_bytes"": ""78800005"", ""gpu_tiles"": ""8"", ""op"": ""image"", ""path"": ""ptrs""}",124,0,block_random,1024,1404018,4580430,ptrs
tile_sweep_publication,image,3d,dense,1,3,1,gpu_source,gpu_us,8,14,1,8,78800005,2,3,3,100,100,4,1,0,8.400757,/pscratch/sd/r/rchanani/realm/build_pm_deppart/tests/benchmark -ll:gpu 1 -ll:cpu 1 -ll:fsize 8192 -dp:workers 1 -dp:hpool 256 -nocheck -block_random -block_volume 1024 -dp:noisectopt -d1 3 -d2 3 image -n 100 -e 100 -p 1 -s 4 -f 1 -b 3,"{""buffer_size"": ""3"", ""cpu_us"": ""4601069"", ""d1"": ""3"", ""d2"": ""3"", ""gpu_us"": ""1410716"", ""num_edges"": ""100"", ""num_nodes"": ""100"", ""num_pieces"": ""1"", ""num_spaces"": ""4"", ""op"": ""image"", ""sparse_factor"": ""1""}","{""d1"": ""3"", ""d2"": ""3"", ""gpu_host_fallback"": ""1"", ""gpu_input_rects"": ""8"", ""gpu_oom_backoffs"": ""14"", ""gpu_scratch_bytes"": ""78800005"", ""gpu_tiles"": ""8"", ""op"": ""image"", ""path"": ""ptrs""}",125,1,block_random,1024,1410716,4601069,ptrs
tile_sweep_publication,image,3d,dense,1,4,1,cpu_source,cpu_us,8,14,1,8,104400007,2,3,3,100,100,4,1,0,8.500430,/pscratch/sd/r/rchanani/realm/build_pm_deppart/tests/benchmark -ll:gpu 1 -ll:cpu 1 -ll:fsize 8192 -dp:workers 1 -dp:hpool 256 -nocheck -block_random -block_volume 1024 -d1 3 -d2 3 image -n 100 -e 100 -p 1 -s 4 -f 1 -b 4,"{""buffer_size"": ""4"", ""cpu_us"": ""4625566"", ""d1"": ""3"", ""d2"": ""3"", ""gpu_us"": ""1416378"", ""num_edges"": ""100"", ""num_nodes"": ""100"", ""num_pieces"": ""1"", ""num_spaces"": ""4"", ""op"": ""image"", ""sparse_factor"": ""1""}","{""d1"": ""3"", ""d2"": ""3"", ""gpu_host_fallback"": ""1"", ""gpu_input_rects"": ""8"", ""gpu_oom_backoffs"": ""14"", ""gpu_scratch_bytes"": ""104400007"", ""gpu_tiles"": ""8"", ""op"": ""image"", ""path"": ""ptrs""}",126,2,block_random,1024,1416378,4625566,ptrs
tile_sweep_publication,image,3d,dense,1,4,1,gpu_source,gpu_us,8,14,1,8,104400007,2,3,3,100,100,4,1,0,8.296785,/pscratch/sd/r/rchanani/realm/build_pm_deppart/tests/benchmark -ll:gpu 1 -ll:cpu 1 -ll:fsize 8192 -dp:workers 1 -dp:hpool 256 -nocheck -block_random -block_volume 1024 -dp:noisectopt -d1 3 -d2 3 image -n 100 -e 100 -p 1 -s 4 -f 1 -b 4,"{""buffer_size"": ""4"", ""cpu_us"": ""4574506"", ""d1"": ""3"", ""d2"": ""3"", ""gpu_us"": ""1407388"", ""num_edges"": ""100"", ""num_nodes"": ""100"", ""num_pieces"": ""1"", ""num_spaces"": ""4"", ""op"": ""image"", ""sparse_factor"": ""1""}","{""d1"": ""3"", ""d2"": ""3"", ""gpu_host_fallback"": ""1"", ""gpu_input_rects"": ""8"", ""gpu_oom_backoffs"": ""14"", ""gpu_scratch_bytes"": ""104400007"", ""gpu_tiles"": ""8"", ""op"": ""image"", ""path"": ""ptrs""}",127,3,block_random,1024,1407388,4574506,ptrs
tile_sweep_publication,image,3d,dense,1,5,1,cpu_source,cpu_us,8,14,1,8,130000009,2,3,3,100,100,4,1,0,8.306303,/pscratch/sd/r/rchanani/realm/build_pm_deppart/tests/benchmark -ll:gpu 1 -ll:cpu 1 -ll:fsize 8192 -dp:workers 1 -dp:hpool 256 -nocheck -block_random -block_volume 1024 -d1 3 -d2 3 image -n 100 -e 100 -p 1 -s 4 -f 1 -b 5,"{""buffer_size"": ""5"", ""cpu_us"": ""4602699"", ""d1"": ""3"", ""d2"": ""3"", ""gpu_us"": ""1404015"", ""num_edges"": ""100"", ""num_nodes"": ""100"", ""num_pieces"": ""1"", ""num_spaces"": ""4"", ""op"": ""image"", ""sparse_factor"": ""1""}","{""d1"": ""3"", ""d2"": ""3"", ""gpu_host_fallback"": ""1"", ""gpu_input_rects"": ""8"", ""gpu_oom_backoffs"": ""14"", ""gpu_scratch_bytes"": ""130000009"", ""gpu_tiles"": ""8"", ""op"": ""image"", ""path"": ""ptrs""}",128,0,block_random,1024,1404015,4602699,ptrs
tile_sweep_publication,image,3d,dense,1,5,1,gpu_source,gpu_us,8,14,1,8,130000009,2,3,3,100,100,4,1,0,8.585115,/pscratch/sd/r/rchanani/realm/build_pm_deppart/tests/benchmark -ll:gpu 1 -ll:cpu 1 -ll:fsize 8192 -dp:workers 1 -dp:hpool 256 -nocheck -block_random -block_volume 1024 -dp:noisectopt -d1 3 -d2 3 image -n 100 -e 100 -p 1 -s 4 -f 1 -b 5,"{""buffer_size"": ""5"", ""cpu_us"": ""4615551"", ""d1"": ""3"", ""d2"": ""3"", ""gpu_us"": ""1411734"", ""num_edges"": ""100"", ""num_nodes"": ""100"", ""num_pieces"": ""1"", ""num_spaces"": ""4"", ""op"": ""image"", ""sparse_factor"": ""1""}","{""d1"": ""3"", ""d2"": ""3"", ""gpu_host_fallback"": ""1"", ""gpu_input_rects"": ""8"", ""gpu_oom_backoffs"": ""14"", ""gpu_scratch_bytes"": ""130000009"", ""gpu_tiles"": ""8"", ""op"": ""image"", ""path"": ""ptrs""}",129,1,block_random,1024,1411734,4615551,ptrs
tile_sweep_publication,image,3d,dense,1,7,1,cpu_source,cpu_us,4,5,1,4,181200013,2,3,3,100,100,4,1,0,9.501055,/pscratch/sd/r/rchanani/realm/build_pm_deppart/tests/benchmark -ll:gpu 1 -ll:cpu 1 -ll:fsize 8192 -dp:workers 1 -dp:hpool 256 -nocheck -block_random -block_volume 1024 -d1 3 -d2 3 image -n 100 -e 100 -p 1 -s 4 -f 1 -b 7,"{""buffer_size"": ""7"", ""cpu_us"": ""4628071"", ""d1"": ""3"", ""d2"": ""3"", ""gpu_us"": ""1913207"", ""num_edges"": ""100"", ""num_nodes"": ""100"", ""num_pieces"": ""1"", ""num_spaces"": ""4"", ""op"": ""image"", ""sparse_factor"": ""1""}","{""d1"": ""3"", ""d2"": ""3"", ""gpu_host_fallback"": ""1"", ""gpu_input_rects"": ""4"", ""gpu_oom_backoffs"": ""5"", ""gpu_scratch_bytes"": ""181200013"", ""gpu_tiles"": ""4"", ""op"": ""image"", ""path"": ""ptrs""}",130,2,block_random,1024,1913207,4628071,ptrs
tile_sweep_publication,image,3d,dense,1,7,1,gpu_source,gpu_us,4,5,1,4,181200013,2,3,3,100,100,4,1,0,9.292633,/pscratch/sd/r/rchanani/realm/build_pm_deppart/tests/benchmark -ll:gpu 1 -ll:cpu 1 -ll:fsize 8192 -dp:workers 1 -dp:hpool 256 -nocheck -block_random -block_volume 1024 -dp:noisectopt -d1 3 -d2 3 image -n 100 -e 100 -p 1 -s 4 -f 1 -b 7,"{""buffer_size"": ""7"", ""cpu_us"": ""4585872"", ""d1"": ""3"", ""d2"": ""3"", ""gpu_us"": ""1897459"", ""num_edges"": ""100"", ""num_nodes"": ""100"", ""num_pieces"": ""1"", ""num_spaces"": ""4"", ""op"": ""image"", ""sparse_factor"": ""1""}","{""d1"": ""3"", ""d2"": ""3"", ""gpu_host_fallback"": ""1"", ""gpu_input_rects"": ""4"", ""gpu_oom_backoffs"": ""5"", ""gpu_scratch_bytes"": ""181200013"", ""gpu_tiles"": ""4"", ""op"": ""image"", ""path"": ""ptrs""}",131,3,block_random,1024,1897459,4585872,ptrs
tile_sweep_publication,image,3d,dense,1,10,1,cpu_source,cpu_us,4,5,1,4,258000019,2,3,3,100,100,4,1,0,9.296402,/pscratch/sd/r/rchanani/realm/build_pm_deppart/tests/benchmark -ll:gpu 1 -ll:cpu 1 -ll:fsize 8192 -dp:workers 1 -dp:hpool 256 -nocheck -block_random -block_volume 1024 -d1 3 -d2 3 image -n 100 -e 100 -p 1 -s 4 -f 1 -b 10,"{""buffer_size"": ""10"", ""cpu_us"": ""4597370"", ""d1"": ""3"", ""d2"": ""3"", ""gpu_us"": ""1901787"", ""num_edges"": ""100"", ""num_nodes"": ""100"", ""num_pieces"": ""1"", ""num_spaces"": ""4"", ""op"": ""image"", ""sparse_factor"": ""1""}","{""d1"": ""3"", ""d2"": ""3"", ""gpu_host_fallback"": ""1"", ""gpu_input_rects"": ""4"", ""gpu_oom_backoffs"": ""5"", ""gpu_scratch_bytes"": ""258000019"", ""gpu_tiles"": ""4"", ""op"": ""image"", ""path"": ""ptrs""}",132,0,block_random,1024,1901787,4597370,ptrs
tile_sweep_publication,image,3d,dense,1,10,1,gpu_source,gpu_us,4,5,1,4,258000019,2,3,3,100,100,4,1,0,9.702503,/pscratch/sd/r/rchanani/realm/build_pm_deppart/tests/benchmark -ll:gpu 1 -ll:cpu 1 -ll:fsize 8192 -dp:workers 1 -dp:hpool 256 -nocheck -block_random -block_volume 1024 -dp:noisectopt -d1 3 -d2 3 image -n 100 -e 100 -p 1 -s 4 -f 1 -b 10,"{""buffer_size"": ""10"", ""cpu_us"": ""4705817"", ""d1"": ""3"", ""d2"": ""3"", ""gpu_us"": ""1921471"", ""num_edges"": ""100"", ""num_nodes"": ""100"", ""num_pieces"": ""1"", ""num_spaces"": ""4"", ""op"": ""image"", ""sparse_factor"": ""1""}","{""d1"": ""3"", ""d2"": ""3"", ""gpu_host_fallback"": ""1"", ""gpu_input_rects"": ""4"", ""gpu_oom_backoffs"": ""5"", ""gpu_scratch_bytes"": ""258000019"", ""gpu_tiles"": ""4"", ""op"": ""image"", ""path"": ""ptrs""}",133,1,block_random,1024,1921471,4705817,ptrs
tile_sweep_publication,image,3d,dense,1,15,1,cpu_source,cpu_us,2,2,1,2,386000028,2,3,3,100,100,4,1,0,8.834313,/pscratch/sd/r/rchanani/realm/build_pm_deppart/tests/benchmark -ll:gpu 1 -ll:cpu 1 -ll:fsize 8192 -dp:workers 1 -dp:hpool 256 -nocheck -block_random -block_volume 1024 -d1 3 -d2 3 image -n 100 -e 100 -p 1 -s 4 -f 1 -b 15,"{""buffer_size"": ""15"", ""cpu_us"": ""4644763"", ""d1"": ""3"", ""d2"": ""3"", ""gpu_us"": ""1572740"", ""num_edges"": ""100"", ""num_nodes"": ""100"", ""num_pieces"": ""1"", ""num_spaces"": ""4"", ""op"": ""image"", ""sparse_factor"": ""1""}","{""d1"": ""3"", ""d2"": ""3"", ""gpu_host_fallback"": ""1"", ""gpu_input_rects"": ""2"", ""gpu_oom_backoffs"": ""2"", ""gpu_scratch_bytes"": ""386000028"", ""gpu_tiles"": ""2"", ""op"": ""image"", ""path"": ""ptrs""}",134,2,block_random,1024,1572740,4644763,ptrs
tile_sweep_publication,image,3d,dense,1,15,1,gpu_source,gpu_us,2,2,1,2,386000028,2,3,3,100,100,4,1,0,8.586253,/pscratch/sd/r/rchanani/realm/build_pm_deppart/tests/benchmark -ll:gpu 1 -ll:cpu 1 -ll:fsize 8192 -dp:workers 1 -dp:hpool 256 -nocheck -block_random -block_volume 1024 -dp:noisectopt -d1 3 -d2 3 image -n 100 -e 100 -p 1 -s 4 -f 1 -b 15,"{""buffer_size"": ""15"", ""cpu_us"": ""4608328"", ""d1"": ""3"", ""d2"": ""3"", ""gpu_us"": ""1547543"", ""num_edges"": ""100"", ""num_nodes"": ""100"", ""num_pieces"": ""1"", ""num_spaces"": ""4"", ""op"": ""image"", ""sparse_factor"": ""1""}","{""d1"": ""3"", ""d2"": ""3"", ""gpu_host_fallback"": ""1"", ""gpu_input_rects"": ""2"", ""gpu_oom_backoffs"": ""2"", ""gpu_scratch_bytes"": ""386000028"", ""gpu_tiles"": ""2"", ""op"": ""image"", ""path"": ""ptrs""}",135,3,block_random,1024,1547543,4608328,ptrs
tile_sweep_publication,image,3d,dense,1,20,1,cpu_source,cpu_us,2,2,1,2,514000038,2,3,3,100,100,4,1,0,8.624032,/pscratch/sd/r/rchanani/realm/build_pm_deppart/tests/benchmark -ll:gpu 1 -ll:cpu 1 -ll:fsize 8192 -dp:workers 1 -dp:hpool 256 -nocheck -block_random -block_volume 1024 -d1 3 -d2 3 image -n 100 -e 100 -p 1 -s 4 -f 1 -b 20,"{""buffer_size"": ""20"", ""cpu_us"": ""4626232"", ""d1"": ""3"", ""d2"": ""3"", ""gpu_us"": ""1554252"", ""num_edges"": ""100"", ""num_nodes"": ""100"", ""num_pieces"": ""1"", ""num_spaces"": ""4"", ""op"": ""image"", ""sparse_factor"": ""1""}","{""d1"": ""3"", ""d2"": ""3"", ""gpu_host_fallback"": ""1"", ""gpu_input_rects"": ""2"", ""gpu_oom_backoffs"": ""2"", ""gpu_scratch_bytes"": ""514000038"", ""gpu_tiles"": ""2"", ""op"": ""image"", ""path"": ""ptrs""}",136,0,block_random,1024,1554252,4626232,ptrs
tile_sweep_publication,image,3d,dense,1,20,1,gpu_source,gpu_us,2,2,1,2,514000038,2,3,3,100,100,4,1,0,8.778986,/pscratch/sd/r/rchanani/realm/build_pm_deppart/tests/benchmark -ll:gpu 1 -ll:cpu 1 -ll:fsize 8192 -dp:workers 1 -dp:hpool 256 -nocheck -block_random -block_volume 1024 -dp:noisectopt -d1 3 -d2 3 image -n 100 -e 100 -p 1 -s 4 -f 1 -b 20,"{""buffer_size"": ""20"", ""cpu_us"": ""4562264"", ""d1"": ""3"", ""d2"": ""3"", ""gpu_us"": ""1547779"", ""num_edges"": ""100"", ""num_nodes"": ""100"", ""num_pieces"": ""1"", ""num_spaces"": ""4"", ""op"": ""image"", ""sparse_factor"": ""1""}","{""d1"": ""3"", ""d2"": ""3"", ""gpu_host_fallback"": ""1"", ""gpu_input_rects"": ""2"", ""gpu_oom_backoffs"": ""2"", ""gpu_scratch_bytes"": ""514000038"", ""gpu_tiles"": ""2"", ""op"": ""image"", ""path"": ""ptrs""}",137,1,block_random,1024,1547779,4562264,ptrs
tile_sweep_publication,image,3d,dense,1,25,1,cpu_source,cpu_us,1,0,0,1,642000048,2,3,3,100,100,4,1,0,6.866481,/pscratch/sd/r/rchanani/realm/build_pm_deppart/tests/benchmark -ll:gpu 1 -ll:cpu 1 -ll:fsize 8192 -dp:workers 1 -dp:hpool 256 -nocheck -block_random -block_volume 1024 -d1 3 -d2 3 image -n 100 -e 100 -p 1 -s 4 -f 1 -b 25,"{""buffer_size"": ""25"", ""cpu_us"": ""4623602"", ""d1"": ""3"", ""d2"": ""3"", ""gpu_us"": ""590332"", ""num_edges"": ""100"", ""num_nodes"": ""100"", ""num_pieces"": ""1"", ""num_spaces"": ""4"", ""op"": ""image"", ""sparse_factor"": ""1""}","{""d1"": ""3"", ""d2"": ""3"", ""gpu_host_fallback"": ""0"", ""gpu_input_rects"": ""1"", ""gpu_oom_backoffs"": ""0"", ""gpu_scratch_bytes"": ""642000048"", ""gpu_tiles"": ""1"", ""op"": ""image"", ""path"": ""ptrs""}",138,2,block_random,1024,590332,4623602,ptrs
tile_sweep_publication,image,3d,dense,1,25,1,gpu_source,gpu_us,1,0,0,1,642000048,2,3,3,100,100,4,1,0,5.602541,/pscratch/sd/r/rchanani/realm/build_pm_deppart/tests/benchmark -ll:gpu 1 -ll:cpu 1 -ll:fsize 8192 -dp:workers 1 -dp:hpool 256 -nocheck -block_random -block_volume 1024 -dp:noisectopt -d1 3 -d2 3 image -n 100 -e 100 -p 1 -s 4 -f 1 -b 25,"{""buffer_size"": ""25"", ""cpu_us"": ""4657533"", ""d1"": ""3"", ""d2"": ""3"", ""gpu_us"": ""6647"", ""num_edges"": ""100"", ""num_nodes"": ""100"", ""num_pieces"": ""1"", ""num_spaces"": ""4"", ""op"": ""image"", ""sparse_factor"": ""1""}","{""d1"": ""3"", ""d2"": ""3"", ""gpu_host_fallback"": ""0"", ""gpu_input_rects"": ""1"", ""gpu_oom_backoffs"": ""0"", ""gpu_scratch_bytes"": ""642000048"", ""gpu_tiles"": ""1"", ""op"": ""image"", ""path"": ""ptrs""}",139,3,block_random,1024,6647,4657533,ptrs
tile_sweep_publication,image,3d,dense,1,30,1,cpu_source,cpu_us,1,0,0,1,770000057,2,3,3,100,100,4,1,0,6.618937,/pscratch/sd/r/rchanani/realm/build_pm_deppart/tests/benchmark -ll:gpu 1 -ll:cpu 1 -ll:fsize 8192 -dp:workers 1 -dp:hpool 256 -nocheck -block_random -block_volume 1024 -d1 3 -d2 3 image -n 100 -e 100 -p 1 -s 4 -f 1 -b 30,"{""buffer_size"": ""30"", ""cpu_us"": ""4549240"", ""d1"": ""3"", ""d2"": ""3"", ""gpu_us"": ""582805"", ""num_edges"": ""100"", ""num_nodes"": ""100"", ""num_pieces"": ""1"", ""num_spaces"": ""4"", ""op"": ""image"", ""sparse_factor"": ""1""}","{""d1"": ""3"", ""d2"": ""3"", ""gpu_host_fallback"": ""0"", ""gpu_input_rects"": ""1"", ""gpu_oom_backoffs"": ""0"", ""gpu_scratch_bytes"": ""770000057"", ""gpu_tiles"": ""1"", ""op"": ""image"", ""path"": ""ptrs""}",140,0,block_random,1024,582805,4549240,ptrs
tile_sweep_publication,image,3d,dense,1,30,1,gpu_source,gpu_us,1,0,0,1,770000057,2,3,3,100,100,4,1,0,5.690038,/pscratch/sd/r/rchanani/realm/build_pm_deppart/tests/benchmark -ll:gpu 1 -ll:cpu 1 -ll:fsize 8192 -dp:workers 1 -dp:hpool 256 -nocheck -block_random -block_volume 1024 -dp:noisectopt -d1 3 -d2 3 image -n 100 -e 100 -p 1 -s 4 -f 1 -b 30,"{""buffer_size"": ""30"", ""cpu_us"": ""4609846"", ""d1"": ""3"", ""d2"": ""3"", ""gpu_us"": ""6664"", ""num_edges"": ""100"", ""num_nodes"": ""100"", ""num_pieces"": ""1"", ""num_spaces"": ""4"", ""op"": ""image"", ""sparse_factor"": ""1""}","{""d1"": ""3"", ""d2"": ""3"", ""gpu_host_fallback"": ""0"", ""gpu_input_rects"": ""1"", ""gpu_oom_backoffs"": ""0"", ""gpu_scratch_bytes"": ""770000057"", ""gpu_tiles"": ""1"", ""op"": ""image"", ""path"": ""ptrs""}",141,1,block_random,1024,6664,4609846,ptrs
tile_sweep_publication,image,3d,dense,1,40,1,cpu_source,cpu_us,1,0,0,1,1026000076,2,3,3,100,100,4,1,0,6.891150,/pscratch/sd/r/rchanani/realm/build_pm_deppart/tests/benchmark -ll:gpu 1 -ll:cpu 1 -ll:fsize 8192 -dp:workers 1 -dp:hpool 256 -nocheck -block_random -block_volume 1024 -d1 3 -d2 3 image -n 100 -e 100 -p 1 -s 4 -f 1 -b 40,"{""buffer_size"": ""40"", ""cpu_us"": ""4612992"", ""d1"": ""3"", ""d2"": ""3"", ""gpu_us"": ""585163"", ""num_edges"": ""100"", ""num_nodes"": ""100"", ""num_pieces"": ""1"", ""num_spaces"": ""4"", ""op"": ""image"", ""sparse_factor"": ""1""}","{""d1"": ""3"", ""d2"": ""3"", ""gpu_host_fallback"": ""0"", ""gpu_input_rects"": ""1"", ""gpu_oom_backoffs"": ""0"", ""gpu_scratch_bytes"": ""1026000076"", ""gpu_tiles"": ""1"", ""op"": ""image"", ""path"": ""ptrs""}",142,2,block_random,1024,585163,4612992,ptrs
tile_sweep_publication,image,3d,dense,1,40,1,gpu_source,gpu_us,1,0,0,1,1026000076,2,3,3,100,100,4,1,0,5.524421,/pscratch/sd/r/rchanani/realm/build_pm_deppart/tests/benchmark -ll:gpu 1 -ll:cpu 1 -ll:fsize 8192 -dp:workers 1 -dp:hpool 256 -nocheck -block_random -block_volume 1024 -dp:noisectopt -d1 3 -d2 3 image -n 100 -e 100 -p 1 -s 4 -f 1 -b 40,"{""buffer_size"": ""40"", ""cpu_us"": ""4608997"", ""d1"": ""3"", ""d2"": ""3"", ""gpu_us"": ""6753"", ""num_edges"": ""100"", ""num_nodes"": ""100"", ""num_pieces"": ""1"", ""num_spaces"": ""4"", ""op"": ""image"", ""sparse_factor"": ""1""}","{""d1"": ""3"", ""d2"": ""3"", ""gpu_host_fallback"": ""0"", ""gpu_input_rects"": ""1"", ""gpu_oom_backoffs"": ""0"", ""gpu_scratch_bytes"": ""1026000076"", ""gpu_tiles"": ""1"", ""op"": ""image"", ""path"": ""ptrs""}",143,3,block_random,1024,6753,4608997,ptrs
tile_sweep_publication,image,3d,dense,1,50,1,cpu_source,cpu_us,1,0,0,1,1282000096,2,3,3,100,100,4,1,0,6.629086,/pscratch/sd/r/rchanani/realm/build_pm_deppart/tests/benchmark -ll:gpu 1 -ll:cpu 1 -ll:fsize 8192 -dp:workers 1 -dp:hpool 256 -nocheck -block_random -block_volume 1024 -d1 3 -d2 3 image -n 100 -e 100 -p 1 -s 4 -f 1 -b 50,"{""buffer_size"": ""50"", ""cpu_us"": ""4556618"", ""d1"": ""3"", ""d2"": ""3"", ""gpu_us"": ""579891"", ""num_edges"": ""100"", ""num_nodes"": ""100"", ""num_pieces"": ""1"", ""num_spaces"": ""4"", ""op"": ""image"", ""sparse_factor"": ""1""}","{""d1"": ""3"", ""d2"": ""3"", ""gpu_host_fallback"": ""0"", ""gpu_input_rects"": ""1"", ""gpu_oom_backoffs"": ""0"", ""gpu_scratch_bytes"": ""1282000096"", ""gpu_tiles"": ""1"", ""op"": ""image"", ""path"": ""ptrs""}",144,0,block_random,1024,579891,4556618,ptrs
tile_sweep_publication,image,3d,dense,1,50,1,gpu_source,gpu_us,1,0,0,1,1282000096,2,3,3,100,100,4,1,0,5.629670,/pscratch/sd/r/rchanani/realm/build_pm_deppart/tests/benchmark -ll:gpu 1 -ll:cpu 1 -ll:fsize 8192 -dp:workers 1 -dp:hpool 256 -nocheck -block_random -block_volume 1024 -dp:noisectopt -d1 3 -d2 3 image -n 100 -e 100 -p 1 -s 4 -f 1 -b 50,"{""buffer_size"": ""50"", ""cpu_us"": ""4637131"", ""d1"": ""3"", ""d2"": ""3"", ""gpu_us"": ""6509"", ""num_edges"": ""100"", ""num_nodes"": ""100"", ""num_pieces"": ""1"", ""num_spaces"": ""4"", ""op"": ""image"", ""sparse_factor"": ""1""}","{""d1"": ""3"", ""d2"": ""3"", ""gpu_host_fallback"": ""0"", ""gpu_input_rects"": ""1"", ""gpu_oom_backoffs"": ""0"", ""gpu_scratch_bytes"": ""1282000096"", ""gpu_tiles"": ""1"", ""op"": ""image"", ""path"": ""ptrs""}",145,1,block_random,1024,6509,4637131,ptrs
tile_sweep_publication,image,3d,dense,1,75,1,cpu_source,cpu_us,1,0,0,1,1922000144,2,3,3,100,100,4,1,0,6.894882,/pscratch/sd/r/rchanani/realm/build_pm_deppart/tests/benchmark -ll:gpu 1 -ll:cpu 1 -ll:fsize 8192 -dp:workers 1 -dp:hpool 256 -nocheck -block_random -block_volume 1024 -d1 3 -d2 3 image -n 100 -e 100 -p 1 -s 4 -f 1 -b 75,"{""buffer_size"": ""75"", ""cpu_us"": ""4600614"", ""d1"": ""3"", ""d2"": ""3"", ""gpu_us"": ""585093"", ""num_edges"": ""100"", ""num_nodes"": ""100"", ""num_pieces"": ""1"", ""num_spaces"": ""4"", ""op"": ""image"", ""sparse_factor"": ""1""}","{""d1"": ""3"", ""d2"": ""3"", ""gpu_host_fallback"": ""0"", ""gpu_input_rects"": ""1"", ""gpu_oom_backoffs"": ""0"", ""gpu_scratch_bytes"": ""1922000144"", ""gpu_tiles"": ""1"", ""op"": ""image"", ""path"": ""ptrs""}",146,2,block_random,1024,585093,4600614,ptrs
tile_sweep_publication,image,3d,dense,1,75,1,gpu_source,gpu_us,1,0,0,1,1922000144,2,3,3,100,100,4,1,0,5.488349,/pscratch/sd/r/rchanani/realm/build_pm_deppart/tests/benchmark -ll:gpu 1 -ll:cpu 1 -ll:fsize 8192 -dp:workers 1 -dp:hpool 256 -nocheck -block_random -block_volume 1024 -dp:noisectopt -d1 3 -d2 3 image -n 100 -e 100 -p 1 -s 4 -f 1 -b 75,"{""buffer_size"": ""75"", ""cpu_us"": ""4562090"", ""d1"": ""3"", ""d2"": ""3"", ""gpu_us"": ""6552"", ""num_edges"": ""100"", ""num_nodes"": ""100"", ""num_pieces"": ""1"", ""num_spaces"": ""4"", ""op"": ""image"", ""sparse_factor"": ""1""}","{""d1"": ""3"", ""d2"": ""3"", ""gpu_host_fallback"": ""0"", ""gpu_input_rects"": ""1"", ""gpu_oom_backoffs"": ""0"", ""gpu_scratch_bytes"": ""1922000144"", ""gpu_tiles"": ""1"", ""op"": ""image"", ""path"": ""ptrs""}",147,3,block_random,1024,6552,4562090,ptrs
tile_sweep_publication,image,3d,dense,1,100,1,cpu_source,cpu_us,1,0,0,1,2562000192,2,3,3,100,100,4,1,0,6.612150,/pscratch/sd/r/rchanani/realm/build_pm_deppart/tests/benchmark -ll:gpu 1 -ll:cpu 1 -ll:fsize 8192 -dp:workers 1 -dp:hpool 256 -nocheck -block_random -block_volume 1024 -d1 3 -d2 3 image -n 100 -e 100 -p 1 -s 4 -f 1 -b 100,"{""buffer_size"": ""100"", ""cpu_us"": ""4559764"", ""d1"": ""3"", ""d2"": ""3"", ""gpu_us"": ""582061"", ""num_edges"": ""100"", ""num_nodes"": ""100"", ""num_pieces"": ""1"", ""num_spaces"": ""4"", ""op"": ""image"", ""sparse_factor"": ""1""}","{""d1"": ""3"", ""d2"": ""3"", ""gpu_host_fallback"": ""0"", ""gpu_input_rects"": ""1"", ""gpu_oom_backoffs"": ""0"", ""gpu_scratch_bytes"": ""2562000192"", ""gpu_tiles"": ""1"", ""op"": ""image"", ""path"": ""ptrs""}",148,0,block_random,1024,582061,4559764,ptrs
tile_sweep_publication,image,3d,dense,1,100,1,gpu_source,gpu_us,1,0,0,1,2562000192,2,3,3,100,100,4,1,0,5.722599,/pscratch/sd/r/rchanani/realm/build_pm_deppart/tests/benchmark -ll:gpu 1 -ll:cpu 1 -ll:fsize 8192 -dp:workers 1 -dp:hpool 256 -nocheck -block_random -block_volume 1024 -dp:noisectopt -d1 3 -d2 3 image -n 100 -e 100 -p 1 -s 4 -f 1 -b 100,"{""buffer_size"": ""100"", ""cpu_us"": ""4616763"", ""d1"": ""3"", ""d2"": ""3"", ""gpu_us"": ""6649"", ""num_edges"": ""100"", ""num_nodes"": ""100"", ""num_pieces"": ""1"", ""num_spaces"": ""4"", ""op"": ""image"", ""sparse_factor"": ""1""}","{""d1"": ""3"", ""d2"": ""3"", ""gpu_host_fallback"": ""0"", ""gpu_input_rects"": ""1"", ""gpu_oom_backoffs"": ""0"", ""gpu_scratch_bytes"": ""2562000192"", ""gpu_tiles"": ""1"", ""op"": ""image"", ""path"": ""ptrs""}",149,1,block_random,1024,6649,4616763,ptrs
tile_sweep_publication,image,3d,sparse,5,1,1,cpu_source,cpu_us,1,0,0,1,48138234,2,3,3,100,100,4,1,0,81.652835,/pscratch/sd/r/rchanani/realm/build_pm_deppart/tests/benchmark -ll:gpu 1 -ll:cpu 1 -ll:fsize 8192 -dp:workers 1 -dp:hpool 256 -nocheck -block_random -block_volume 1024 -d1 3 -d2 3 image -n 100 -e 100 -p 1 -s 4 -f 5 -b 1,"{""buffer_size"": ""1"", ""cpu_us"": ""37469096"", ""d1"": ""3"", ""d2"": ""3"", ""gpu_us"": ""21491180"", ""num_edges"": ""100"", ""num_nodes"": ""100"", ""num_pieces"": ""1"", ""num_spaces"": ""4"", ""op"": ""image"", ""sparse_factor"": ""5""}","{""d1"": ""3"", ""d2"": ""3"", ""gpu_host_fallback"": ""0"", ""gpu_input_rects"": ""1"", ""gpu_oom_backoffs"": ""0"", ""gpu_scratch_bytes"": ""48138234"", ""gpu_tiles"": ""1"", ""op"": ""image"", ""path"": ""ptrs""}",150,2,block_random,1024,21491180,37469096,ptrs
tile_sweep_publication,image,3d,sparse,5,1,1,gpu_source,gpu_us,1,0,0,1,48138234,2,3,3,100,100,4,1,0,38.223091,/pscratch/sd/r/rchanani/realm/build_pm_deppart/tests/benchmark -ll:gpu 1 -ll:cpu 1 -ll:fsize 8192 -dp:workers 1 -dp:hpool 256 -nocheck -block_random -block_volume 1024 -dp:noisectopt -d1 3 -d2 3 image -n 100 -e 100 -p 1 -s 4 -f 5 -b 1,"{""buffer_size"": ""1"", ""cpu_us"": ""37195214"", ""d1"": ""3"", ""d2"": ""3"", ""gpu_us"": ""3869"", ""num_edges"": ""100"", ""num_nodes"": ""100"", ""num_pieces"": ""1"", ""num_spaces"": ""4"", ""op"": ""image"", ""sparse_factor"": ""5""}","{""d1"": ""3"", ""d2"": ""3"", ""gpu_host_fallback"": ""0"", ""gpu_input_rects"": ""1"", ""gpu_oom_backoffs"": ""0"", ""gpu_scratch_bytes"": ""48138234"", ""gpu_tiles"": ""1"", ""op"": ""image"", ""path"": ""ptrs""}",151,3,block_random,1024,3869,37195214,ptrs
tile_sweep_publication,image,3d,sparse,5,2,1,cpu_source,cpu_us,1,0,0,1,73822437,2,3,3,100,100,4,1,0,81.059162,/pscratch/sd/r/rchanani/realm/build_pm_deppart/tests/benchmark -ll:gpu 1 -ll:cpu 1 -ll:fsize 8192 -dp:workers 1 -dp:hpool 256 -nocheck -block_random -block_volume 1024 -d1 3 -d2 3 image -n 100 -e 100 -p 1 -s 4 -f 5 -b 2,"{""buffer_size"": ""2"", ""cpu_us"": ""37301807"", ""d1"": ""3"", ""d2"": ""3"", ""gpu_us"": ""21369049"", ""num_edges"": ""100"", ""num_nodes"": ""100"", ""num_pieces"": ""1"", ""num_spaces"": ""4"", ""op"": ""image"", ""sparse_factor"": ""5""}","{""d1"": ""3"", ""d2"": ""3"", ""gpu_host_fallback"": ""0"", ""gpu_input_rects"": ""1"", ""gpu_oom_backoffs"": ""0"", ""gpu_scratch_bytes"": ""73822437"", ""gpu_tiles"": ""1"", ""op"": ""image"", ""path"": ""ptrs""}",152,0,block_random,1024,21369049,37301807,ptrs
tile_sweep_publication,image,3d,sparse,5,2,1,gpu_source,gpu_us,1,0,0,1,73822437,2,3,3,100,100,4,1,0,38.496685,/pscratch/sd/r/rchanani/realm/build_pm_deppart/tests/benchmark -ll:gpu 1 -ll:cpu 1 -ll:fsize 8192 -dp:workers 1 -dp:hpool 256 -nocheck -block_random -block_volume 1024 -dp:noisectopt -d1 3 -d2 3 image -n 100 -e 100 -p 1 -s 4 -f 5 -b 2,"{""buffer_size"": ""2"", ""cpu_us"": ""37314639"", ""d1"": ""3"", ""d2"": ""3"", ""gpu_us"": ""3658"", ""num_edges"": ""100"", ""num_nodes"": ""100"", ""num_pieces"": ""1"", ""num_spaces"": ""4"", ""op"": ""image"", ""sparse_factor"": ""5""}","{""d1"": ""3"", ""d2"": ""3"", ""gpu_host_fallback"": ""0"", ""gpu_input_rects"": ""1"", ""gpu_oom_backoffs"": ""0"", ""gpu_scratch_bytes"": ""73822437"", ""gpu_tiles"": ""1"", ""op"": ""image"", ""path"": ""ptrs""}",153,1,block_random,1024,3658,37314639,ptrs
tile_sweep_publication,image,3d,sparse,5,3,1,cpu_source,cpu_us,1,0,0,1,99506639,2,3,3,100,100,4,1,0,82.000963,/pscratch/sd/r/rchanani/realm/build_pm_deppart/tests/benchmark -ll:gpu 1 -ll:cpu 1 -ll:fsize 8192 -dp:workers 1 -dp:hpool 256 -nocheck -block_random -block_volume 1024 -d1 3 -d2 3 image -n 100 -e 100 -p 1 -s 4 -f 5 -b 3,"{""buffer_size"": ""3"", ""cpu_us"": ""37736497"", ""d1"": ""3"", ""d2"": ""3"", ""gpu_us"": ""21536406"", ""num_edges"": ""100"", ""num_nodes"": ""100"", ""num_pieces"": ""1"", ""num_spaces"": ""4"", ""op"": ""image"", ""sparse_factor"": ""5""}","{""d1"": ""3"", ""d2"": ""3"", ""gpu_host_fallback"": ""0"", ""gpu_input_rects"": ""1"", ""gpu_oom_backoffs"": ""0"", ""gpu_scratch_bytes"": ""99506639"", ""gpu_tiles"": ""1"", ""op"": ""image"", ""path"": ""ptrs""}",154,2,block_random,1024,21536406,37736497,ptrs
tile_sweep_publication,image,3d,sparse,5,3,1,gpu_source,gpu_us,1,0,0,1,99506639,2,3,3,100,100,4,1,0,38.185511,/pscratch/sd/r/rchanani/realm/build_pm_deppart/tests/benchmark -ll:gpu 1 -ll:cpu 1 -ll:fsize 8192 -dp:workers 1 -dp:hpool 256 -nocheck -block_random -block_volume 1024 -dp:noisectopt -d1 3 -d2 3 image -n 100 -e 100 -p 1 -s 4 -f 5 -b 3,"{""buffer_size"": ""3"", ""cpu_us"": ""37140287"", ""d1"": ""3"", ""d2"": ""3"", ""gpu_us"": ""3823"", ""num_edges"": ""100"", ""num_nodes"": ""100"", ""num_pieces"": ""1"", ""num_spaces"": ""4"", ""op"": ""image"", ""sparse_factor"": ""5""}","{""d1"": ""3"", ""d2"": ""3"", ""gpu_host_fallback"": ""0"", ""gpu_input_rects"": ""1"", ""gpu_oom_backoffs"": ""0"", ""gpu_scratch_bytes"": ""99506639"", ""gpu_tiles"": ""1"", ""op"": ""image"", ""path"": ""ptrs""}",155,3,block_random,1024,3823,37140287,ptrs
tile_sweep_publication,image,3d,sparse,5,4,1,cpu_source,cpu_us,1,0,0,1,125190842,2,3,3,100,100,4,1,0,80.906593,/pscratch/sd/r/rchanani/realm/build_pm_deppart/tests/benchmark -ll:gpu 1 -ll:cpu 1 -ll:fsize 8192 -dp:workers 1 -dp:hpool 256 -nocheck -block_random -block_volume 1024 -d1 3 -d2 3 image -n 100 -e 100 -p 1 -s 4 -f 5 -b 4,"{""buffer_size"": ""4"", ""cpu_us"": ""37158653"", ""d1"": ""3"", ""d2"": ""3"", ""gpu_us"": ""21362055"", ""num_edges"": ""100"", ""num_nodes"": ""100"", ""num_pieces"": ""1"", ""num_spaces"": ""4"", ""op"": ""image"", ""sparse_factor"": ""5""}","{""d1"": ""3"", ""d2"": ""3"", ""gpu_host_fallback"": ""0"", ""gpu_input_rects"": ""1"", ""gpu_oom_backoffs"": ""0"", ""gpu_scratch_bytes"": ""125190842"", ""gpu_tiles"": ""1"", ""op"": ""image"", ""path"": ""ptrs""}",156,0,block_random,1024,21362055,37158653,ptrs
tile_sweep_publication,image,3d,sparse,5,4,1,gpu_source,gpu_us,1,0,0,1,125190842,2,3,3,100,100,4,1,0,38.631783,/pscratch/sd/r/rchanani/realm/build_pm_deppart/tests/benchmark -ll:gpu 1 -ll:cpu 1 -ll:fsize 8192 -dp:workers 1 -dp:hpool 256 -nocheck -block_random -block_volume 1024 -dp:noisectopt -d1 3 -d2 3 image -n 100 -e 100 -p 1 -s 4 -f 5 -b 4,"{""buffer_size"": ""4"", ""cpu_us"": ""37355043"", ""d1"": ""3"", ""d2"": ""3"", ""gpu_us"": ""3805"", ""num_edges"": ""100"", ""num_nodes"": ""100"", ""num_pieces"": ""1"", ""num_spaces"": ""4"", ""op"": ""image"", ""sparse_factor"": ""5""}","{""d1"": ""3"", ""d2"": ""3"", ""gpu_host_fallback"": ""0"", ""gpu_input_rects"": ""1"", ""gpu_oom_backoffs"": ""0"", ""gpu_scratch_bytes"": ""125190842"", ""gpu_tiles"": ""1"", ""op"": ""image"", ""path"": ""ptrs""}",157,1,block_random,1024,3805,37355043,ptrs
tile_sweep_publication,image,3d,sparse,5,5,1,cpu_source,cpu_us,1,0,0,1,150875044,2,3,3,100,100,4,1,0,82.123506,/pscratch/sd/r/rchanani/realm/build_pm_deppart/tests/benchmark -ll:gpu 1 -ll:cpu 1 -ll:fsize 8192 -dp:workers 1 -dp:hpool 256 -nocheck -block_random -block_volume 1024 -d1 3 -d2 3 image -n 100 -e 100 -p 1 -s 4 -f 5 -b 5,"{""buffer_size"": ""5"", ""cpu_us"": ""37608129"", ""d1"": ""3"", ""d2"": ""3"", ""gpu_us"": ""21621227"", ""num_edges"": ""100"", ""num_nodes"": ""100"", ""num_pieces"": ""1"", ""num_spaces"": ""4"", ""op"": ""image"", ""sparse_factor"": ""5""}","{""d1"": ""3"", ""d2"": ""3"", ""gpu_host_fallback"": ""0"", ""gpu_input_rects"": ""1"", ""gpu_oom_backoffs"": ""0"", ""gpu_scratch_bytes"": ""150875044"", ""gpu_tiles"": ""1"", ""op"": ""image"", ""path"": ""ptrs""}",158,2,block_random,1024,21621227,37608129,ptrs
tile_sweep_publication,image,3d,sparse,5,5,1,gpu_source,gpu_us,1,0,0,1,150875044,2,3,3,100,100,4,1,0,38.214598,/pscratch/sd/r/rchanani/realm/build_pm_deppart/tests/benchmark -ll:gpu 1 -ll:cpu 1 -ll:fsize 8192 -dp:workers 1 -dp:hpool 256 -nocheck -block_random -block_volume 1024 -dp:noisectopt -d1 3 -d2 3 image -n 100 -e 100 -p 1 -s 4 -f 5 -b 5,"{""buffer_size"": ""5"", ""cpu_us"": ""37174846"", ""d1"": ""3"", ""d2"": ""3"", ""gpu_us"": ""3212"", ""num_edges"": ""100"", ""num_nodes"": ""100"", ""num_pieces"": ""1"", ""num_spaces"": ""4"", ""op"": ""image"", ""sparse_factor"": ""5""}","{""d1"": ""3"", ""d2"": ""3"", ""gpu_host_fallback"": ""0"", ""gpu_input_rects"": ""1"", ""gpu_oom_backoffs"": ""0"", ""gpu_scratch_bytes"": ""150875044"", ""gpu_tiles"": ""1"", ""op"": ""image"", ""path"": ""ptrs""}",159,3,block_random,1024,3212,37174846,ptrs
tile_sweep_publication,image,3d,sparse,5,7,1,cpu_source,cpu_us,1,0,0,1,202243449,2,3,3,100,100,4,1,0,81.299852,/pscratch/sd/r/rchanani/realm/build_pm_deppart/tests/benchmark -ll:gpu 1 -ll:cpu 1 -ll:fsize 8192 -dp:workers 1 -dp:hpool 256 -nocheck -block_random -block_volume 1024 -d1 3 -d2 3 image -n 100 -e 100 -p 1 -s 4 -f 5 -b 7,"{""buffer_size"": ""7"", ""cpu_us"": ""37192567"", ""d1"": ""3"", ""d2"": ""3"", ""gpu_us"": ""21645409"", ""num_edges"": ""100"", ""num_nodes"": ""100"", ""num_pieces"": ""1"", ""num_spaces"": ""4"", ""op"": ""image"", ""sparse_factor"": ""5""}","{""d1"": ""3"", ""d2"": ""3"", ""gpu_host_fallback"": ""0"", ""gpu_input_rects"": ""1"", ""gpu_oom_backoffs"": ""0"", ""gpu_scratch_bytes"": ""202243449"", ""gpu_tiles"": ""1"", ""op"": ""image"", ""path"": ""ptrs""}",160,0,block_random,1024,21645409,37192567,ptrs
tile_sweep_publication,image,3d,sparse,5,7,1,gpu_source,gpu_us,1,0,0,1,202243449,2,3,3,100,100,4,1,0,38.671687,/pscratch/sd/r/rchanani/realm/build_pm_deppart/tests/benchmark -ll:gpu 1 -ll:cpu 1 -ll:fsize 8192 -dp:workers 1 -dp:hpool 256 -nocheck -block_random -block_volume 1024 -dp:noisectopt -d1 3 -d2 3 image -n 100 -e 100 -p 1 -s 4 -f 5 -b 7,"{""buffer_size"": ""7"", ""cpu_us"": ""37491073"", ""d1"": ""3"", ""d2"": ""3"", ""gpu_us"": ""3527"", ""num_edges"": ""100"", ""num_nodes"": ""100"", ""num_pieces"": ""1"", ""num_spaces"": ""4"", ""op"": ""image"", ""sparse_factor"": ""5""}","{""d1"": ""3"", ""d2"": ""3"", ""gpu_host_fallback"": ""0"", ""gpu_input_rects"": ""1"", ""gpu_oom_backoffs"": ""0"", ""gpu_scratch_bytes"": ""202243449"", ""gpu_tiles"": ""1"", ""op"": ""image"", ""path"": ""ptrs""}",161,1,block_random,1024,3527,37491073,ptrs
tile_sweep_publication,image,3d,sparse,5,10,1,cpu_source,cpu_us,1,0,0,1,279296057,2,3,3,100,100,4,1,0,81.454887,/pscratch/sd/r/rchanani/realm/build_pm_deppart/tests/benchmark -ll:gpu 1 -ll:cpu 1 -ll:fsize 8192 -dp:workers 1 -dp:hpool 256 -nocheck -block_random -block_volume 1024 -d1 3 -d2 3 image -n 100 -e 100 -p 1 -s 4 -f 5 -b 10,"{""buffer_size"": ""10"", ""cpu_us"": ""37355167"", ""d1"": ""3"", ""d2"": ""3"", ""gpu_us"": ""21439453"", ""num_edges"": ""100"", ""num_nodes"": ""100"", ""num_pieces"": ""1"", ""num_spaces"": ""4"", ""op"": ""image"", ""sparse_factor"": ""5""}","{""d1"": ""3"", ""d2"": ""3"", ""gpu_host_fallback"": ""0"", ""gpu_input_rects"": ""1"", ""gpu_oom_backoffs"": ""0"", ""gpu_scratch_bytes"": ""279296057"", ""gpu_tiles"": ""1"", ""op"": ""image"", ""path"": ""ptrs""}",162,2,block_random,1024,21439453,37355167,ptrs
tile_sweep_publication,image,3d,sparse,5,10,1,gpu_source,gpu_us,1,0,0,1,279296057,2,3,3,100,100,4,1,0,38.245376,/pscratch/sd/r/rchanani/realm/build_pm_deppart/tests/benchmark -ll:gpu 1 -ll:cpu 1 -ll:fsize 8192 -dp:workers 1 -dp:hpool 256 -nocheck -block_random -block_volume 1024 -dp:noisectopt -d1 3 -d2 3 image -n 100 -e 100 -p 1 -s 4 -f 5 -b 10,"{""buffer_size"": ""10"", ""cpu_us"": ""37195524"", ""d1"": ""3"", ""d2"": ""3"", ""gpu_us"": ""3671"", ""num_edges"": ""100"", ""num_nodes"": ""100"", ""num_pieces"": ""1"", ""num_spaces"": ""4"", ""op"": ""image"", ""sparse_factor"": ""5""}","{""d1"": ""3"", ""d2"": ""3"", ""gpu_host_fallback"": ""0"", ""gpu_input_rects"": ""1"", ""gpu_oom_backoffs"": ""0"", ""gpu_scratch_bytes"": ""279296057"", ""gpu_tiles"": ""1"", ""op"": ""image"", ""path"": ""ptrs""}",163,3,block_random,1024,3671,37195524,ptrs
tile_sweep_publication,image,3d,sparse,5,15,1,cpu_source,cpu_us,1,0,0,1,407717070,2,3,3,100,100,4,1,0,80.934378,/pscratch/sd/r/rchanani/realm/build_pm_deppart/tests/benchmark -ll:gpu 1 -ll:cpu 1 -ll:fsize 8192 -dp:workers 1 -dp:hpool 256 -nocheck -block_random -block_volume 1024 -d1 3 -d2 3 image -n 100 -e 100 -p 1 -s 4 -f 5 -b 15,"{""buffer_size"": ""15"", ""cpu_us"": ""37148630"", ""d1"": ""3"", ""d2"": ""3"", ""gpu_us"": ""21375935"", ""num_edges"": ""100"", ""num_nodes"": ""100"", ""num_pieces"": ""1"", ""num_spaces"": ""4"", ""op"": ""image"", ""sparse_factor"": ""5""}","{""d1"": ""3"", ""d2"": ""3"", ""gpu_host_fallback"": ""0"", ""gpu_input_rects"": ""1"", ""gpu_oom_backoffs"": ""0"", ""gpu_scratch_bytes"": ""407717070"", ""gpu_tiles"": ""1"", ""op"": ""image"", ""path"": ""ptrs""}",164,0,block_random,1024,21375935,37148630,ptrs
tile_sweep_publication,image,3d,sparse,5,15,1,gpu_source,gpu_us,1,0,0,1,407717070,2,3,3,100,100,4,1,0,38.656829,/pscratch/sd/r/rchanani/realm/build_pm_deppart/tests/benchmark -ll:gpu 1 -ll:cpu 1 -ll:fsize 8192 -dp:workers 1 -dp:hpool 256 -nocheck -block_random -block_volume 1024 -dp:noisectopt -d1 3 -d2 3 image -n 100 -e 100 -p 1 -s 4 -f 5 -b 15,"{""buffer_size"": ""15"", ""cpu_us"": ""37428452"", ""d1"": ""3"", ""d2"": ""3"", ""gpu_us"": ""3521"", ""num_edges"": ""100"", ""num_nodes"": ""100"", ""num_pieces"": ""1"", ""num_spaces"": ""4"", ""op"": ""image"", ""sparse_factor"": ""5""}","{""d1"": ""3"", ""d2"": ""3"", ""gpu_host_fallback"": ""0"", ""gpu_input_rects"": ""1"", ""gpu_oom_backoffs"": ""0"", ""gpu_scratch_bytes"": ""407717070"", ""gpu_tiles"": ""1"", ""op"": ""image"", ""path"": ""ptrs""}",165,1,block_random,1024,3521,37428452,ptrs
tile_sweep_publication,image,3d,sparse,5,20,1,cpu_source,cpu_us,1,0,0,1,536138083,2,3,3,100,100,4,1,0,81.778928,/pscratch/sd/r/rchanani/realm/build_pm_deppart/tests/benchmark -ll:gpu 1 -ll:cpu 1 -ll:fsize 8192 -dp:workers 1 -dp:hpool 256 -nocheck -block_random -block_volume 1024 -d1 3 -d2 3 image -n 100 -e 100 -p 1 -s 4 -f 5 -b 20,"{""buffer_size"": ""20"", ""cpu_us"": ""37406026"", ""d1"": ""3"", ""d2"": ""3"", ""gpu_us"": ""21551829"", ""num_edges"": ""100"", ""num_nodes"": ""100"", ""num_pieces"": ""1"", ""num_spaces"": ""4"", ""op"": ""image"", ""sparse_factor"": ""5""}","{""d1"": ""3"", ""d2"": ""3"", ""gpu_host_fallback"": ""0"", ""gpu_input_rects"": ""1"", ""gpu_oom_backoffs"": ""0"", ""gpu_scratch_bytes"": ""536138083"", ""gpu_tiles"": ""1"", ""op"": ""image"", ""path"": ""ptrs""}",166,2,block_random,1024,21551829,37406026,ptrs
tile_sweep_publication,image,3d,sparse,5,20,1,gpu_source,gpu_us,1,0,0,1,536138083,2,3,3,100,100,4,1,0,38.176323,/pscratch/sd/r/rchanani/realm/build_pm_deppart/tests/benchmark -ll:gpu 1 -ll:cpu 1 -ll:fsize 8192 -dp:workers 1 -dp:hpool 256 -nocheck -block_random -block_volume 1024 -dp:noisectopt -d1 3 -d2 3 image -n 100 -e 100 -p 1 -s 4 -f 5 -b 20,"{""buffer_size"": ""20"", ""cpu_us"": ""37151702"", ""d1"": ""3"", ""d2"": ""3"", ""gpu_us"": ""3921"", ""num_edges"": ""100"", ""num_nodes"": ""100"", ""num_pieces"": ""1"", ""num_spaces"": ""4"", ""op"": ""image"", ""sparse_factor"": ""5""}","{""d1"": ""3"", ""d2"": ""3"", ""gpu_host_fallback"": ""0"", ""gpu_input_rects"": ""1"", ""gpu_oom_backoffs"": ""0"", ""gpu_scratch_bytes"": ""536138083"", ""gpu_tiles"": ""1"", ""op"": ""image"", ""path"": ""ptrs""}",167,3,block_random,1024,3921,37151702,ptrs
tile_sweep_publication,image,3d,sparse,5,25,1,cpu_source,cpu_us,1,0,0,1,664559096,2,3,3,100,100,4,1,0,80.929025,/pscratch/sd/r/rchanani/realm/build_pm_deppart/tests/benchmark -ll:gpu 1 -ll:cpu 1 -ll:fsize 8192 -dp:workers 1 -dp:hpool 256 -nocheck -block_random -block_volume 1024 -d1 3 -d2 3 image -n 100 -e 100 -p 1 -s 4 -f 5 -b 25,"{""buffer_size"": ""25"", ""cpu_us"": ""37143749"", ""d1"": ""3"", ""d2"": ""3"", ""gpu_us"": ""21382371"", ""num_edges"": ""100"", ""num_nodes"": ""100"", ""num_pieces"": ""1"", ""num_spaces"": ""4"", ""op"": ""image"", ""sparse_factor"": ""5""}","{""d1"": ""3"", ""d2"": ""3"", ""gpu_host_fallback"": ""0"", ""gpu_input_rects"": ""1"", ""gpu_oom_backoffs"": ""0"", ""gpu_scratch_bytes"": ""664559096"", ""gpu_tiles"": ""1"", ""op"": ""image"", ""path"": ""ptrs""}",168,0,block_random,1024,21382371,37143749,ptrs
tile_sweep_publication,image,3d,sparse,5,25,1,gpu_source,gpu_us,1,0,0,1,664559096,2,3,3,100,100,4,1,0,38.484426,/pscratch/sd/r/rchanani/realm/build_pm_deppart/tests/benchmark -ll:gpu 1 -ll:cpu 1 -ll:fsize 8192 -dp:workers 1 -dp:hpool 256 -nocheck -block_random -block_volume 1024 -dp:noisectopt -d1 3 -d2 3 image -n 100 -e 100 -p 1 -s 4 -f 5 -b 25,"{""buffer_size"": ""25"", ""cpu_us"": ""37346817"", ""d1"": ""3"", ""d2"": ""3"", ""gpu_us"": ""2630"", ""num_edges"": ""100"", ""num_nodes"": ""100"", ""num_pieces"": ""1"", ""num_spaces"": ""4"", ""op"": ""image"", ""sparse_factor"": ""5""}","{""d1"": ""3"", ""d2"": ""3"", ""gpu_host_fallback"": ""0"", ""gpu_input_rects"": ""1"", ""gpu_oom_backoffs"": ""0"", ""gpu_scratch_bytes"": ""664559096"", ""gpu_tiles"": ""1"", ""op"": ""image"", ""path"": ""ptrs""}",169,1,block_random,1024,2630,37346817,ptrs
tile_sweep_publication,image,3d,sparse,5,30,1,cpu_source,cpu_us,1,0,0,1,792980108,2,3,3,100,100,4,1,0,81.790232,/pscratch/sd/r/rchanani/realm/build_pm_deppart/tests/benchmark -ll:gpu 1 -ll:cpu 1 -ll:fsize 8192 -dp:workers 1 -dp:hpool 256 -nocheck -block_random -block_volume 1024 -d1 3 -d2 3 image -n 100 -e 100 -p 1 -s 4 -f 5 -b 30,"{""buffer_size"": ""30"", ""cpu_us"": ""37449106"", ""d1"": ""3"", ""d2"": ""3"", ""gpu_us"": ""21577965"", ""num_edges"": ""100"", ""num_nodes"": ""100"", ""num_pieces"": ""1"", ""num_spaces"": ""4"", ""op"": ""image"", ""sparse_factor"": ""5""}","{""d1"": ""3"", ""d2"": ""3"", ""gpu_host_fallback"": ""0"", ""gpu_input_rects"": ""1"", ""gpu_oom_backoffs"": ""0"", ""gpu_scratch_bytes"": ""792980108"", ""gpu_tiles"": ""1"", ""op"": ""image"", ""path"": ""ptrs""}",170,2,block_random,1024,21577965,37449106,ptrs
tile_sweep_publication,image,3d,sparse,5,30,1,gpu_source,gpu_us,1,0,0,1,792980108,2,3,3,100,100,4,1,0,38.175342,/pscratch/sd/r/rchanani/realm/build_pm_deppart/tests/benchmark -ll:gpu 1 -ll:cpu 1 -ll:fsize 8192 -dp:workers 1 -dp:hpool 256 -nocheck -block_random -block_volume 1024 -dp:noisectopt -d1 3 -d2 3 image -n 100 -e 100 -p 1 -s 4 -f 5 -b 30,"{""buffer_size"": ""30"", ""cpu_us"": ""37170333"", ""d1"": ""3"", ""d2"": ""3"", ""gpu_us"": ""3850"", ""num_edges"": ""100"", ""num_nodes"": ""100"", ""num_pieces"": ""1"", ""num_spaces"": ""4"", ""op"": ""image"", ""sparse_factor"": ""5""}","{""d1"": ""3"", ""d2"": ""3"", ""gpu_host_fallback"": ""0"", ""gpu_input_rects"": ""1"", ""gpu_oom_backoffs"": ""0"", ""gpu_scratch_bytes"": ""792980108"", ""gpu_tiles"": ""1"", ""op"": ""image"", ""path"": ""ptrs""}",171,3,block_random,1024,3850,37170333,ptrs
tile_sweep_publication,image,3d,sparse,5,40,1,cpu_source,cpu_us,1,0,0,1,1049822134,2,3,3,100,100,4,1,0,81.008838,/pscratch/sd/r/rchanani/realm/build_pm_deppart/tests/benchmark -ll:gpu 1 -ll:cpu 1 -ll:fsize 8192 -dp:workers 1 -dp:hpool 256 -nocheck -block_random -block_volume 1024 -d1 3 -d2 3 image -n 100 -e 100 -p 1 -s 4 -f 5 -b 40,"{""buffer_size"": ""40"", ""cpu_us"": ""37202122"", ""d1"": ""3"", ""d2"": ""3"", ""gpu_us"": ""21371822"", ""num_edges"": ""100"", ""num_nodes"": ""100"", ""num_pieces"": ""1"", ""num_spaces"": ""4"", ""op"": ""image"", ""sparse_factor"": ""5""}","{""d1"": ""3"", ""d2"": ""3"", ""gpu_host_fallback"": ""0"", ""gpu_input_rects"": ""1"", ""gpu_oom_backoffs"": ""0"", ""gpu_scratch_bytes"": ""1049822134"", ""gpu_tiles"": ""1"", ""op"": ""image"", ""path"": ""ptrs""}",172,0,block_random,1024,21371822,37202122,ptrs
tile_sweep_publication,image,3d,sparse,5,40,1,gpu_source,gpu_us,1,0,0,1,1049822134,2,3,3,100,100,4,1,0,38.610879,/pscratch/sd/r/rchanani/realm/build_pm_deppart/tests/benchmark -ll:gpu 1 -ll:cpu 1 -ll:fsize 8192 -dp:workers 1 -dp:hpool 256 -nocheck -block_random -block_volume 1024 -dp:noisectopt -d1 3 -d2 3 image -n 100 -e 100 -p 1 -s 4 -f 5 -b 40,"{""buffer_size"": ""40"", ""cpu_us"": ""37464864"", ""d1"": ""3"", ""d2"": ""3"", ""gpu_us"": ""3641"", ""num_edges"": ""100"", ""num_nodes"": ""100"", ""num_pieces"": ""1"", ""num_spaces"": ""4"", ""op"": ""image"", ""sparse_factor"": ""5""}","{""d1"": ""3"", ""d2"": ""3"", ""gpu_host_fallback"": ""0"", ""gpu_input_rects"": ""1"", ""gpu_oom_backoffs"": ""0"", ""gpu_scratch_bytes"": ""1049822134"", ""gpu_tiles"": ""1"", ""op"": ""image"", ""path"": ""ptrs""}",173,1,block_random,1024,3641,37464864,ptrs
tile_sweep_publication,image,3d,sparse,5,50,1,cpu_source,cpu_us,1,0,0,1,1306664160,2,3,3,100,100,4,1,0,81.715152,/pscratch/sd/r/rchanani/realm/build_pm_deppart/tests/benchmark -ll:gpu 1 -ll:cpu 1 -ll:fsize 8192 -dp:workers 1 -dp:hpool 256 -nocheck -block_random -block_volume 1024 -d1 3 -d2 3 image -n 100 -e 100 -p 1 -s 4 -f 5 -b 50,"{""buffer_size"": ""50"", ""cpu_us"": ""37440878"", ""d1"": ""3"", ""d2"": ""3"", ""gpu_us"": ""21561514"", ""num_edges"": ""100"", ""num_nodes"": ""100"", ""num_pieces"": ""1"", ""num_spaces"": ""4"", ""op"": ""image"", ""sparse_factor"": ""5""}","{""d1"": ""3"", ""d2"": ""3"", ""gpu_host_fallback"": ""0"", ""gpu_input_rects"": ""1"", ""gpu_oom_backoffs"": ""0"", ""gpu_scratch_bytes"": ""1306664160"", ""gpu_tiles"": ""1"", ""op"": ""image"", ""path"": ""ptrs""}",174,2,block_random,1024,21561514,37440878,ptrs
tile_sweep_publication,image,3d,sparse,5,50,1,gpu_source,gpu_us,1,0,0,1,1306664160,2,3,3,100,100,4,1,0,38.290836,/pscratch/sd/r/rchanani/realm/build_pm_deppart/tests/benchmark -ll:gpu 1 -ll:cpu 1 -ll:fsize 8192 -dp:workers 1 -dp:hpool 256 -nocheck -block_random -block_volume 1024 -dp:noisectopt -d1 3 -d2 3 image -n 100 -e 100 -p 1 -s 4 -f 5 -b 50,"{""buffer_size"": ""50"", ""cpu_us"": ""37250916"", ""d1"": ""3"", ""d2"": ""3"", ""gpu_us"": ""3987"", ""num_edges"": ""100"", ""num_nodes"": ""100"", ""num_pieces"": ""1"", ""num_spaces"": ""4"", ""op"": ""image"", ""sparse_factor"": ""5""}","{""d1"": ""3"", ""d2"": ""3"", ""gpu_host_fallback"": ""0"", ""gpu_input_rects"": ""1"", ""gpu_oom_backoffs"": ""0"", ""gpu_scratch_bytes"": ""1306664160"", ""gpu_tiles"": ""1"", ""op"": ""image"", ""path"": ""ptrs""}",175,3,block_random,1024,3987,37250916,ptrs
tile_sweep_publication,image,3d,sparse,5,75,1,cpu_source,cpu_us,1,0,0,1,1948769224,2,3,3,100,100,4,1,0,80.948833,/pscratch/sd/r/rchanani/realm/build_pm_deppart/tests/benchmark -ll:gpu 1 -ll:cpu 1 -ll:fsize 8192 -dp:workers 1 -dp:hpool 256 -nocheck -block_random -block_volume 1024 -d1 3 -d2 3 image -n 100 -e 100 -p 1 -s 4 -f 5 -b 75,"{""buffer_size"": ""75"", ""cpu_us"": ""37148253"", ""d1"": ""3"", ""d2"": ""3"", ""gpu_us"": ""21384204"", ""num_edges"": ""100"", ""num_nodes"": ""100"", ""num_pieces"": ""1"", ""num_spaces"": ""4"", ""op"": ""image"", ""sparse_factor"": ""5""}","{""d1"": ""3"", ""d2"": ""3"", ""gpu_host_fallback"": ""0"", ""gpu_input_rects"": ""1"", ""gpu_oom_backoffs"": ""0"", ""gpu_scratch_bytes"": ""1948769224"", ""gpu_tiles"": ""1"", ""op"": ""image"", ""path"": ""ptrs""}",176,0,block_random,1024,21384204,37148253,ptrs
tile_sweep_publication,image,3d,sparse,5,75,1,gpu_source,gpu_us,1,0,0,1,1948769224,2,3,3,100,100,4,1,0,38.422203,/pscratch/sd/r/rchanani/realm/build_pm_deppart/tests/benchmark -ll:gpu 1 -ll:cpu 1 -ll:fsize 8192 -dp:workers 1 -dp:hpool 256 -nocheck -block_random -block_volume 1024 -dp:noisectopt -d1 3 -d2 3 image -n 100 -e 100 -p 1 -s 4 -f 5 -b 75,"{""buffer_size"": ""75"", ""cpu_us"": ""37322286"", ""d1"": ""3"", ""d2"": ""3"", ""gpu_us"": ""3558"", ""num_edges"": ""100"", ""num_nodes"": ""100"", ""num_pieces"": ""1"", ""num_spaces"": ""4"", ""op"": ""image"", ""sparse_factor"": ""5""}","{""d1"": ""3"", ""d2"": ""3"", ""gpu_host_fallback"": ""0"", ""gpu_input_rects"": ""1"", ""gpu_oom_backoffs"": ""0"", ""gpu_scratch_bytes"": ""1948769224"", ""gpu_tiles"": ""1"", ""op"": ""image"", ""path"": ""ptrs""}",177,1,block_random,1024,3558,37322286,ptrs
tile_sweep_publication,image,3d,sparse,5,100,1,cpu_source,cpu_us,1,0,0,1,2590874288,2,3,3,100,100,4,1,0,81.898658,/pscratch/sd/r/rchanani/realm/build_pm_deppart/tests/benchmark -ll:gpu 1 -ll:cpu 1 -ll:fsize 8192 -dp:workers 1 -dp:hpool 256 -nocheck -block_random -block_volume 1024 -d1 3 -d2 3 image -n 100 -e 100 -p 1 -s 4 -f 5 -b 100,"{""buffer_size"": ""100"", ""cpu_us"": ""37432725"", ""d1"": ""3"", ""d2"": ""3"", ""gpu_us"": ""21582254"", ""num_edges"": ""100"", ""num_nodes"": ""100"", ""num_pieces"": ""1"", ""num_spaces"": ""4"", ""op"": ""image"", ""sparse_factor"": ""5""}","{""d1"": ""3"", ""d2"": ""3"", ""gpu_host_fallback"": ""0"", ""gpu_input_rects"": ""1"", ""gpu_oom_backoffs"": ""0"", ""gpu_scratch_bytes"": ""2590874288"", ""gpu_tiles"": ""1"", ""op"": ""image"", ""path"": ""ptrs""}",178,2,block_random,1024,21582254,37432725,ptrs
tile_sweep_publication,image,3d,sparse,5,100,1,gpu_source,gpu_us,1,0,0,1,2590874288,2,3,3,100,100,4,1,0,38.264748,/pscratch/sd/r/rchanani/realm/build_pm_deppart/tests/benchmark -ll:gpu 1 -ll:cpu 1 -ll:fsize 8192 -dp:workers 1 -dp:hpool 256 -nocheck -block_random -block_volume 1024 -dp:noisectopt -d1 3 -d2 3 image -n 100 -e 100 -p 1 -s 4 -f 5 -b 100,"{""buffer_size"": ""100"", ""cpu_us"": ""37182916"", ""d1"": ""3"", ""d2"": ""3"", ""gpu_us"": ""3820"", ""num_edges"": ""100"", ""num_nodes"": ""100"", ""num_pieces"": ""1"", ""num_spaces"": ""4"", ""op"": ""image"", ""sparse_factor"": ""5""}","{""d1"": ""3"", ""d2"": ""3"", ""gpu_host_fallback"": ""0"", ""gpu_input_rects"": ""1"", ""gpu_oom_backoffs"": ""0"", ""gpu_scratch_bytes"": ""2590874288"", ""gpu_tiles"": ""1"", ""op"": ""image"", ""path"": ""ptrs""}",179,3,block_random,1024,3820,37182916,ptrs
tile_sweep_publication,preimage,1d,dense,1,1,1,cpu_source,cpu_us,16,39,1,16,8400000,2,1,1,1000000,1000000,4,1,0,4.412500,/pscratch/sd/r/rchanani/realm/build_pm_deppart/tests/benchmark -ll:gpu 1 -ll:cpu 1 -ll:fsize 8192 -dp:workers 1 -dp:hpool 256 -nocheck -block_random -block_volume 1024 -d1 1 -d2 1 preimage -n 1000000 -e 1000000 -p 1 -s 4 -f 1 -b 1,"{""buffer_size"": ""1"", ""cpu_us"": ""12817"", ""d1"": ""1"", ""d2"": ""1"", ""gpu_us"": ""19753"", ""num_edges"": ""1000000"", ""num_nodes"": ""1000000"", ""num_pieces"": ""1"", ""num_spaces"": ""4"", ""op"": ""preimage"", ""sparse_factor"": ""1""}","{""d1"": ""1"", ""d2"": ""1"", ""gpu_host_fallback"": ""1"", ""gpu_input_rects"": ""16"", ""gpu_oom_backoffs"": ""39"", ""gpu_scratch_bytes"": ""8400000"", ""gpu_tiles"": ""16"", ""op"": ""preimage"", ""path"": ""ptrs""}",180,0,block_random,1024,19753,12817,ptrs
tile_sweep_publication,preimage,1d,dense,1,1,1,gpu_source,gpu_us,16,39,1,16,8400000,2,1,1,1000000,1000000,4,1,0,4.631662,/pscratch/sd/r/rchanani/realm/build_pm_deppart/tests/benchmark -ll:gpu 1 -ll:cpu 1 -ll:fsize 8192 -dp:workers 1 -dp:hpool 256 -nocheck -block_random -block_volume 1024 -dp:noisectopt -d1 1 -d2 1 preimage -n 1000000 -e 1000000 -p 1 -s 4 -f 1 -b 1,"{""buffer_size"": ""1"", ""cpu_us"": ""7917"", ""d1"": ""1"", ""d2"": ""1"", ""gpu_us"": ""21040"", ""num_edges"": ""1000000"", ""num_nodes"": ""1000000"", ""num_pieces"": ""1"", ""num_spaces"": ""4"", ""op"": ""preimage"", ""sparse_factor"": ""1""}","{""d1"": ""1"", ""d2"": ""1"", ""gpu_host_fallback"": ""1"", ""gpu_input_rects"": ""16"", ""gpu_oom_backoffs"": ""39"", ""gpu_scratch_bytes"": ""8400000"", ""gpu_tiles"": ""16"", ""op"": ""preimage"", ""path"": ""ptrs""}",181,1,block_random,1024,21040,7917,ptrs
tile_sweep_publication,preimage,1d,dense,1,2,1,cpu_source,cpu_us,8,14,1,8,14800000,2,1,1,1000000,1000000,4,1,0,4.626979,/pscratch/sd/r/rchanani/realm/build_pm_deppart/tests/benchmark -ll:gpu 1 -ll:cpu 1 -ll:fsize 8192 -dp:workers 1 -dp:hpool 256 -nocheck -block_random -block_volume 1024 -d1 1 -d2 1 preimage -n 1000000 -e 1000000 -p 1 -s 4 -f 1 -b 2,"{""buffer_size"": ""2"", ""cpu_us"": ""13672"", ""d1"": ""1"", ""d2"": ""1"", ""gpu_us"": ""11096"", ""num_edges"": ""1000000"", ""num_nodes"": ""1000000"", ""num_pieces"": ""1"", ""num_spaces"": ""4"", ""op"": ""preimage"", ""sparse_factor"": ""1""}","{""d1"": ""1"", ""d2"": ""1"", ""gpu_host_fallback"": ""1"", ""gpu_input_rects"": ""8"", ""gpu_oom_backoffs"": ""14"", ""gpu_scratch_bytes"": ""14800000"", ""gpu_tiles"": ""8"", ""op"": ""preimage"", ""path"": ""ptrs""}",182,2,block_random,1024,11096,13672,ptrs
tile_sweep_publication,preimage,1d,dense,1,2,1,gpu_source,gpu_us,8,14,1,8,14800000,2,1,1,1000000,1000000,4,1,0,4.385997,/pscratch/sd/r/rchanani/realm/build_pm_deppart/tests/benchmark -ll:gpu 1 -ll:cpu 1 -ll:fsize 8192 -dp:workers 1 -dp:hpool 256 -nocheck -block_random -block_volume 1024 -dp:noisectopt -d1 1 -d2 1 preimage -n 1000000 -e 1000000 -p 1 -s 4 -f 1 -b 2,"{""buffer_size"": ""2"", ""cpu_us"": ""7932"", ""d1"": ""1"", ""d2"": ""1"", ""gpu_us"": ""9791"", ""num_edges"": ""1000000"", ""num_nodes"": ""1000000"", ""num_pieces"": ""1"", ""num_spaces"": ""4"", ""op"": ""preimage"", ""sparse_factor"": ""1""}","{""d1"": ""1"", ""d2"": ""1"", ""gpu_host_fallback"": ""1"", ""gpu_input_rects"": ""8"", ""gpu_oom_backoffs"": ""14"", ""gpu_scratch_bytes"": ""14800000"", ""gpu_tiles"": ""8"", ""op"": ""preimage"", ""path"": ""ptrs""}",183,3,block_random,1024,9791,7932,ptrs
tile_sweep_publication,preimage,1d,dense,1,3,1,cpu_source,cpu_us,8,14,1,8,21200000,2,1,1,1000000,1000000,4,1,0,4.381634,/pscratch/sd/r/rchanani/realm/build_pm_deppart/tests/benchmark -ll:gpu 1 -ll:cpu 1 -ll:fsize 8192 -dp:workers 1 -dp:hpool 256 -nocheck -block_random -block_volume 1024 -d1 1 -d2 1 preimage -n 1000000 -e 1000000 -p 1 -s 4 -f 1 -b 3,"{""buffer_size"": ""3"", ""cpu_us"": ""11896"", ""d1"": ""1"", ""d2"": ""1"", ""gpu_us"": ""10134"", ""num_edges"": ""1000000"", ""num_nodes"": ""1000000"", ""num_pieces"": ""1"", ""num_spaces"": ""4"", ""op"": ""preimage"", ""sparse_factor"": ""1""}","{""d1"": ""1"", ""d2"": ""1"", ""gpu_host_fallback"": ""1"", ""gpu_input_rects"": ""8"", ""gpu_oom_backoffs"": ""14"", ""gpu_scratch_bytes"": ""21200000"", ""gpu_tiles"": ""8"", ""op"": ""preimage"", ""path"": ""ptrs""}",184,0,block_random,1024,10134,11896,ptrs
tile_sweep_publication,preimage,1d,dense,1,3,1,gpu_source,gpu_us,8,14,1,8,21200000,2,1,1,1000000,1000000,4,1,0,4.626517,/pscratch/sd/r/rchanani/realm/build_pm_deppart/tests/benchmark -ll:gpu 1 -ll:cpu 1 -ll:fsize 8192 -dp:workers 1 -dp:hpool 256 -nocheck -block_random -block_volume 1024 -dp:noisectopt -d1 1 -d2 1 preimage -n 1000000 -e 1000000 -p 1 -s 4 -f 1 -b 3,"{""buffer_size"": ""3"", ""cpu_us"": ""6609"", ""d1"": ""1"", ""d2"": ""1"", ""gpu_us"": ""13749"", ""num_edges"": ""1000000"", ""num_nodes"": ""1000000"", ""num_pieces"": ""1"", ""num_spaces"": ""4"", ""op"": ""preimage"", ""sparse_factor"": ""1""}","{""d1"": ""1"", ""d2"": ""1"", ""gpu_host_fallback"": ""1"", ""gpu_input_rects"": ""8"", ""gpu_oom_backoffs"": ""14"", ""gpu_scratch_bytes"": ""21200000"", ""gpu_tiles"": ""8"", ""op"": ""preimage"", ""path"": ""ptrs""}",185,1,block_random,1024,13749,6609,ptrs
tile_sweep_publication,preimage,1d,dense,1,4,1,cpu_source,cpu_us,4,5,1,4,27600000,2,1,1,1000000,1000000,4,1,0,4.635126,/pscratch/sd/r/rchanani/realm/build_pm_deppart/tests/benchmark -ll:gpu 1 -ll:cpu 1 -ll:fsize 8192 -dp:workers 1 -dp:hpool 256 -nocheck -block_random -block_volume 1024 -d1 1 -d2 1 preimage -n 1000000 -e 1000000 -p 1 -s 4 -f 1 -b 4,"{""buffer_size"": ""4"", ""cpu_us"": ""12195"", ""d1"": ""1"", ""d2"": ""1"", ""gpu_us"": ""5380"", ""num_edges"": ""1000000"", ""num_nodes"": ""1000000"", ""num_pieces"": ""1"", ""num_spaces"": ""4"", ""op"": ""preimage"", ""sparse_factor"": ""1""}","{""d1"": ""1"", ""d2"": ""1"", ""gpu_host_fallback"": ""1"", ""gpu_input_rects"": ""4"", ""gpu_oom_backoffs"": ""5"", ""gpu_scratch_bytes"": ""27600000"", ""gpu_tiles"": ""4"", ""op"": ""preimage"", ""path"": ""ptrs""}",186,2,block_random,1024,5380,12195,ptrs
tile_sweep_publication,preimage,1d,dense,1,4,1,gpu_source,gpu_us,4,5,1,4,27600000,2,1,1,1000000,1000000,4,1,0,4.384711,/pscratch/sd/r/rchanani/realm/build_pm_deppart/tests/benchmark -ll:gpu 1 -ll:cpu 1 -ll:fsize 8192 -dp:workers 1 -dp:hpool 256 -nocheck -block_random -block_volume 1024 -dp:noisectopt -d1 1 -d2 1 preimage -n 1000000 -e 1000000 -p 1 -s 4 -f 1 -b 4,"{""buffer_size"": ""4"", ""cpu_us"": ""6482"", ""d1"": ""1"", ""d2"": ""1"", ""gpu_us"": ""5378"", ""num_edges"": ""1000000"", ""num_nodes"": ""1000000"", ""num_pieces"": ""1"", ""num_spaces"": ""4"", ""op"": ""preimage"", ""sparse_factor"": ""1""}","{""d1"": ""1"", ""d2"": ""1"", ""gpu_host_fallback"": ""1"", ""gpu_input_rects"": ""4"", ""gpu_oom_backoffs"": ""5"", ""gpu_scratch_bytes"": ""27600000"", ""gpu_tiles"": ""4"", ""op"": ""preimage"", ""path"": ""ptrs""}",187,3,block_random,1024,5378,6482,ptrs
tile_sweep_publication,preimage,1d,dense,1,5,1,cpu_source,cpu_us,4,5,1,4,34000000,2,1,1,1000000,1000000,4,1,0,4.384726,/pscratch/sd/r/rchanani/realm/build_pm_deppart/tests/benchmark -ll:gpu 1 -ll:cpu 1 -ll:fsize 8192 -dp:workers 1 -dp:hpool 256 -nocheck -block_random -block_volume 1024 -d1 1 -d2 1 preimage -n 1000000 -e 1000000 -p 1 -s 4 -f 1 -b 5,"{""buffer_size"": ""5"", ""cpu_us"": ""11892"", ""d1"": ""1"", ""d2"": ""1"", ""gpu_us"": ""4953"", ""num_edges"": ""1000000"", ""num_nodes"": ""1000000"", ""num_pieces"": ""1"", ""num_spaces"": ""4"", ""op"": ""preimage"", ""sparse_factor"": ""1""}","{""d1"": ""1"", ""d2"": ""1"", ""gpu_host_fallback"": ""1"", ""gpu_input_rects"": ""4"", ""gpu_oom_backoffs"": ""5"", ""gpu_scratch_bytes"": ""34000000"", ""gpu_tiles"": ""4"", ""op"": ""preimage"", ""path"": ""ptrs""}",188,0,block_random,1024,4953,11892,ptrs
tile_sweep_publication,preimage,1d,dense,1,5,1,gpu_source,gpu_us,4,5,1,4,34000000,2,1,1,1000000,1000000,4,1,0,4.530864,/pscratch/sd/r/rchanani/realm/build_pm_deppart/tests/benchmark -ll:gpu 1 -ll:cpu 1 -ll:fsize 8192 -dp:workers 1 -dp:hpool 256 -nocheck -block_random -block_volume 1024 -dp:noisectopt -d1 1 -d2 1 preimage -n 1000000 -e 1000000 -p 1 -s 4 -f 1 -b 5,"{""buffer_size"": ""5"", ""cpu_us"": ""6523"", ""d1"": ""1"", ""d2"": ""1"", ""gpu_us"": ""5249"", ""num_edges"": ""1000000"", ""num_nodes"": ""1000000"", ""num_pieces"": ""1"", ""num_spaces"": ""4"", ""op"": ""preimage"", ""sparse_factor"": ""1""}","{""d1"": ""1"", ""d2"": ""1"", ""gpu_host_fallback"": ""1"", ""gpu_input_rects"": ""4"", ""gpu_oom_backoffs"": ""5"", ""gpu_scratch_bytes"": ""34000000"", ""gpu_tiles"": ""4"", ""op"": ""preimage"", ""path"": ""ptrs""}",189,1,block_random,1024,5249,6523,ptrs
tile_sweep_publication,preimage,1d,dense,1,7,1,cpu_source,cpu_us,2,2,1,2,46800000,2,1,1,1000000,1000000,4,1,0,4.584542,/pscratch/sd/r/rchanani/realm/build_pm_deppart/tests/benchmark -ll:gpu 1 -ll:cpu 1 -ll:fsize 8192 -dp:workers 1 -dp:hpool 256 -nocheck -block_random -block_volume 1024 -d1 1 -d2 1 preimage -n 1000000 -e 1000000 -p 1 -s 4 -f 1 -b 7,"{""buffer_size"": ""7"", ""cpu_us"": ""12077"", ""d1"": ""1"", ""d2"": ""1"", ""gpu_us"": ""2915"", ""num_edges"": ""1000000"", ""num_nodes"": ""1000000"", ""num_pieces"": ""1"", ""num_spaces"": ""4"", ""op"": ""preimage"", ""sparse_factor"": ""1""}","{""d1"": ""1"", ""d2"": ""1"", ""gpu_host_fallback"": ""1"", ""gpu_input_rects"": ""2"", ""gpu_oom_backoffs"": ""2"", ""gpu_scratch_bytes"": ""46800000"", ""gpu_tiles"": ""2"", ""op"": ""preimage"", ""path"": ""ptrs""}",190,2,block_random,1024,2915,12077,ptrs
tile_sweep_publication,preimage,1d,dense,1,7,1,gpu_source,gpu_us,2,2,1,2,46800000,2,1,1,1000000,1000000,4,1,0,4.374039,/pscratch/sd/r/rchanani/realm/build_pm_deppart/tests/benchmark -ll:gpu 1 -ll:cpu 1 -ll:fsize 8192 -dp:workers 1 -dp:hpool 256 -nocheck -block_random -block_volume 1024 -dp:noisectopt -d1 1 -d2 1 preimage -n 1000000 -e 1000000 -p 1 -s 4 -f 1 -b 7,"{""buffer_size"": ""7"", ""cpu_us"": ""6570"", ""d1"": ""1"", ""d2"": ""1"", ""gpu_us"": ""2570"", ""num_edges"": ""1000000"", ""num_nodes"": ""1000000"", ""num_pieces"": ""1"", ""num_spaces"": ""4"", ""op"": ""preimage"", ""sparse_factor"": ""1""}","{""d1"": ""1"", ""d2"": ""1"", ""gpu_host_fallback"": ""1"", ""gpu_input_rects"": ""2"", ""gpu_oom_backoffs"": ""2"", ""gpu_scratch_bytes"": ""46800000"", ""gpu_tiles"": ""2"", ""op"": ""preimage"", ""path"": ""ptrs""}",191,3,block_random,1024,2570,6570,ptrs
tile_sweep_publication,preimage,1d,dense,1,10,1,cpu_source,cpu_us,2,2,1,2,66000000,2,1,1,1000000,1000000,4,1,0,4.359346,/pscratch/sd/r/rchanani/realm/build_pm_deppart/tests/benchmark -ll:gpu 1 -ll:cpu 1 -ll:fsize 8192 -dp:workers 1 -dp:hpool 256 -nocheck -block_random -block_volume 1024 -d1 1 -d2 1 preimage -n 1000000 -e 1000000 -p 1 -s 4 -f 1 -b 10,"{""buffer_size"": ""10"", ""cpu_us"": ""11780"", ""d1"": ""1"", ""d2"": ""1"", ""gpu_us"": ""2816"", ""num_edges"": ""1000000"", ""num_nodes"": ""1000000"", ""num_pieces"": ""1"", ""num_spaces"": ""4"", ""op"": ""preimage"", ""sparse_factor"": ""1""}","{""d1"": ""1"", ""d2"": ""1"", ""gpu_host_fallback"": ""1"", ""gpu_input_rects"": ""2"", ""gpu_oom_backoffs"": ""2"", ""gpu_scratch_bytes"": ""66000000"", ""gpu_tiles"": ""2"", ""op"": ""preimage"", ""path"": ""ptrs""}",192,0,block_random,1024,2816,11780,ptrs
tile_sweep_publication,preimage,1d,dense,1,10,1,gpu_source,gpu_us,2,2,1,2,66000000,2,1,1,1000000,1000000,4,1,0,4.609032,/pscratch/sd/r/rchanani/realm/build_pm_deppart/tests/benchmark -ll:gpu 1 -ll:cpu 1 -ll:fsize 8192 -dp:workers 1 -dp:hpool 256 -nocheck -block_random -block_volume 1024 -dp:noisectopt -d1 1 -d2 1 preimage -n 1000000 -e 1000000 -p 1 -s 4 -f 1 -b 10,"{""buffer_size"": ""10"", ""cpu_us"": ""6443"", ""d1"": ""1"", ""d2"": ""1"", ""gpu_us"": ""2928"", ""num_edges"": ""1000000"", ""num_nodes"": ""1000000"", ""num_pieces"": ""1"", ""num_spaces"": ""4"", ""op"": ""preimage"", ""sparse_factor"": ""1""}","{""d1"": ""1"", ""d2"": ""1"", ""gpu_host_fallback"": ""1"", ""gpu_input_rects"": ""2"", ""gpu_oom_backoffs"": ""2"", ""gpu_scratch_bytes"": ""66000000"", ""gpu_tiles"": ""2"", ""op"": ""preimage"", ""path"": ""ptrs""}",193,1,block_random,1024,2928,6443,ptrs
tile_sweep_publication,preimage,1d,dense,1,15,1,cpu_source,cpu_us,1,0,0,1,98000000,2,1,1,1000000,1000000,4,1,0,4.637882,/pscratch/sd/r/rchanani/realm/build_pm_deppart/tests/benchmark -ll:gpu 1 -ll:cpu 1 -ll:fsize 8192 -dp:workers 1 -dp:hpool 256 -nocheck -block_random -block_volume 1024 -d1 1 -d2 1 preimage -n 1000000 -e 1000000 -p 1 -s 4 -f 1 -b 15,"{""buffer_size"": ""15"", ""cpu_us"": ""13515"", ""d1"": ""1"", ""d2"": ""1"", ""gpu_us"": ""1273"", ""num_edges"": ""1000000"", ""num_nodes"": ""1000000"", ""num_pieces"": ""1"", ""num_spaces"": ""4"", ""op"": ""preimage"", ""sparse_factor"": ""1""}","{""d1"": ""1"", ""d2"": ""1"", ""gpu_host_fallback"": ""0"", ""gpu_input_rects"": ""1"", ""gpu_oom_backoffs"": ""0"", ""gpu_scratch_bytes"": ""98000000"", ""gpu_tiles"": ""1"", ""op"": ""preimage"", ""path"": ""ptrs""}",194,2,block_random,1024,1273,13515,ptrs
tile_sweep_publication,preimage,1d,dense,1,15,1,gpu_source,gpu_us,1,0,0,1,98000000,2,1,1,1000000,1000000,4,1,0,4.396802,/pscratch/sd/r/rchanani/realm/build_pm_deppart/tests/benchmark -ll:gpu 1 -ll:cpu 1 -ll:fsize 8192 -dp:workers 1 -dp:hpool 256 -nocheck -block_random -block_volume 1024 -dp:noisectopt -d1 1 -d2 1 preimage -n 1000000 -e 1000000 -p 1 -s 4 -f 1 -b 15,"{""buffer_size"": ""15"", ""cpu_us"": ""7248"", ""d1"": ""1"", ""d2"": ""1"", ""gpu_us"": ""1338"", ""num_edges"": ""1000000"", ""num_nodes"": ""1000000"", ""num_pieces"": ""1"", ""num_spaces"": ""4"", ""op"": ""preimage"", ""sparse_factor"": ""1""}","{""d1"": ""1"", ""d2"": ""1"", ""gpu_host_fallback"": ""0"", ""gpu_input_rects"": ""1"", ""gpu_oom_backoffs"": ""0"", ""gpu_scratch_bytes"": ""98000000"", ""gpu_tiles"": ""1"", ""op"": ""preimage"", ""path"": ""ptrs""}",195,3,block_random,1024,1338,7248,ptrs
tile_sweep_publication,preimage,1d,dense,1,20,1,cpu_source,cpu_us,1,0,0,1,130000000,2,1,1,1000000,1000000,4,1,0,4.366623,/pscratch/sd/r/rchanani/realm/build_pm_deppart/tests/benchmark -ll:gpu 1 -ll:cpu 1 -ll:fsize 8192 -dp:workers 1 -dp:hpool 256 -nocheck -block_random -block_volume 1024 -d1 1 -d2 1 preimage -n 1000000 -e 1000000 -p 1 -s 4 -f 1 -b 20,"{""buffer_size"": ""20"", ""cpu_us"": ""13490"", ""d1"": ""1"", ""d2"": ""1"", ""gpu_us"": ""1295"", ""num_edges"": ""1000000"", ""num_nodes"": ""1000000"", ""num_pieces"": ""1"", ""num_spaces"": ""4"", ""op"": ""preimage"", ""sparse_factor"": ""1""}","{""d1"": ""1"", ""d2"": ""1"", ""gpu_host_fallback"": ""0"", ""gpu_input_rects"": ""1"", ""gpu_oom_backoffs"": ""0"", ""gpu_scratch_bytes"": ""130000000"", ""gpu_tiles"": ""1"", ""op"": ""preimage"", ""path"": ""ptrs""}",196,0,block_random,1024,1295,13490,ptrs
tile_sweep_publication,preimage,1d,dense,1,20,1,gpu_source,gpu_us,1,0,0,1,130000000,2,1,1,1000000,1000000,4,1,0,4.500094,/pscratch/sd/r/rchanani/realm/build_pm_deppart/tests/benchmark -ll:gpu 1 -ll:cpu 1 -ll:fsize 8192 -dp:workers 1 -dp:hpool 256 -nocheck -block_random -block_volume 1024 -dp:noisectopt -d1 1 -d2 1 preimage -n 1000000 -e 1000000 -p 1 -s 4 -f 1 -b 20,"{""buffer_size"": ""20"", ""cpu_us"": ""7335"", ""d1"": ""1"", ""d2"": ""1"", ""gpu_us"": ""1253"", ""num_edges"": ""1000000"", ""num_nodes"": ""1000000"", ""num_pieces"": ""1"", ""num_spaces"": ""4"", ""op"": ""preimage"", ""sparse_factor"": ""1""}","{""d1"": ""1"", ""d2"": ""1"", ""gpu_host_fallback"": ""0"", ""gpu_input_rects"": ""1"", ""gpu_oom_backoffs"": ""0"", ""gpu_scratch_bytes"": ""130000000"", ""gpu_tiles"": ""1"", ""op"": ""preimage"", ""path"": ""ptrs""}",197,1,block_random,1024,1253,7335,ptrs
tile_sweep_publication,preimage,1d,dense,1,25,1,cpu_source,cpu_us,1,0,0,1,162000000,2,1,1,1000000,1000000,4,1,0,4.696084,/pscratch/sd/r/rchanani/realm/build_pm_deppart/tests/benchmark -ll:gpu 1 -ll:cpu 1 -ll:fsize 8192 -dp:workers 1 -dp:hpool 256 -nocheck -block_random -block_volume 1024 -d1 1 -d2 1 preimage -n 1000000 -e 1000000 -p 1 -s 4 -f 1 -b 25,"{""buffer_size"": ""25"", ""cpu_us"": ""12317"", ""d1"": ""1"", ""d2"": ""1"", ""gpu_us"": ""1360"", ""num_edges"": ""1000000"", ""num_nodes"": ""1000000"", ""num_pieces"": ""1"", ""num_spaces"": ""4"", ""op"": ""preimage"", ""sparse_factor"": ""1""}","{""d1"": ""1"", ""d2"": ""1"", ""gpu_host_fallback"": ""0"", ""gpu_input_rects"": ""1"", ""gpu_oom_backoffs"": ""0"", ""gpu_scratch_bytes"": ""162000000"", ""gpu_tiles"": ""1"", ""op"": ""preimage"", ""path"": ""ptrs""}",198,2,block_random,1024,1360,12317,ptrs
tile_sweep_publication,preimage,1d,dense,1,25,1,gpu_source,gpu_us,1,0,0,1,162000000,2,1,1,1000000,1000000,4,1,0,4.393281,/pscratch/sd/r/rchanani/realm/build_pm_deppart/tests/benchmark -ll:gpu 1 -ll:cpu 1 -ll:fsize 8192 -dp:workers 1 -dp:hpool 256 -nocheck -block_random -block_volume 1024 -dp:noisectopt -d1 1 -d2 1 preimage -n 1000000 -e 1000000 -p 1 -s 4 -f 1 -b 25,"{""buffer_size"": ""25"", ""cpu_us"": ""6894"", ""d1"": ""1"", ""d2"": ""1"", ""gpu_us"": ""1242"", ""num_edges"": ""1000000"", ""num_nodes"": ""1000000"", ""num_pieces"": ""1"", ""num_spaces"": ""4"", ""op"": ""preimage"", ""sparse_factor"": ""1""}","{""d1"": ""1"", ""d2"": ""1"", ""gpu_host_fallback"": ""0"", ""gpu_input_rects"": ""1"", ""gpu_oom_backoffs"": ""0"", ""gpu_scratch_bytes"": ""162000000"", ""gpu_tiles"": ""1"", ""op"": ""preimage"", ""path"": ""ptrs""}",199,3,block_random,1024,1242,6894,ptrs
tile_sweep_publication,preimage,1d,dense,1,30,1,cpu_source,cpu_us,1,0,0,1,194000000,2,1,1,1000000,1000000,4,1,0,4.360659,/pscratch/sd/r/rchanani/realm/build_pm_deppart/tests/benchmark -ll:gpu 1 -ll:cpu 1 -ll:fsize 8192 -dp:workers 1 -dp:hpool 256 -nocheck -block_random -block_volume 1024 -d1 1 -d2 1 preimage -n 1000000 -e 1000000 -p 1 -s 4 -f 1 -b 30,"{""buffer_size"": ""30"", ""cpu_us"": ""11785"", ""d1"": ""1"", ""d2"": ""1"", ""gpu_us"": ""1164"", ""num_edges"": ""1000000"", ""num_nodes"": ""1000000"", ""num_pieces"": ""1"", ""num_spaces"": ""4"", ""op"": ""preimage"", ""sparse_factor"": ""1""}","{""d1"": ""1"", ""d2"": ""1"", ""gpu_host_fallback"": ""0"", ""gpu_input_rects"": ""1"", ""gpu_oom_backoffs"": ""0"", ""gpu_scratch_bytes"": ""194000000"", ""gpu_tiles"": ""1"", ""op"": ""preimage"", ""path"": ""ptrs""}",200,0,block_random,1024,1164,11785,ptrs
tile_sweep_publication,preimage,1d,dense,1,30,1,gpu_source,gpu_us,1,0,0,1,194000000,2,1,1,1000000,1000000,4,1,0,4.486620,/pscratch/sd/r/rchanani/realm/build_pm_deppart/tests/benchmark -ll:gpu 1 -ll:cpu 1 -ll:fsize 8192 -dp:workers 1 -dp:hpool 256 -nocheck -block_random -block_volume 1024 -dp:noisectopt -d1 1 -d2 1 preimage -n 1000000 -e 1000000 -p 1 -s 4 -f 1 -b 30,"{""buffer_size"": ""30"", ""cpu_us"": ""6668"", ""d1"": ""1"", ""d2"": ""1"", ""gpu_us"": ""1274"", ""num_edges"": ""1000000"", ""num_nodes"": ""1000000"", ""num_pieces"": ""1"", ""num_spaces"": ""4"", ""op"": ""preimage"", ""sparse_factor"": ""1""}","{""d1"": ""1"", ""d2"": ""1"", ""gpu_host_fallback"": ""0"", ""gpu_input_rects"": ""1"", ""gpu_oom_backoffs"": ""0"", ""gpu_scratch_bytes"": ""194000000"", ""gpu_tiles"": ""1"", ""op"": ""preimage"", ""path"": ""ptrs""}",201,1,block_random,1024,1274,6668,ptrs
tile_sweep_publication,preimage,1d,dense,1,40,1,cpu_source,cpu_us,1,0,0,1,258000000,2,1,1,1000000,1000000,4,1,0,4.637459,/pscratch/sd/r/rchanani/realm/build_pm_deppart/tests/benchmark -ll:gpu 1 -ll:cpu 1 -ll:fsize 8192 -dp:workers 1 -dp:hpool 256 -nocheck -block_random -block_volume 1024 -d1 1 -d2 1 preimage -n 1000000 -e 1000000 -p 1 -s 4 -f 1 -b 40,"{""buffer_size"": ""40"", ""cpu_us"": ""12538"", ""d1"": ""1"", ""d2"": ""1"", ""gpu_us"": ""1300"", ""num_edges"": ""1000000"", ""num_nodes"": ""1000000"", ""num_pieces"": ""1"", ""num_spaces"": ""4"", ""op"": ""preimage"", ""sparse_factor"": ""1""}","{""d1"": ""1"", ""d2"": ""1"", ""gpu_host_fallback"": ""0"", ""gpu_input_rects"": ""1"", ""gpu_oom_backoffs"": ""0"", ""gpu_scratch_bytes"": ""258000000"", ""gpu_tiles"": ""1"", ""op"": ""preimage"", ""path"": ""ptrs""}",202,2,block_random,1024,1300,12538,ptrs
tile_sweep_publication,preimage,1d,dense,1,40,1,gpu_source,gpu_us,1,0,0,1,258000000,2,1,1,1000000,1000000,4,1,0,4.371169,/pscratch/sd/r/rchanani/realm/build_pm_deppart/tests/benchmark -ll:gpu 1 -ll:cpu 1 -ll:fsize 8192 -dp:workers 1 -dp:hpool 256 -nocheck -block_random -block_volume 1024 -dp:noisectopt -d1 1 -d2 1 preimage -n 1000000 -e 1000000 -p 1 -s 4 -f 1 -b 40,"{""buffer_size"": ""40"", ""cpu_us"": ""6657"", ""d1"": ""1"", ""d2"": ""1"", ""gpu_us"": ""1233"", ""num_edges"": ""1000000"", ""num_nodes"": ""1000000"", ""num_pieces"": ""1"", ""num_spaces"": ""4"", ""op"": ""preimage"", ""sparse_factor"": ""1""}","{""d1"": ""1"", ""d2"": ""1"", ""gpu_host_fallback"": ""0"", ""gpu_input_rects"": ""1"", ""gpu_oom_backoffs"": ""0"", ""gpu_scratch_bytes"": ""258000000"", ""gpu_tiles"": ""1"", ""op"": ""preimage"", ""path"": ""ptrs""}",203,3,block_random,1024,1233,6657,ptrs
tile_sweep_publication,preimage,1d,dense,1,50,1,cpu_source,cpu_us,1,0,0,1,322000000,2,1,1,1000000,1000000,4,1,0,4.365544,/pscratch/sd/r/rchanani/realm/build_pm_deppart/tests/benchmark -ll:gpu 1 -ll:cpu 1 -ll:fsize 8192 -dp:workers 1 -dp:hpool 256 -nocheck -block_random -block_volume 1024 -d1 1 -d2 1 preimage -n 1000000 -e 1000000 -p 1 -s 4 -f 1 -b 50,"{""buffer_size"": ""50"", ""cpu_us"": ""11910"", ""d1"": ""1"", ""d2"": ""1"", ""gpu_us"": ""1251"", ""num_edges"": ""1000000"", ""num_nodes"": ""1000000"", ""num_pieces"": ""1"", ""num_spaces"": ""4"", ""op"": ""preimage"", ""sparse_factor"": ""1""}","{""d1"": ""1"", ""d2"": ""1"", ""gpu_host_fallback"": ""0"", ""gpu_input_rects"": ""1"", ""gpu_oom_backoffs"": ""0"", ""gpu_scratch_bytes"": ""322000000"", ""gpu_tiles"": ""1"", ""op"": ""preimage"", ""path"": ""ptrs""}",204,0,block_random,1024,1251,11910,ptrs
tile_sweep_publication,preimage,1d,dense,1,50,1,gpu_source,gpu_us,1,0,0,1,322000000,2,1,1,1000000,1000000,4,1,0,4.520393,/pscratch/sd/r/rchanani/realm/build_pm_deppart/tests/benchmark -ll:gpu 1 -ll:cpu 1 -ll:fsize 8192 -dp:workers 1 -dp:hpool 256 -nocheck -block_random -block_volume 1024 -dp:noisectopt -d1 1 -d2 1 preimage -n 1000000 -e 1000000 -p 1 -s 4 -f 1 -b 50,"{""buffer_size"": ""50"", ""cpu_us"": ""6885"", ""d1"": ""1"", ""d2"": ""1"", ""gpu_us"": ""1474"", ""num_edges"": ""1000000"", ""num_nodes"": ""1000000"", ""num_pieces"": ""1"", ""num_spaces"": ""4"", ""op"": ""preimage"", ""sparse_factor"": ""1""}","{""d1"": ""1"", ""d2"": ""1"", ""gpu_host_fallback"": ""0"", ""gpu_input_rects"": ""1"", ""gpu_oom_backoffs"": ""0"", ""gpu_scratch_bytes"": ""322000000"", ""gpu_tiles"": ""1"", ""op"": ""preimage"", ""path"": ""ptrs""}",205,1,block_random,1024,1474,6885,ptrs
tile_sweep_publication,preimage,1d,dense,1,75,1,cpu_source,cpu_us,1,0,0,1,482000000,2,1,1,1000000,1000000,4,1,0,4.502285,/pscratch/sd/r/rchanani/realm/build_pm_deppart/tests/benchmark -ll:gpu 1 -ll:cpu 1 -ll:fsize 8192 -dp:workers 1 -dp:hpool 256 -nocheck -block_random -block_volume 1024 -d1 1 -d2 1 preimage -n 1000000 -e 1000000 -p 1 -s 4 -f 1 -b 75,"{""buffer_size"": ""75"", ""cpu_us"": ""12307"", ""d1"": ""1"", ""d2"": ""1"", ""gpu_us"": ""1221"", ""num_edges"": ""1000000"", ""num_nodes"": ""1000000"", ""num_pieces"": ""1"", ""num_spaces"": ""4"", ""op"": ""preimage"", ""sparse_factor"": ""1""}","{""d1"": ""1"", ""d2"": ""1"", ""gpu_host_fallback"": ""0"", ""gpu_input_rects"": ""1"", ""gpu_oom_backoffs"": ""0"", ""gpu_scratch_bytes"": ""482000000"", ""gpu_tiles"": ""1"", ""op"": ""preimage"", ""path"": ""ptrs""}",206,2,block_random,1024,1221,12307,ptrs
tile_sweep_publication,preimage,1d,dense,1,75,1,gpu_source,gpu_us,1,0,0,1,482000000,2,1,1,1000000,1000000,4,1,0,4.358458,/pscratch/sd/r/rchanani/realm/build_pm_deppart/tests/benchmark -ll:gpu 1 -ll:cpu 1 -ll:fsize 8192 -dp:workers 1 -dp:hpool 256 -nocheck -block_random -block_volume 1024 -dp:noisectopt -d1 1 -d2 1 preimage -n 1000000 -e 1000000 -p 1 -s 4 -f 1 -b 75,"{""buffer_size"": ""75"", ""cpu_us"": ""6561"", ""d1"": ""1"", ""d2"": ""1"", ""gpu_us"": ""1367"", ""num_edges"": ""1000000"", ""num_nodes"": ""1000000"", ""num_pieces"": ""1"", ""num_spaces"": ""4"", ""op"": ""preimage"", ""sparse_factor"": ""1""}","{""d1"": ""1"", ""d2"": ""1"", ""gpu_host_fallback"": ""0"", ""gpu_input_rects"": ""1"", ""gpu_oom_backoffs"": ""0"", ""gpu_scratch_bytes"": ""482000000"", ""gpu_tiles"": ""1"", ""op"": ""preimage"", ""path"": ""ptrs""}",207,3,block_random,1024,1367,6561,ptrs
tile_sweep_publication,preimage,1d,dense,1,100,1,cpu_source,cpu_us,1,0,0,1,642000000,2,1,1,1000000,1000000,4,1,0,4.380904,/pscratch/sd/r/rchanani/realm/build_pm_deppart/tests/benchmark -ll:gpu 1 -ll:cpu 1 -ll:fsize 8192 -dp:workers 1 -dp:hpool 256 -nocheck -block_random -block_volume 1024 -d1 1 -d2 1 preimage -n 1000000 -e 1000000 -p 1 -s 4 -f 1 -b 100,"{""buffer_size"": ""100"", ""cpu_us"": ""12390"", ""d1"": ""1"", ""d2"": ""1"", ""gpu_us"": ""1207"", ""num_edges"": ""1000000"", ""num_nodes"": ""1000000"", ""num_pieces"": ""1"", ""num_spaces"": ""4"", ""op"": ""preimage"", ""sparse_factor"": ""1""}","{""d1"": ""1"", ""d2"": ""1"", ""gpu_host_fallback"": ""0"", ""gpu_input_rects"": ""1"", ""gpu_oom_backoffs"": ""0"", ""gpu_scratch_bytes"": ""642000000"", ""gpu_tiles"": ""1"", ""op"": ""preimage"", ""path"": ""ptrs""}",208,0,block_random,1024,1207,12390,ptrs
tile_sweep_publication,preimage,1d,dense,1,100,1,gpu_source,gpu_us,1,0,0,1,642000000,2,1,1,1000000,1000000,4,1,0,4.696882,/pscratch/sd/r/rchanani/realm/build_pm_deppart/tests/benchmark -ll:gpu 1 -ll:cpu 1 -ll:fsize 8192 -dp:workers 1 -dp:hpool 256 -nocheck -block_random -block_volume 1024 -dp:noisectopt -d1 1 -d2 1 preimage -n 1000000 -e 1000000 -p 1 -s 4 -f 1 -b 100,"{""buffer_size"": ""100"", ""cpu_us"": ""6528"", ""d1"": ""1"", ""d2"": ""1"", ""gpu_us"": ""1337"", ""num_edges"": ""1000000"", ""num_nodes"": ""1000000"", ""num_pieces"": ""1"", ""num_spaces"": ""4"", ""op"": ""preimage"", ""sparse_factor"": ""1""}","{""d1"": ""1"", ""d2"": ""1"", ""gpu_host_fallback"": ""0"", ""gpu_input_rects"": ""1"", ""gpu_oom_backoffs"": ""0"", ""gpu_scratch_bytes"": ""642000000"", ""gpu_tiles"": ""1"", ""op"": ""preimage"", ""path"": ""ptrs""}",209,1,block_random,1024,1337,6528,ptrs
tile_sweep_publication,preimage,1d,sparse,5,1,1,cpu_source,cpu_us,1,1,1,1,21619760,2,1,1,1000000,1000000,4,1,0,4.886673,/pscratch/sd/r/rchanani/realm/build_pm_deppart/tests/benchmark -ll:gpu 1 -ll:cpu 1 -ll:fsize 8192 -dp:workers 1 -dp:hpool 256 -nocheck -block_random -block_volume 1024 -d1 1 -d2 1 preimage -n 1000000 -e 1000000 -p 1 -s 4 -f 5 -b 1,"{""buffer_size"": ""1"", ""cpu_us"": ""137096"", ""d1"": ""1"", ""d2"": ""1"", ""gpu_us"": ""35062"", ""num_edges"": ""1000000"", ""num_nodes"": ""1000000"", ""num_pieces"": ""1"", ""num_spaces"": ""4"", ""op"": ""preimage"", ""sparse_factor"": ""5""}","{""d1"": ""1"", ""d2"": ""1"", ""gpu_host_fallback"": ""1"", ""gpu_input_rects"": ""1"", ""gpu_oom_backoffs"": ""1"", ""gpu_scratch_bytes"": ""21619760"", ""gpu_tiles"": ""1"", ""op"": ""preimage"", ""path"": ""ptrs""}",210,2,block_random,1024,35062,137096,ptrs
tile_sweep_publication,preimage,1d,sparse,5,1,1,gpu_source,gpu_us,1,1,1,1,21619760,2,1,1,1000000,1000000,4,1,0,4.742003,/pscratch/sd/r/rchanani/realm/build_pm_deppart/tests/benchmark -ll:gpu 1 -ll:cpu 1 -ll:fsize 8192 -dp:workers 1 -dp:hpool 256 -nocheck -block_random -block_volume 1024 -dp:noisectopt -d1 1 -d2 1 preimage -n 1000000 -e 1000000 -p 1 -s 4 -f 5 -b 1,"{""buffer_size"": ""1"", ""cpu_us"": ""134531"", ""d1"": ""1"", ""d2"": ""1"", ""gpu_us"": ""34894"", ""num_edges"": ""1000000"", ""num_nodes"": ""1000000"", ""num_pieces"": ""1"", ""num_spaces"": ""4"", ""op"": ""preimage"", ""sparse_factor"": ""5""}","{""d1"": ""1"", ""d2"": ""1"", ""gpu_host_fallback"": ""1"", ""gpu_input_rects"": ""1"", ""gpu_oom_backoffs"": ""1"", ""gpu_scratch_bytes"": ""21619760"", ""gpu_tiles"": ""1"", ""op"": ""preimage"", ""path"": ""ptrs""}",211,3,block_random,1024,34894,134531,ptrs
tile_sweep_publication,preimage,1d,sparse,5,2,1,cpu_source,cpu_us,1,0,0,1,28019760,2,1,1,1000000,1000000,4,1,0,4.567505,/pscratch/sd/r/rchanani/realm/build_pm_deppart/tests/benchmark -ll:gpu 1 -ll:cpu 1 -ll:fsize 8192 -dp:workers 1 -dp:hpool 256 -nocheck -block_random -block_volume 1024 -d1 1 -d2 1 preimage -n 1000000 -e 1000000 -p 1 -s 4 -f 5 -b 2,"{""buffer_size"": ""2"", ""cpu_us"": ""137535"", ""d1"": ""1"", ""d2"": ""1"", ""gpu_us"": ""3183"", ""num_edges"": ""1000000"", ""num_nodes"": ""1000000"", ""num_pieces"": ""1"", ""num_spaces"": ""4"", ""op"": ""preimage"", ""sparse_factor"": ""5""}","{""d1"": ""1"", ""d2"": ""1"", ""gpu_host_fallback"": ""0"", ""gpu_input_rects"": ""1"", ""gpu_oom_backoffs"": ""0"", ""gpu_scratch_bytes"": ""28019760"", ""gpu_tiles"": ""1"", ""op"": ""preimage"", ""path"": ""ptrs""}",212,0,block_random,1024,3183,137535,ptrs
tile_sweep_publication,preimage,1d,sparse,5,2,1,gpu_source,gpu_us,1,0,0,1,28019760,2,1,1,1000000,1000000,4,1,0,4.781272,/pscratch/sd/r/rchanani/realm/build_pm_deppart/tests/benchmark -ll:gpu 1 -ll:cpu 1 -ll:fsize 8192 -dp:workers 1 -dp:hpool 256 -nocheck -block_random -block_volume 1024 -dp:noisectopt -d1 1 -d2 1 preimage -n 1000000 -e 1000000 -p 1 -s 4 -f 5 -b 2,"{""buffer_size"": ""2"", ""cpu_us"": ""131232"", ""d1"": ""1"", ""d2"": ""1"", ""gpu_us"": ""3495"", ""num_edges"": ""1000000"", ""num_nodes"": ""1000000"", ""num_pieces"": ""1"", ""num_spaces"": ""4"", ""op"": ""preimage"", ""sparse_factor"": ""5""}","{""d1"": ""1"", ""d2"": ""1"", ""gpu_host_fallback"": ""0"", ""gpu_input_rects"": ""1"", ""gpu_oom_backoffs"": ""0"", ""gpu_scratch_bytes"": ""28019760"", ""gpu_tiles"": ""1"", ""op"": ""preimage"", ""path"": ""ptrs""}",213,1,block_random,1024,3495,131232,ptrs
tile_sweep_publication,preimage,1d,sparse,5,3,1,cpu_source,cpu_us,1,0,0,1,34419760,2,1,1,1000000,1000000,4,1,0,4.749967,/pscratch/sd/r/rchanani/realm/build_pm_deppart/tests/benchmark -ll:gpu 1 -ll:cpu 1 -ll:fsize 8192 -dp:workers 1 -dp:hpool 256 -nocheck -block_random -block_volume 1024 -d1 1 -d2 1 preimage -n 1000000 -e 1000000 -p 1 -s 4 -f 5 -b 3,"{""buffer_size"": ""3"", ""cpu_us"": ""137586"", ""d1"": ""1"", ""d2"": ""1"", ""gpu_us"": ""3507"", ""num_edges"": ""1000000"", ""num_nodes"": ""1000000"", ""num_pieces"": ""1"", ""num_spaces"": ""4"", ""op"": ""preimage"", ""sparse_factor"": ""5""}","{""d1"": ""1"", ""d2"": ""1"", ""gpu_host_fallback"": ""0"", ""gpu_input_rects"": ""1"", ""gpu_oom_backoffs"": ""0"", ""gpu_scratch_bytes"": ""34419760"", ""gpu_tiles"": ""1"", ""op"": ""preimage"", ""path"": ""ptrs""}",214,2,block_random,1024,3507,137586,ptrs
tile_sweep_publication,preimage,1d,sparse,5,3,1,gpu_source,gpu_us,1,0,0,1,34419760,2,1,1,1000000,1000000,4,1,0,4.751131,/pscratch/sd/r/rchanani/realm/build_pm_deppart/tests/benchmark -ll:gpu 1 -ll:cpu 1 -ll:fsize 8192 -dp:workers 1 -dp:hpool 256 -nocheck -block_random -block_volume 1024 -dp:noisectopt -d1 1 -d2 1 preimage -n 1000000 -e 1000000 -p 1 -s 4 -f 5 -b 3,"{""buffer_size"": ""3"", ""cpu_us"": ""131520"", ""d1"": ""1"", ""d2"": ""1"", ""gpu_us"": ""3374"", ""num_edges"": ""1000000"", ""num_nodes"": ""1000000"", ""num_pieces"": ""1"", ""num_spaces"": ""4"", ""op"": ""preimage"", ""sparse_factor"": ""5""}","{""d1"": ""1"", ""d2"": ""1"", ""gpu_host_fallback"": ""0"", ""gpu_input_rects"": ""1"", ""gpu_oom_backoffs"": ""0"", ""gpu_scratch_bytes"": ""34419760"", ""gpu_tiles"": ""1"", ""op"": ""preimage"", ""path"": ""ptrs""}",215,3,block_random,1024,3374,131520,ptrs
tile_sweep_publication,preimage,1d,sparse,5,4,1,cpu_source,cpu_us,1,0,0,1,40819760,2,1,1,1000000,1000000,4,1,0,4.558023,/pscratch/sd/r/rchanani/realm/build_pm_deppart/tests/benchmark -ll:gpu 1 -ll:cpu 1 -ll:fsize 8192 -dp:workers 1 -dp:hpool 256 -nocheck -block_random -block_volume 1024 -d1 1 -d2 1 preimage -n 1000000 -e 1000000 -p 1 -s 4 -f 5 -b 4,"{""buffer_size"": ""4"", ""cpu_us"": ""137306"", ""d1"": ""1"", ""d2"": ""1"", ""gpu_us"": ""3327"", ""num_edges"": ""1000000"", ""num_nodes"": ""1000000"", ""num_pieces"": ""1"", ""num_spaces"": ""4"", ""op"": ""preimage"", ""sparse_factor"": ""5""}","{""d1"": ""1"", ""d2"": ""1"", ""gpu_host_fallback"": ""0"", ""gpu_input_rects"": ""1"", ""gpu_oom_backoffs"": ""0"", ""gpu_scratch_bytes"": ""40819760"", ""gpu_tiles"": ""1"", ""op"": ""preimage"", ""path"": ""ptrs""}",216,0,block_random,1024,3327,137306,ptrs
tile_sweep_publication,preimage,1d,sparse,5,4,1,gpu_source,gpu_us,1,0,0,1,40819760,2,1,1,1000000,1000000,4,1,0,4.721849,/pscratch/sd/r/rchanani/realm/build_pm_deppart/tests/benchmark -ll:gpu 1 -ll:cpu 1 -ll:fsize 8192 -dp:workers 1 -dp:hpool 256 -nocheck -block_random -block_volume 1024 -dp:noisectopt -d1 1 -d2 1 preimage -n 1000000 -e 1000000 -p 1 -s 4 -f 5 -b 4,"{""buffer_size"": ""4"", ""cpu_us"": ""137962"", ""d1"": ""1"", ""d2"": ""1"", ""gpu_us"": ""3388"", ""num_edges"": ""1000000"", ""num_nodes"": ""1000000"", ""num_pieces"": ""1"", ""num_spaces"": ""4"", ""op"": ""preimage"", ""sparse_factor"": ""5""}","{""d1"": ""1"", ""d2"": ""1"", ""gpu_host_fallback"": ""0"", ""gpu_input_rects"": ""1"", ""gpu_oom_backoffs"": ""0"", ""gpu_scratch_bytes"": ""40819760"", ""gpu_tiles"": ""1"", ""op"": ""preimage"", ""path"": ""ptrs""}",217,1,block_random,1024,3388,137962,ptrs
tile_sweep_publication,preimage,1d,sparse,5,5,1,cpu_source,cpu_us,1,0,0,1,47219760,2,1,1,1000000,1000000,4,1,0,4.709426,/pscratch/sd/r/rchanani/realm/build_pm_deppart/tests/benchmark -ll:gpu 1 -ll:cpu 1 -ll:fsize 8192 -dp:workers 1 -dp:hpool 256 -nocheck -block_random -block_volume 1024 -d1 1 -d2 1 preimage -n 1000000 -e 1000000 -p 1 -s 4 -f 5 -b 5,"{""buffer_size"": ""5"", ""cpu_us"": ""138109"", ""d1"": ""1"", ""d2"": ""1"", ""gpu_us"": ""3525"", ""num_edges"": ""1000000"", ""num_nodes"": ""1000000"", ""num_pieces"": ""1"", ""num_spaces"": ""4"", ""op"": ""preimage"", ""sparse_factor"": ""5""}","{""d1"": ""1"", ""d2"": ""1"", ""gpu_host_fallback"": ""0"", ""gpu_input_rects"": ""1"", ""gpu_oom_backoffs"": ""0"", ""gpu_scratch_bytes"": ""47219760"", ""gpu_tiles"": ""1"", ""op"": ""preimage"", ""path"": ""ptrs""}",218,2,block_random,1024,3525,138109,ptrs
tile_sweep_publication,preimage,1d,sparse,5,5,1,gpu_source,gpu_us,1,0,0,1,47219760,2,1,1,1000000,1000000,4,1,0,4.553063,/pscratch/sd/r/rchanani/realm/build_pm_deppart/tests/benchmark -ll:gpu 1 -ll:cpu 1 -ll:fsize 8192 -dp:workers 1 -dp:hpool 256 -nocheck -block_random -block_volume 1024 -dp:noisectopt -d1 1 -d2 1 preimage -n 1000000 -e 1000000 -p 1 -s 4 -f 5 -b 5,"{""buffer_size"": ""5"", ""cpu_us"": ""131251"", ""d1"": ""1"", ""d2"": ""1"", ""gpu_us"": ""3260"", ""num_edges"": ""1000000"", ""num_nodes"": ""1000000"", ""num_pieces"": ""1"", ""num_spaces"": ""4"", ""op"": ""preimage"", ""sparse_factor"": ""5""}","{""d1"": ""1"", ""d2"": ""1"", ""gpu_host_fallback"": ""0"", ""gpu_input_rects"": ""1"", ""gpu_oom_backoffs"": ""0"", ""gpu_scratch_bytes"": ""47219760"", ""gpu_tiles"": ""1"", ""op"": ""preimage"", ""path"": ""ptrs""}",219,3,block_random,1024,3260,131251,ptrs
tile_sweep_publication,preimage,1d,sparse,5,7,1,cpu_source,cpu_us,1,0,0,1,60019760,2,1,1,1000000,1000000,4,1,0,4.599946,/pscratch/sd/r/rchanani/realm/build_pm_deppart/tests/benchmark -ll:gpu 1 -ll:cpu 1 -ll:fsize 8192 -dp:workers 1 -dp:hpool 256 -nocheck -block_random -block_volume 1024 -d1 1 -d2 1 preimage -n 1000000 -e 1000000 -p 1 -s 4 -f 5 -b 7,"{""buffer_size"": ""7"", ""cpu_us"": ""137035"", ""d1"": ""1"", ""d2"": ""1"", ""gpu_us"": ""3249"", ""num_edges"": ""1000000"", ""num_nodes"": ""1000000"", ""num_pieces"": ""1"", ""num_spaces"": ""4"", ""op"": ""preimage"", ""sparse_factor"": ""5""}","{""d1"": ""1"", ""d2"": ""1"", ""gpu_host_fallback"": ""0"", ""gpu_input_rects"": ""1"", ""gpu_oom_backoffs"": ""0"", ""gpu_scratch_bytes"": ""60019760"", ""gpu_tiles"": ""1"", ""op"": ""preimage"", ""path"": ""ptrs""}",220,0,block_random,1024,3249,137035,ptrs
tile_sweep_publication,preimage,1d,sparse,5,7,1,gpu_source,gpu_us,1,0,0,1,60019760,2,1,1,1000000,1000000,4,1,0,4.678396,/pscratch/sd/r/rchanani/realm/build_pm_deppart/tests/benchmark -ll:gpu 1 -ll:cpu 1 -ll:fsize 8192 -dp:workers 1 -dp:hpool 256 -nocheck -block_random -block_volume 1024 -dp:noisectopt -d1 1 -d2 1 preimage -n 1000000 -e 1000000 -p 1 -s 4 -f 5 -b 7,"{""buffer_size"": ""7"", ""cpu_us"": ""131636"", ""d1"": ""1"", ""d2"": ""1"", ""gpu_us"": ""3531"", ""num_edges"": ""1000000"", ""num_nodes"": ""1000000"", ""num_pieces"": ""1"", ""num_spaces"": ""4"", ""op"": ""preimage"", ""sparse_factor"": ""5""}","{""d1"": ""1"", ""d2"": ""1"", ""gpu_host_fallback"": ""0"", ""gpu_input_rects"": ""1"", ""gpu_oom_backoffs"": ""0"", ""gpu_scratch_bytes"": ""60019760"", ""gpu_tiles"": ""1"", ""op"": ""preimage"", ""path"": ""ptrs""}",221,1,block_random,1024,3531,131636,ptrs
tile_sweep_publication,preimage,1d,sparse,5,10,1,cpu_source,cpu_us,1,0,0,1,79219760,2,1,1,1000000,1000000,4,1,0,4.800539,/pscratch/sd/r/rchanani/realm/build_pm_deppart/tests/benchmark -ll:gpu 1 -ll:cpu 1 -ll:fsize 8192 -dp:workers 1 -dp:hpool 256 -nocheck -block_random -block_volume 1024 -d1 1 -d2 1 preimage -n 1000000 -e 1000000 -p 1 -s 4 -f 5 -b 10,"{""buffer_size"": ""10"", ""cpu_us"": ""137112"", ""d1"": ""1"", ""d2"": ""1"", ""gpu_us"": ""3386"", ""num_edges"": ""1000000"", ""num_nodes"": ""1000000"", ""num_pieces"": ""1"", ""num_spaces"": ""4"", ""op"": ""preimage"", ""sparse_factor"": ""5""}","{""d1"": ""1"", ""d2"": ""1"", ""gpu_host_fallback"": ""0"", ""gpu_input_rects"": ""1"", ""gpu_oom_backoffs"": ""0"", ""gpu_scratch_bytes"": ""79219760"", ""gpu_tiles"": ""1"", ""op"": ""preimage"", ""path"": ""ptrs""}",222,2,block_random,1024,3386,137112,ptrs
tile_sweep_publication,preimage,1d,sparse,5,10,1,gpu_source,gpu_us,1,0,0,1,79219760,2,1,1,1000000,1000000,4,1,0,4.589284,/pscratch/sd/r/rchanani/realm/build_pm_deppart/tests/benchmark -ll:gpu 1 -ll:cpu 1 -ll:fsize 8192 -dp:workers 1 -dp:hpool 256 -nocheck -block_random -block_volume 1024 -dp:noisectopt -d1 1 -d2 1 preimage -n 1000000 -e 1000000 -p 1 -s 4 -f 5 -b 10,"{""buffer_size"": ""10"", ""cpu_us"": ""131377"", ""d1"": ""1"", ""d2"": ""1"", ""gpu_us"": ""3233"", ""num_edges"": ""1000000"", ""num_nodes"": ""1000000"", ""num_pieces"": ""1"", ""num_spaces"": ""4"", ""op"": ""preimage"", ""sparse_factor"": ""5""}","{""d1"": ""1"", ""d2"": ""1"", ""gpu_host_fallback"": ""0"", ""gpu_input_rects"": ""1"", ""gpu_oom_backoffs"": ""0"", ""gpu_scratch_bytes"": ""79219760"", ""gpu_tiles"": ""1"", ""op"": ""preimage"", ""path"": ""ptrs""}",223,3,block_random,1024,3233,131377,ptrs
tile_sweep_publication,preimage,1d,sparse,5,15,1,cpu_source,cpu_us,1,0,0,1,111219760,2,1,1,1000000,1000000,4,1,0,4.556437,/pscratch/sd/r/rchanani/realm/build_pm_deppart/tests/benchmark -ll:gpu 1 -ll:cpu 1 -ll:fsize 8192 -dp:workers 1 -dp:hpool 256 -nocheck -block_random -block_volume 1024 -d1 1 -d2 1 preimage -n 1000000 -e 1000000 -p 1 -s 4 -f 5 -b 15,"{""buffer_size"": ""15"", ""cpu_us"": ""136956"", ""d1"": ""1"", ""d2"": ""1"", ""gpu_us"": ""3283"", ""num_edges"": ""1000000"", ""num_nodes"": ""1000000"", ""num_pieces"": ""1"", ""num_spaces"": ""4"", ""op"": ""preimage"", ""sparse_factor"": ""5""}","{""d1"": ""1"", ""d2"": ""1"", ""gpu_host_fallback"": ""0"", ""gpu_input_rects"": ""1"", ""gpu_oom_backoffs"": ""0"", ""gpu_scratch_bytes"": ""111219760"", ""gpu_tiles"": ""1"", ""op"": ""preimage"", ""path"": ""ptrs""}",224,0,block_random,1024,3283,136956,ptrs
tile_sweep_publication,preimage,1d,sparse,5,15,1,gpu_source,gpu_us,1,0,0,1,111219760,2,1,1,1000000,1000000,4,1,0,4.786638,/pscratch/sd/r/rchanani/realm/build_pm_deppart/tests/benchmark -ll:gpu 1 -ll:cpu 1 -ll:fsize 8192 -dp:workers 1 -dp:hpool 256 -nocheck -block_random -block_volume 1024 -dp:noisectopt -d1 1 -d2 1 preimage -n 1000000 -e 1000000 -p 1 -s 4 -f 5 -b 15,"{""buffer_size"": ""15"", ""cpu_us"": ""131598"", ""d1"": ""1"", ""d2"": ""1"", ""gpu_us"": ""3325"", ""num_edges"": ""1000000"", ""num_nodes"": ""1000000"", ""num_pieces"": ""1"", ""num_spaces"": ""4"", ""op"": ""preimage"", ""sparse_factor"": ""5""}","{""d1"": ""1"", ""d2"": ""1"", ""gpu_host_fallback"": ""0"", ""gpu_input_rects"": ""1"", ""gpu_oom_backoffs"": ""0"", ""gpu_scratch_bytes"": ""111219760"", ""gpu_tiles"": ""1"", ""op"": ""preimage"", ""path"": ""ptrs""}",225,1,block_random,1024,3325,131598,ptrs
tile_sweep_publication,preimage,1d,sparse,5,20,1,cpu_source,cpu_us,1,0,0,1,143219760,2,1,1,1000000,1000000,4,1,0,4.679083,/pscratch/sd/r/rchanani/realm/build_pm_deppart/tests/benchmark -ll:gpu 1 -ll:cpu 1 -ll:fsize 8192 -dp:workers 1 -dp:hpool 256 -nocheck -block_random -block_volume 1024 -d1 1 -d2 1 preimage -n 1000000 -e 1000000 -p 1 -s 4 -f 5 -b 20,"{""buffer_size"": ""20"", ""cpu_us"": ""138192"", ""d1"": ""1"", ""d2"": ""1"", ""gpu_us"": ""3473"", ""num_edges"": ""1000000"", ""num_nodes"": ""1000000"", ""num_pieces"": ""1"", ""num_spaces"": ""4"", ""op"": ""preimage"", ""sparse_factor"": ""5""}","{""d1"": ""1"", ""d2"": ""1"", ""gpu_host_fallback"": ""0"", ""gpu_input_rects"": ""1"", ""gpu_oom_backoffs"": ""0"", ""gpu_scratch_bytes"": ""143219760"", ""gpu_tiles"": ""1"", ""op"": ""preimage"", ""path"": ""ptrs""}",226,2,block_random,1024,3473,138192,ptrs
tile_sweep_publication,preimage,1d,sparse,5,20,1,gpu_source,gpu_us,1,0,0,1,143219760,2,1,1,1000000,1000000,4,1,0,4.583806,/pscratch/sd/r/rchanani/realm/build_pm_deppart/tests/benchmark -ll:gpu 1 -ll:cpu 1 -ll:fsize 8192 -dp:workers 1 -dp:hpool 256 -nocheck -block_random -block_volume 1024 -dp:noisectopt -d1 1 -d2 1 preimage -n 1000000 -e 1000000 -p 1 -s 4 -f 5 -b 20,"{""buffer_size"": ""20"", ""cpu_us"": ""133044"", ""d1"": ""1"", ""d2"": ""1"", ""gpu_us"": ""3378"", ""num_edges"": ""1000000"", ""num_nodes"": ""1000000"", ""num_pieces"": ""1"", ""num_spaces"": ""4"", ""op"": ""preimage"", ""sparse_factor"": ""5""}","{""d1"": ""1"", ""d2"": ""1"", ""gpu_host_fallback"": ""0"", ""gpu_input_rects"": ""1"", ""gpu_oom_backoffs"": ""0"", ""gpu_scratch_bytes"": ""143219760"", ""gpu_tiles"": ""1"", ""op"": ""preimage"", ""path"": ""ptrs""}",227,3,block_random,1024,3378,133044,ptrs
tile_sweep_publication,preimage,1d,sparse,5,25,1,cpu_source,cpu_us,1,0,0,1,175219760,2,1,1,1000000,1000000,4,1,0,4.557268,/pscratch/sd/r/rchanani/realm/build_pm_deppart/tests/benchmark -ll:gpu 1 -ll:cpu 1 -ll:fsize 8192 -dp:workers 1 -dp:hpool 256 -nocheck -block_random -block_volume 1024 -d1 1 -d2 1 preimage -n 1000000 -e 1000000 -p 1 -s 4 -f 5 -b 25,"{""buffer_size"": ""25"", ""cpu_us"": ""136623"", ""d1"": ""1"", ""d2"": ""1"", ""gpu_us"": ""3236"", ""num_edges"": ""1000000"", ""num_nodes"": ""1000000"", ""num_pieces"": ""1"", ""num_spaces"": ""4"", ""op"": ""preimage"", ""sparse_factor"": ""5""}","{""d1"": ""1"", ""d2"": ""1"", ""gpu_host_fallback"": ""0"", ""gpu_input_rects"": ""1"", ""gpu_oom_backoffs"": ""0"", ""gpu_scratch_bytes"": ""175219760"", ""gpu_tiles"": ""1"", ""op"": ""preimage"", ""path"": ""ptrs""}",228,0,block_random,1024,3236,136623,ptrs
tile_sweep_publication,preimage,1d,sparse,5,25,1,gpu_source,gpu_us,1,0,0,1,175219760,2,1,1,1000000,1000000,4,1,0,4.806813,/pscratch/sd/r/rchanani/realm/build_pm_deppart/tests/benchmark -ll:gpu 1 -ll:cpu 1 -ll:fsize 8192 -dp:workers 1 -dp:hpool 256 -nocheck -block_random -block_volume 1024 -dp:noisectopt -d1 1 -d2 1 preimage -n 1000000 -e 1000000 -p 1 -s 4 -f 5 -b 25,"{""buffer_size"": ""25"", ""cpu_us"": ""132473"", ""d1"": ""1"", ""d2"": ""1"", ""gpu_us"": ""3494"", ""num_edges"": ""1000000"", ""num_nodes"": ""1000000"", ""num_pieces"": ""1"", ""num_spaces"": ""4"", ""op"": ""preimage"", ""sparse_factor"": ""5""}","{""d1"": ""1"", ""d2"": ""1"", ""gpu_host_fallback"": ""0"", ""gpu_input_rects"": ""1"", ""gpu_oom_backoffs"": ""0"", ""gpu_scratch_bytes"": ""175219760"", ""gpu_tiles"": ""1"", ""op"": ""preimage"", ""path"": ""ptrs""}",229,1,block_random,1024,3494,132473,ptrs
tile_sweep_publication,preimage,1d,sparse,5,30,1,cpu_source,cpu_us,1,0,0,1,207219760,2,1,1,1000000,1000000,4,1,0,4.654305,/pscratch/sd/r/rchanani/realm/build_pm_deppart/tests/benchmark -ll:gpu 1 -ll:cpu 1 -ll:fsize 8192 -dp:workers 1 -dp:hpool 256 -nocheck -block_random -block_volume 1024 -d1 1 -d2 1 preimage -n 1000000 -e 1000000 -p 1 -s 4 -f 5 -b 30,"{""buffer_size"": ""30"", ""cpu_us"": ""137366"", ""d1"": ""1"", ""d2"": ""1"", ""gpu_us"": ""3573"", ""num_edges"": ""1000000"", ""num_nodes"": ""1000000"", ""num_pieces"": ""1"", ""num_spaces"": ""4"", ""op"": ""preimage"", ""sparse_factor"": ""5""}","{""d1"": ""1"", ""d2"": ""1"", ""gpu_host_fallback"": ""0"", ""gpu_input_rects"": ""1"", ""gpu_oom_backoffs"": ""0"", ""gpu_scratch_bytes"": ""207219760"", ""gpu_tiles"": ""1"", ""op"": ""preimage"", ""path"": ""ptrs""}",230,2,block_random,1024,3573,137366,ptrs
tile_sweep_publication,preimage,1d,sparse,5,30,1,gpu_source,gpu_us,1,0,0,1,207219760,2,1,1,1000000,1000000,4,1,0,4.583448,/pscratch/sd/r/rchanani/realm/build_pm_deppart/tests/benchmark -ll:gpu 1 -ll:cpu 1 -ll:fsize 8192 -dp:workers 1 -dp:hpool 256 -nocheck -block_random -block_volume 1024 -dp:noisectopt -d1 1 -d2 1 preimage -n 1000000 -e 1000000 -p 1 -s 4 -f 5 -b 30,"{""buffer_size"": ""30"", ""cpu_us"": ""130868"", ""d1"": ""1"", ""d2"": ""1"", ""gpu_us"": ""3141"", ""num_edges"": ""1000000"", ""num_nodes"": ""1000000"", ""num_pieces"": ""1"", ""num_spaces"": ""4"", ""op"": ""preimage"", ""sparse_factor"": ""5""}","{""d1"": ""1"", ""d2"": ""1"", ""gpu_host_fallback"": ""0"", ""gpu_input_rects"": ""1"", ""gpu_oom_backoffs"": ""0"", ""gpu_scratch_bytes"": ""207219760"", ""gpu_tiles"": ""1"", ""op"": ""preimage"", ""path"": ""ptrs""}",231,3,block_random,1024,3141,130868,ptrs
tile_sweep_publication,preimage,1d,sparse,5,40,1,cpu_source,cpu_us,1,0,0,1,271219760,2,1,1,1000000,1000000,4,1,0,4.559424,/pscratch/sd/r/rchanani/realm/build_pm_deppart/tests/benchmark -ll:gpu 1 -ll:cpu 1 -ll:fsize 8192 -dp:workers 1 -dp:hpool 256 -nocheck -block_random -block_volume 1024 -d1 1 -d2 1 preimage -n 1000000 -e 1000000 -p 1 -s 4 -f 5 -b 40,"{""buffer_size"": ""40"", ""cpu_us"": ""136667"", ""d1"": ""1"", ""d2"": ""1"", ""gpu_us"": ""3359"", ""num_edges"": ""1000000"", ""num_nodes"": ""1000000"", ""num_pieces"": ""1"", ""num_spaces"": ""4"", ""op"": ""preimage"", ""sparse_factor"": ""5""}","{""d1"": ""1"", ""d2"": ""1"", ""gpu_host_fallback"": ""0"", ""gpu_input_rects"": ""1"", ""gpu_oom_backoffs"": ""0"", ""gpu_scratch_bytes"": ""271219760"", ""gpu_tiles"": ""1"", ""op"": ""preimage"", ""path"": ""ptrs""}",232,0,block_random,1024,3359,136667,ptrs
tile_sweep_publication,preimage,1d,sparse,5,40,1,gpu_source,gpu_us,1,0,0,1,271219760,2,1,1,1000000,1000000,4,1,0,4.767220,/pscratch/sd/r/rchanani/realm/build_pm_deppart/tests/benchmark -ll:gpu 1 -ll:cpu 1 -ll:fsize 8192 -dp:workers 1 -dp:hpool 256 -nocheck -block_random -block_volume 1024 -dp:noisectopt -d1 1 -d2 1 preimage -n 1000000 -e 1000000 -p 1 -s 4 -f 5 -b 40,"{""buffer_size"": ""40"", ""cpu_us"": ""133631"", ""d1"": ""1"", ""d2"": ""1"", ""gpu_us"": ""3511"", ""num_edges"": ""1000000"", ""num_nodes"": ""1000000"", ""num_pieces"": ""1"", ""num_spaces"": ""4"", ""op"": ""preimage"", ""sparse_factor"": ""5""}","{""d1"": ""1"", ""d2"": ""1"", ""gpu_host_fallback"": ""0"", ""gpu_input_rects"": ""1"", ""gpu_oom_backoffs"": ""0"", ""gpu_scratch_bytes"": ""271219760"", ""gpu_tiles"": ""1"", ""op"": ""preimage"", ""path"": ""ptrs""}",233,1,block_random,1024,3511,133631,ptrs
tile_sweep_publication,preimage,1d,sparse,5,50,1,cpu_source,cpu_us,1,0,0,1,335219760,2,1,1,1000000,1000000,4,1,0,4.721166,/pscratch/sd/r/rchanani/realm/build_pm_deppart/tests/benchmark -ll:gpu 1 -ll:cpu 1 -ll:fsize 8192 -dp:workers 1 -dp:hpool 256 -nocheck -block_random -block_volume 1024 -d1 1 -d2 1 preimage -n 1000000 -e 1000000 -p 1 -s 4 -f 5 -b 50,"{""buffer_size"": ""50"", ""cpu_us"": ""137561"", ""d1"": ""1"", ""d2"": ""1"", ""gpu_us"": ""3611"", ""num_edges"": ""1000000"", ""num_nodes"": ""1000000"", ""num_pieces"": ""1"", ""num_spaces"": ""4"", ""op"": ""preimage"", ""sparse_factor"": ""5""}","{""d1"": ""1"", ""d2"": ""1"", ""gpu_host_fallback"": ""0"", ""gpu_input_rects"": ""1"", ""gpu_oom_backoffs"": ""0"", ""gpu_scratch_bytes"": ""335219760"", ""gpu_tiles"": ""1"", ""op"": ""preimage"", ""path"": ""ptrs""}",234,2,block_random,1024,3611,137561,ptrs
tile_sweep_publication,preimage,1d,sparse,5,50,1,gpu_source,gpu_us,1,0,0,1,335219760,2,1,1,1000000,1000000,4,1,0,4.543378,/pscratch/sd/r/rchanani/realm/build_pm_deppart/tests/benchmark -ll:gpu 1 -ll:cpu 1 -ll:fsize 8192 -dp:workers 1 -dp:hpool 256 -nocheck -block_random -block_volume 1024 -dp:noisectopt -d1 1 -d2 1 preimage -n 1000000 -e 1000000 -p 1 -s 4 -f 5 -b 50,"{""buffer_size"": ""50"", ""cpu_us"": ""131186"", ""d1"": ""1"", ""d2"": ""1"", ""gpu_us"": ""3334"", ""num_edges"": ""1000000"", ""num_nodes"": ""1000000"", ""num_pieces"": ""1"", ""num_spaces"": ""4"", ""op"": ""preimage"", ""sparse_factor"": ""5""}","{""d1"": ""1"", ""d2"": ""1"", ""gpu_host_fallback"": ""0"", ""gpu_input_rects"": ""1"", ""gpu_oom_backoffs"": ""0"", ""gpu_scratch_bytes"": ""335219760"", ""gpu_tiles"": ""1"", ""op"": ""preimage"", ""path"": ""ptrs""}",235,3,block_random,1024,3334,131186,ptrs
tile_sweep_publication,preimage,1d,sparse,5,75,1,cpu_source,cpu_us,1,0,0,1,495219760,2,1,1,1000000,1000000,4,1,0,4.551734,/pscratch/sd/r/rchanani/realm/build_pm_deppart/tests/benchmark -ll:gpu 1 -ll:cpu 1 -ll:fsize 8192 -dp:workers 1 -dp:hpool 256 -nocheck -block_random -block_volume 1024 -d1 1 -d2 1 preimage -n 1000000 -e 1000000 -p 1 -s 4 -f 5 -b 75,"{""buffer_size"": ""75"", ""cpu_us"": ""136333"", ""d1"": ""1"", ""d2"": ""1"", ""gpu_us"": ""3203"", ""num_edges"": ""1000000"", ""num_nodes"": ""1000000"", ""num_pieces"": ""1"", ""num_spaces"": ""4"", ""op"": ""preimage"", ""sparse_factor"": ""5""}","{""d1"": ""1"", ""d2"": ""1"", ""gpu_host_fallback"": ""0"", ""gpu_input_rects"": ""1"", ""gpu_oom_backoffs"": ""0"", ""gpu_scratch_bytes"": ""495219760"", ""gpu_tiles"": ""1"", ""op"": ""preimage"", ""path"": ""ptrs""}",236,0,block_random,1024,3203,136333,ptrs
tile_sweep_publication,preimage,1d,sparse,5,75,1,gpu_source,gpu_us,1,0,0,1,495219760,2,1,1,1000000,1000000,4,1,0,4.631407,/pscratch/sd/r/rchanani/realm/build_pm_deppart/tests/benchmark -ll:gpu 1 -ll:cpu 1 -ll:fsize 8192 -dp:workers 1 -dp:hpool 256 -nocheck -block_random -block_volume 1024 -dp:noisectopt -d1 1 -d2 1 preimage -n 1000000 -e 1000000 -p 1 -s 4 -f 5 -b 75,"{""buffer_size"": ""75"", ""cpu_us"": ""131936"", ""d1"": ""1"", ""d2"": ""1"", ""gpu_us"": ""3398"", ""num_edges"": ""1000000"", ""num_nodes"": ""1000000"", ""num_pieces"": ""1"", ""num_spaces"": ""4"", ""op"": ""preimage"", ""sparse_factor"": ""5""}","{""d1"": ""1"", ""d2"": ""1"", ""gpu_host_fallback"": ""0"", ""gpu_input_rects"": ""1"", ""gpu_oom_backoffs"": ""0"", ""gpu_scratch_bytes"": ""495219760"", ""gpu_tiles"": ""1"", ""op"": ""preimage"", ""path"": ""ptrs""}",237,1,block_random,1024,3398,131936,ptrs
tile_sweep_publication,preimage,1d,sparse,5,100,1,cpu_source,cpu_us,1,0,0,1,655219760,2,1,1,1000000,1000000,4,1,0,4.866288,/pscratch/sd/r/rchanani/realm/build_pm_deppart/tests/benchmark -ll:gpu 1 -ll:cpu 1 -ll:fsize 8192 -dp:workers 1 -dp:hpool 256 -nocheck -block_random -block_volume 1024 -d1 1 -d2 1 preimage -n 1000000 -e 1000000 -p 1 -s 4 -f 5 -b 100,"{""buffer_size"": ""100"", ""cpu_us"": ""137726"", ""d1"": ""1"", ""d2"": ""1"", ""gpu_us"": ""3547"", ""num_edges"": ""1000000"", ""num_nodes"": ""1000000"", ""num_pieces"": ""1"", ""num_spaces"": ""4"", ""op"": ""preimage"", ""sparse_factor"": ""5""}","{""d1"": ""1"", ""d2"": ""1"", ""gpu_host_fallback"": ""0"", ""gpu_input_rects"": ""1"", ""gpu_oom_backoffs"": ""0"", ""gpu_scratch_bytes"": ""655219760"", ""gpu_tiles"": ""1"", ""op"": ""preimage"", ""path"": ""ptrs""}",238,2,block_random,1024,3547,137726,ptrs
tile_sweep_publication,preimage,1d,sparse,5,100,1,gpu_source,gpu_us,1,0,0,1,655219760,2,1,1,1000000,1000000,4,1,0,4.569523,/pscratch/sd/r/rchanani/realm/build_pm_deppart/tests/benchmark -ll:gpu 1 -ll:cpu 1 -ll:fsize 8192 -dp:workers 1 -dp:hpool 256 -nocheck -block_random -block_volume 1024 -dp:noisectopt -d1 1 -d2 1 preimage -n 1000000 -e 1000000 -p 1 -s 4 -f 5 -b 100,"{""buffer_size"": ""100"", ""cpu_us"": ""131762"", ""d1"": ""1"", ""d2"": ""1"", ""gpu_us"": ""3314"", ""num_edges"": ""1000000"", ""num_nodes"": ""1000000"", ""num_pieces"": ""1"", ""num_spaces"": ""4"", ""op"": ""preimage"", ""sparse_factor"": ""5""}","{""d1"": ""1"", ""d2"": ""1"", ""gpu_host_fallback"": ""0"", ""gpu_input_rects"": ""1"", ""gpu_oom_backoffs"": ""0"", ""gpu_scratch_bytes"": ""655219760"", ""gpu_tiles"": ""1"", ""op"": ""preimage"", ""path"": ""ptrs""}",239,3,block_random,1024,3314,131762,ptrs
tile_sweep_publication,preimage,2d,dense,1,1,1,cpu_source,cpu_us,8,14,1,8,14800000,2,2,2,1000,1000,4,1,0,1.035002,/pscratch/sd/r/rchanani/realm/build_pm_deppart/tests/benchmark -ll:gpu 1 -ll:cpu 1 -ll:fsize 8192 -dp:workers 1 -dp:hpool 256 -nocheck -block_random -block_volume 1024 -d1 2 -d2 2 preimage -n 1000 -e 1000 -p 1 -s 4 -f 1 -b 1,"{""buffer_size"": ""1"", ""cpu_us"": ""92314"", ""d1"": ""2"", ""d2"": ""2"", ""gpu_us"": ""22962"", ""num_edges"": ""1000"", ""num_nodes"": ""1000"", ""num_pieces"": ""1"", ""num_spaces"": ""4"", ""op"": ""preimage"", ""sparse_factor"": ""1""}","{""d1"": ""2"", ""d2"": ""2"", ""gpu_host_fallback"": ""1"", ""gpu_input_rects"": ""8"", ""gpu_oom_backoffs"": ""14"", ""gpu_scratch_bytes"": ""14800000"", ""gpu_tiles"": ""8"", ""op"": ""preimage"", ""path"": ""ptrs""}",240,0,block_random,1024,22962,92314,ptrs
tile_sweep_publication,preimage,2d,dense,1,1,1,gpu_source,gpu_us,8,14,1,8,14800000,2,2,2,1000,1000,4,1,0,1.105116,/pscratch/sd/r/rchanani/realm/build_pm_deppart/tests/benchmark -ll:gpu 1 -ll:cpu 1 -ll:fsize 8192 -dp:workers 1 -dp:hpool 256 -nocheck -block_random -block_volume 1024 -dp:noisectopt -d1 2 -d2 2 preimage -n 1000 -e 1000 -p 1 -s 4 -f 1 -b 1,"{""buffer_size"": ""1"", ""cpu_us"": ""12381"", ""d1"": ""2"", ""d2"": ""2"", ""gpu_us"": ""20002"", ""num_edges"": ""1000"", ""num_nodes"": ""1000"", ""num_pieces"": ""1"", ""num_spaces"": ""4"", ""op"": ""preimage"", ""sparse_factor"": ""1""}","{""d1"": ""2"", ""d2"": ""2"", ""gpu_host_fallback"": ""1"", ""gpu_input_rects"": ""8"", ""gpu_oom_backoffs"": ""14"", ""gpu_scratch_bytes"": ""14800000"", ""gpu_tiles"": ""8"", ""op"": ""preimage"", ""path"": ""ptrs""}",241,1,block_random,1024,20002,12381,ptrs
tile_sweep_publication,preimage,2d,dense,1,2,1,cpu_source,cpu_us,4,5,1,4,27600000,2,2,2,1000,1000,4,1,0,1.362431,/pscratch/sd/r/rchanani/realm/build_pm_deppart/tests/benchmark -ll:gpu 1 -ll:cpu 1 -ll:fsize 8192 -dp:workers 1 -dp:hpool 256 -nocheck -block_random -block_volume 1024 -d1 2 -d2 2 preimage -n 1000 -e 1000 -p 1 -s 4 -f 1 -b 2,"{""buffer_size"": ""2"", ""cpu_us"": ""93332"", ""d1"": ""2"", ""d2"": ""2"", ""gpu_us"": ""11588"", ""num_edges"": ""1000"", ""num_nodes"": ""1000"", ""num_pieces"": ""1"", ""num_spaces"": ""4"", ""op"": ""preimage"", ""sparse_factor"": ""1""}","{""d1"": ""2"", ""d2"": ""2"", ""gpu_host_fallback"": ""1"", ""gpu_input_rects"": ""4"", ""gpu_oom_backoffs"": ""5"", ""gpu_scratch_bytes"": ""27600000"", ""gpu_tiles"": ""4"", ""op"": ""preimage"", ""path"": ""ptrs""}",242,2,block_random,1024,11588,93332,ptrs
tile_sweep_publication,preimage,2d,dense,1,2,1,gpu_source,gpu_us,4,5,1,4,27600000,2,2,2,1000,1000,4,1,0,0.933338,/pscratch/sd/r/rchanani/realm/build_pm_deppart/tests/benchmark -ll:gpu 1 -ll:cpu 1 -ll:fsize 8192 -dp:workers 1 -dp:hpool 256 -nocheck -block_random -block_volume 1024 -dp:noisectopt -d1 2 -d2 2 preimage -n 1000 -e 1000 -p 1 -s 4 -f 1 -b 2,"{""buffer_size"": ""2"", ""cpu_us"": ""12128"", ""d1"": ""2"", ""d2"": ""2"", ""gpu_us"": ""12962"", ""num_edges"": ""1000"", ""num_nodes"": ""1000"", ""num_pieces"": ""1"", ""num_spaces"": ""4"", ""op"": ""preimage"", ""sparse_factor"": ""1""}","{""d1"": ""2"", ""d2"": ""2"", ""gpu_host_fallback"": ""1"", ""gpu_input_rects"": ""4"", ""gpu_oom_backoffs"": ""5"", ""gpu_scratch_bytes"": ""27600000"", ""gpu_tiles"": ""4"", ""op"": ""preimage"", ""path"": ""ptrs""}",243,3,block_random,1024,12962,12128,ptrs
tile_sweep_publication,preimage,2d,dense,1,3,1,cpu_source,cpu_us,4,5,1,4,40400000,2,2,2,1000,1000,4,1,0,1.015115,/pscratch/sd/r/rchanani/realm/build_pm_deppart/tests/benchmark -ll:gpu 1 -ll:cpu 1 -ll:fsize 8192 -dp:workers 1 -dp:hpool 256 -nocheck -block_random -block_volume 1024 -d1 2 -d2 2 preimage -n 1000 -e 1000 -p 1 -s 4 -f 1 -b 3,"{""buffer_size"": ""3"", ""cpu_us"": ""92665"", ""d1"": ""2"", ""d2"": ""2"", ""gpu_us"": ""12757"", ""num_edges"": ""1000"", ""num_nodes"": ""1000"", ""num_pieces"": ""1"", ""num_spaces"": ""4"", ""op"": ""preimage"", ""sparse_factor"": ""1""}","{""d1"": ""2"", ""d2"": ""2"", ""gpu_host_fallback"": ""1"", ""gpu_input_rects"": ""4"", ""gpu_oom_backoffs"": ""5"", ""gpu_scratch_bytes"": ""40400000"", ""gpu_tiles"": ""4"", ""op"": ""preimage"", ""path"": ""ptrs""}",244,0,block_random,1024,12757,92665,ptrs
tile_sweep_publication,preimage,2d,dense,1,3,1,gpu_source,gpu_us,4,5,1,4,40400000,2,2,2,1000,1000,4,1,0,1.195495,/pscratch/sd/r/rchanani/realm/build_pm_deppart/tests/benchmark -ll:gpu 1 -ll:cpu 1 -ll:fsize 8192 -dp:workers 1 -dp:hpool 256 -nocheck -block_random -block_volume 1024 -dp:noisectopt -d1 2 -d2 2 preimage -n 1000 -e 1000 -p 1 -s 4 -f 1 -b 3,"{""buffer_size"": ""3"", ""cpu_us"": ""13018"", ""d1"": ""2"", ""d2"": ""2"", ""gpu_us"": ""11537"", ""num_edges"": ""1000"", ""num_nodes"": ""1000"", ""num_pieces"": ""1"", ""num_spaces"": ""4"", ""op"": ""preimage"", ""sparse_factor"": ""1""}","{""d1"": ""2"", ""d2"": ""2"", ""gpu_host_fallback"": ""1"", ""gpu_input_rects"": ""4"", ""gpu_oom_backoffs"": ""5"", ""gpu_scratch_bytes"": ""40400000"", ""gpu_tiles"": ""4"", ""op"": ""preimage"", ""path"": ""ptrs""}",245,1,block_random,1024,11537,13018,ptrs
tile_sweep_publication,preimage,2d,dense,1,4,1,cpu_source,cpu_us,2,2,1,2,53200000,2,2,2,1000,1000,4,1,0,1.174379,/pscratch/sd/r/rchanani/realm/build_pm_deppart/tests/benchmark -ll:gpu 1 -ll:cpu 1 -ll:fsize 8192 -dp:workers 1 -dp:hpool 256 -nocheck -block_random -block_volume 1024 -d1 2 -d2 2 preimage -n 1000 -e 1000 -p 1 -s 4 -f 1 -b 4,"{""buffer_size"": ""4"", ""cpu_us"": ""92039"", ""d1"": ""2"", ""d2"": ""2"", ""gpu_us"": ""6970"", ""num_edges"": ""1000"", ""num_nodes"": ""1000"", ""num_pieces"": ""1"", ""num_spaces"": ""4"", ""op"": ""preimage"", ""sparse_factor"": ""1""}","{""d1"": ""2"", ""d2"": ""2"", ""gpu_host_fallback"": ""1"", ""gpu_input_rects"": ""2"", ""gpu_oom_backoffs"": ""2"", ""gpu_scratch_bytes"": ""53200000"", ""gpu_tiles"": ""2"", ""op"": ""preimage"", ""path"": ""ptrs""}",246,2,block_random,1024,6970,92039,ptrs
tile_sweep_publication,preimage,2d,dense,1,4,1,gpu_source,gpu_us,2,2,1,2,53200000,2,2,2,1000,1000,4,1,0,0.926642,/pscratch/sd/r/rchanani/realm/build_pm_deppart/tests/benchmark -ll:gpu 1 -ll:cpu 1 -ll:fsize 8192 -dp:workers 1 -dp:hpool 256 -nocheck -block_random -block_volume 1024 -dp:noisectopt -d1 2 -d2 2 preimage -n 1000 -e 1000 -p 1 -s 4 -f 1 -b 4,"{""buffer_size"": ""4"", ""cpu_us"": ""12372"", ""d1"": ""2"", ""d2"": ""2"", ""gpu_us"": ""7668"", ""num_edges"": ""1000"", ""num_nodes"": ""1000"", ""num_pieces"": ""1"", ""num_spaces"": ""4"", ""op"": ""preimage"", ""sparse_factor"": ""1""}","{""d1"": ""2"", ""d2"": ""2"", ""gpu_host_fallback"": ""1"", ""gpu_input_rects"": ""2"", ""gpu_oom_backoffs"": ""2"", ""gpu_scratch_bytes"": ""53200000"", ""gpu_tiles"": ""2"", ""op"": ""preimage"", ""path"": ""ptrs""}",247,3,block_random,1024,7668,12372,ptrs
tile_sweep_publication,preimage,2d,dense,1,5,1,cpu_source,cpu_us,2,2,1,2,66000000,2,2,2,1000,1000,4,1,0,0.992508,/pscratch/sd/r/rchanani/realm/build_pm_deppart/tests/benchmark -ll:gpu 1 -ll:cpu 1 -ll:fsize 8192 -dp:workers 1 -dp:hpool 256 -nocheck -block_random -block_volume 1024 -d1 2 -d2 2 preimage -n 1000 -e 1000 -p 1 -s 4 -f 1 -b 5,"{""buffer_size"": ""5"", ""cpu_us"": ""91466"", ""d1"": ""2"", ""d2"": ""2"", ""gpu_us"": ""7194"", ""num_edges"": ""1000"", ""num_nodes"": ""1000"", ""num_pieces"": ""1"", ""num_spaces"": ""4"", ""op"": ""preimage"", ""sparse_factor"": ""1""}","{""d1"": ""2"", ""d2"": ""2"", ""gpu_host_fallback"": ""1"", ""gpu_input_rects"": ""2"", ""gpu_oom_backoffs"": ""2"", ""gpu_scratch_bytes"": ""66000000"", ""gpu_tiles"": ""2"", ""op"": ""preimage"", ""path"": ""ptrs""}",248,0,block_random,1024,7194,91466,ptrs
tile_sweep_publication,preimage,2d,dense,1,5,1,gpu_source,gpu_us,2,2,1,2,66000000,2,2,2,1000,1000,4,1,0,1.065368,/pscratch/sd/r/rchanani/realm/build_pm_deppart/tests/benchmark -ll:gpu 1 -ll:cpu 1 -ll:fsize 8192 -dp:workers 1 -dp:hpool 256 -nocheck -block_random -block_volume 1024 -dp:noisectopt -d1 2 -d2 2 preimage -n 1000 -e 1000 -p 1 -s 4 -f 1 -b 5,"{""buffer_size"": ""5"", ""cpu_us"": ""12034"", ""d1"": ""2"", ""d2"": ""2"", ""gpu_us"": ""6800"", ""num_edges"": ""1000"", ""num_nodes"": ""1000"", ""num_pieces"": ""1"", ""num_spaces"": ""4"", ""op"": ""preimage"", ""sparse_factor"": ""1""}","{""d1"": ""2"", ""d2"": ""2"", ""gpu_host_fallback"": ""1"", ""gpu_input_rects"": ""2"", ""gpu_oom_backoffs"": ""2"", ""gpu_scratch_bytes"": ""66000000"", ""gpu_tiles"": ""2"", ""op"": ""preimage"", ""path"": ""ptrs""}",249,1,block_random,1024,6800,12034,ptrs
tile_sweep_publication,preimage,2d,dense,1,7,1,cpu_source,cpu_us,2,2,1,2,91600000,2,2,2,1000,1000,4,1,0,1.220354,/pscratch/sd/r/rchanani/realm/build_pm_deppart/tests/benchmark -ll:gpu 1 -ll:cpu 1 -ll:fsize 8192 -dp:workers 1 -dp:hpool 256 -nocheck -block_random -block_volume 1024 -d1 2 -d2 2 preimage -n 1000 -e 1000 -p 1 -s 4 -f 1 -b 7,"{""buffer_size"": ""7"", ""cpu_us"": ""91398"", ""d1"": ""2"", ""d2"": ""2"", ""gpu_us"": ""6704"", ""num_edges"": ""1000"", ""num_nodes"": ""1000"", ""num_pieces"": ""1"", ""num_spaces"": ""4"", ""op"": ""preimage"", ""sparse_factor"": ""1""}","{""d1"": ""2"", ""d2"": ""2"", ""gpu_host_fallback"": ""1"", ""gpu_input_rects"": ""2"", ""gpu_oom_backoffs"": ""2"", ""gpu_scratch_bytes"": ""91600000"", ""gpu_tiles"": ""2"", ""op"": ""preimage"", ""path"": ""ptrs""}",250,2,block_random,1024,6704,91398,ptrs
tile_sweep_publication,preimage,2d,dense,1,7,1,gpu_source,gpu_us,2,2,1,2,91600000,2,2,2,1000,1000,4,1,0,0.947209,/pscratch/sd/r/rchanani/realm/build_pm_deppart/tests/benchmark -ll:gpu 1 -ll:cpu 1 -ll:fsize 8192 -dp:workers 1 -dp:hpool 256 -nocheck -block_random -block_volume 1024 -dp:noisectopt -d1 2 -d2 2 preimage -n 1000 -e 1000 -p 1 -s 4 -f 1 -b 7,"{""buffer_size"": ""7"", ""cpu_us"": ""12033"", ""d1"": ""2"", ""d2"": ""2"", ""gpu_us"": ""7319"", ""num_edges"": ""1000"", ""num_nodes"": ""1000"", ""num_pieces"": ""1"", ""num_spaces"": ""4"", ""op"": ""preimage"", ""sparse_factor"": ""1""}","{""d1"": ""2"", ""d2"": ""2"", ""gpu_host_fallback"": ""1"", ""gpu_input_rects"": ""2"", ""gpu_oom_backoffs"": ""2"", ""gpu_scratch_bytes"": ""91600000"", ""gpu_tiles"": ""2"", ""op"": ""preimage"", ""path"": ""ptrs""}",251,3,block_random,1024,7319,12033,ptrs
tile_sweep_publication,preimage,2d,dense,1,10,1,cpu_source,cpu_us,1,0,0,1,130000000,2,2,2,1000,1000,4,1,0,0.986799,/pscratch/sd/r/rchanani/realm/build_pm_deppart/tests/benchmark -ll:gpu 1 -ll:cpu 1 -ll:fsize 8192 -dp:workers 1 -dp:hpool 256 -nocheck -block_random -block_volume 1024 -d1 2 -d2 2 preimage -n 1000 -e 1000 -p 1 -s 4 -f 1 -b 10,"{""buffer_size"": ""10"", ""cpu_us"": ""92136"", ""d1"": ""2"", ""d2"": ""2"", ""gpu_us"": ""2172"", ""num_edges"": ""1000"", ""num_nodes"": ""1000"", ""num_pieces"": ""1"", ""num_spaces"": ""4"", ""op"": ""preimage"", ""sparse_factor"": ""1""}","{""d1"": ""2"", ""d2"": ""2"", ""gpu_host_fallback"": ""0"", ""gpu_input_rects"": ""1"", ""gpu_oom_backoffs"": ""0"", ""gpu_scratch_bytes"": ""130000000"", ""gpu_tiles"": ""1"", ""op"": ""preimage"", ""path"": ""ptrs""}",252,0,block_random,1024,2172,92136,ptrs
tile_sweep_publication,preimage,2d,dense,1,10,1,gpu_source,gpu_us,1,0,0,1,130000000,2,2,2,1000,1000,4,1,0,1.042465,/pscratch/sd/r/rchanani/realm/build_pm_deppart/tests/benchmark -ll:gpu 1 -ll:cpu 1 -ll:fsize 8192 -dp:workers 1 -dp:hpool 256 -nocheck -block_random -block_volume 1024 -dp:noisectopt -d1 2 -d2 2 preimage -n 1000 -e 1000 -p 1 -s 4 -f 1 -b 10,"{""buffer_size"": ""10"", ""cpu_us"": ""13065"", ""d1"": ""2"", ""d2"": ""2"", ""gpu_us"": ""2213"", ""num_edges"": ""1000"", ""num_nodes"": ""1000"", ""num_pieces"": ""1"", ""num_spaces"": ""4"", ""op"": ""preimage"", ""sparse_factor"": ""1""}","{""d1"": ""2"", ""d2"": ""2"", ""gpu_host_fallback"": ""0"", ""gpu_input_rects"": ""1"", ""gpu_oom_backoffs"": ""0"", ""gpu_scratch_bytes"": ""130000000"", ""gpu_tiles"": ""1"", ""op"": ""preimage"", ""path"": ""ptrs""}",253,1,block_random,1024,2213,13065,ptrs
tile_sweep_publication,preimage,2d,dense,1,15,1,cpu_source,cpu_us,1,0,0,1,194000000,2,2,2,1000,1000,4,1,0,1.140633,/pscratch/sd/r/rchanani/realm/build_pm_deppart/tests/benchmark -ll:gpu 1 -ll:cpu 1 -ll:fsize 8192 -dp:workers 1 -dp:hpool 256 -nocheck -block_random -block_volume 1024 -d1 2 -d2 2 preimage -n 1000 -e 1000 -p 1 -s 4 -f 1 -b 15,"{""buffer_size"": ""15"", ""cpu_us"": ""91894"", ""d1"": ""2"", ""d2"": ""2"", ""gpu_us"": ""2263"", ""num_edges"": ""1000"", ""num_nodes"": ""1000"", ""num_pieces"": ""1"", ""num_spaces"": ""4"", ""op"": ""preimage"", ""sparse_factor"": ""1""}","{""d1"": ""2"", ""d2"": ""2"", ""gpu_host_fallback"": ""0"", ""gpu_input_rects"": ""1"", ""gpu_oom_backoffs"": ""0"", ""gpu_scratch_bytes"": ""194000000"", ""gpu_tiles"": ""1"", ""op"": ""preimage"", ""path"": ""ptrs""}",254,2,block_random,1024,2263,91894,ptrs
tile_sweep_publication,preimage,2d,dense,1,15,1,gpu_source,gpu_us,1,0,0,1,194000000,2,2,2,1000,1000,4,1,0,0.917042,/pscratch/sd/r/rchanani/realm/build_pm_deppart/tests/benchmark -ll:gpu 1 -ll:cpu 1 -ll:fsize 8192 -dp:workers 1 -dp:hpool 256 -nocheck -block_random -block_volume 1024 -dp:noisectopt -d1 2 -d2 2 preimage -n 1000 -e 1000 -p 1 -s 4 -f 1 -b 15,"{""buffer_size"": ""15"", ""cpu_us"": ""12376"", ""d1"": ""2"", ""d2"": ""2"", ""gpu_us"": ""2231"", ""num_edges"": ""1000"", ""num_nodes"": ""1000"", ""num_pieces"": ""1"", ""num_spaces"": ""4"", ""op"": ""preimage"", ""sparse_factor"": ""1""}","{""d1"": ""2"", ""d2"": ""2"", ""gpu_host_fallback"": ""0"", ""gpu_input_rects"": ""1"", ""gpu_oom_backoffs"": ""0"", ""gpu_scratch_bytes"": ""194000000"", ""gpu_tiles"": ""1"", ""op"": ""preimage"", ""path"": ""ptrs""}",255,3,block_random,1024,2231,12376,ptrs
tile_sweep_publication,preimage,2d,dense,1,20,1,cpu_source,cpu_us,1,0,0,1,258000000,2,2,2,1000,1000,4,1,0,0.991455,/pscratch/sd/r/rchanani/realm/build_pm_deppart/tests/benchmark -ll:gpu 1 -ll:cpu 1 -ll:fsize 8192 -dp:workers 1 -dp:hpool 256 -nocheck -block_random -block_volume 1024 -d1 2 -d2 2 preimage -n 1000 -e 1000 -p 1 -s 4 -f 1 -b 20,"{""buffer_size"": ""20"", ""cpu_us"": ""91535"", ""d1"": ""2"", ""d2"": ""2"", ""gpu_us"": ""2136"", ""num_edges"": ""1000"", ""num_nodes"": ""1000"", ""num_pieces"": ""1"", ""num_spaces"": ""4"", ""op"": ""preimage"", ""sparse_factor"": ""1""}","{""d1"": ""2"", ""d2"": ""2"", ""gpu_host_fallback"": ""0"", ""gpu_input_rects"": ""1"", ""gpu_oom_backoffs"": ""0"", ""gpu_scratch_bytes"": ""258000000"", ""gpu_tiles"": ""1"", ""op"": ""preimage"", ""path"": ""ptrs""}",256,0,block_random,1024,2136,91535,ptrs
tile_sweep_publication,preimage,2d,dense,1,20,1,gpu_source,gpu_us,1,0,0,1,258000000,2,2,2,1000,1000,4,1,0,1.074956,/pscratch/sd/r/rchanani/realm/build_pm_deppart/tests/benchmark -ll:gpu 1 -ll:cpu 1 -ll:fsize 8192 -dp:workers 1 -dp:hpool 256 -nocheck -block_random -block_volume 1024 -dp:noisectopt -d1 2 -d2 2 preimage -n 1000 -e 1000 -p 1 -s 4 -f 1 -b 20,"{""buffer_size"": ""20"", ""cpu_us"": ""12123"", ""d1"": ""2"", ""d2"": ""2"", ""gpu_us"": ""2117"", ""num_edges"": ""1000"", ""num_nodes"": ""1000"", ""num_pieces"": ""1"", ""num_spaces"": ""4"", ""op"": ""preimage"", ""sparse_factor"": ""1""}","{""d1"": ""2"", ""d2"": ""2"", ""gpu_host_fallback"": ""0"", ""gpu_input_rects"": ""1"", ""gpu_oom_backoffs"": ""0"", ""gpu_scratch_bytes"": ""258000000"", ""gpu_tiles"": ""1"", ""op"": ""preimage"", ""path"": ""ptrs""}",257,1,block_random,1024,2117,12123,ptrs
tile_sweep_publication,preimage,2d,dense,1,25,1,cpu_source,cpu_us,1,0,0,1,322000000,2,2,2,1000,1000,4,1,0,1.321384,/pscratch/sd/r/rchanani/realm/build_pm_deppart/tests/benchmark -ll:gpu 1 -ll:cpu 1 -ll:fsize 8192 -dp:workers 1 -dp:hpool 256 -nocheck -block_random -block_volume 1024 -d1 2 -d2 2 preimage -n 1000 -e 1000 -p 1 -s 4 -f 1 -b 25,"{""buffer_size"": ""25"", ""cpu_us"": ""91067"", ""d1"": ""2"", ""d2"": ""2"", ""gpu_us"": ""2058"", ""num_edges"": ""1000"", ""num_nodes"": ""1000"", ""num_pieces"": ""1"", ""num_spaces"": ""4"", ""op"": ""preimage"", ""sparse_factor"": ""1""}","{""d1"": ""2"", ""d2"": ""2"", ""gpu_host_fallback"": ""0"", ""gpu_input_rects"": ""1"", ""gpu_oom_backoffs"": ""0"", ""gpu_scratch_bytes"": ""322000000"", ""gpu_tiles"": ""1"", ""op"": ""preimage"", ""path"": ""ptrs""}",258,2,block_random,1024,2058,91067,ptrs
tile_sweep_publication,preimage,2d,dense,1,25,1,gpu_source,gpu_us,1,0,0,1,322000000,2,2,2,1000,1000,4,1,0,0.907284,/pscratch/sd/r/rchanani/realm/build_pm_deppart/tests/benchmark -ll:gpu 1 -ll:cpu 1 -ll:fsize 8192 -dp:workers 1 -dp:hpool 256 -nocheck -block_random -block_volume 1024 -dp:noisectopt -d1 2 -d2 2 preimage -n 1000 -e 1000 -p 1 -s 4 -f 1 -b 25,"{""buffer_size"": ""25"", ""cpu_us"": ""12297"", ""d1"": ""2"", ""d2"": ""2"", ""gpu_us"": ""2176"", ""num_edges"": ""1000"", ""num_nodes"": ""1000"", ""num_pieces"": ""1"", ""num_spaces"": ""4"", ""op"": ""preimage"", ""sparse_factor"": ""1""}","{""d1"": ""2"", ""d2"": ""2"", ""gpu_host_fallback"": ""0"", ""gpu_input_rects"": ""1"", ""gpu_oom_backoffs"": ""0"", ""gpu_scratch_bytes"": ""322000000"", ""gpu_tiles"": ""1"", ""op"": ""preimage"", ""path"": ""ptrs""}",259,3,block_random,1024,2176,12297,ptrs
tile_sweep_publication,preimage,2d,dense,1,30,1,cpu_source,cpu_us,1,0,0,1,386000000,2,2,2,1000,1000,4,1,0,1.001237,/pscratch/sd/r/rchanani/realm/build_pm_deppart/tests/benchmark -ll:gpu 1 -ll:cpu 1 -ll:fsize 8192 -dp:workers 1 -dp:hpool 256 -nocheck -block_random -block_volume 1024 -d1 2 -d2 2 preimage -n 1000 -e 1000 -p 1 -s 4 -f 1 -b 30,"{""buffer_size"": ""30"", ""cpu_us"": ""92303"", ""d1"": ""2"", ""d2"": ""2"", ""gpu_us"": ""2160"", ""num_edges"": ""1000"", ""num_nodes"": ""1000"", ""num_pieces"": ""1"", ""num_spaces"": ""4"", ""op"": ""preimage"", ""sparse_factor"": ""1""}","{""d1"": ""2"", ""d2"": ""2"", ""gpu_host_fallback"": ""0"", ""gpu_input_rects"": ""1"", ""gpu_oom_backoffs"": ""0"", ""gpu_scratch_bytes"": ""386000000"", ""gpu_tiles"": ""1"", ""op"": ""preimage"", ""path"": ""ptrs""}",260,0,block_random,1024,2160,92303,ptrs
tile_sweep_publication,preimage,2d,dense,1,30,1,gpu_source,gpu_us,1,0,0,1,386000000,2,2,2,1000,1000,4,1,0,1.023859,/pscratch/sd/r/rchanani/realm/build_pm_deppart/tests/benchmark -ll:gpu 1 -ll:cpu 1 -ll:fsize 8192 -dp:workers 1 -dp:hpool 256 -nocheck -block_random -block_volume 1024 -dp:noisectopt -d1 2 -d2 2 preimage -n 1000 -e 1000 -p 1 -s 4 -f 1 -b 30,"{""buffer_size"": ""30"", ""cpu_us"": ""12901"", ""d1"": ""2"", ""d2"": ""2"", ""gpu_us"": ""2100"", ""num_edges"": ""1000"", ""num_nodes"": ""1000"", ""num_pieces"": ""1"", ""num_spaces"": ""4"", ""op"": ""preimage"", ""sparse_factor"": ""1""}","{""d1"": ""2"", ""d2"": ""2"", ""gpu_host_fallback"": ""0"", ""gpu_input_rects"": ""1"", ""gpu_oom_backoffs"": ""0"", ""gpu_scratch_bytes"": ""386000000"", ""gpu_tiles"": ""1"", ""op"": ""preimage"", ""path"": ""ptrs""}",261,1,block_random,1024,2100,12901,ptrs
tile_sweep_publication,preimage,2d,dense,1,40,1,cpu_source,cpu_us,1,0,0,1,514000000,2,2,2,1000,1000,4,1,0,1.139727,/pscratch/sd/r/rchanani/realm/build_pm_deppart/tests/benchmark -ll:gpu 1 -ll:cpu 1 -ll:fsize 8192 -dp:workers 1 -dp:hpool 256 -nocheck -block_random -block_volume 1024 -d1 2 -d2 2 preimage -n 1000 -e 1000 -p 1 -s 4 -f 1 -b 40,"{""buffer_size"": ""40"", ""cpu_us"": ""91403"", ""d1"": ""2"", ""d2"": ""2"", ""gpu_us"": ""2041"", ""num_edges"": ""1000"", ""num_nodes"": ""1000"", ""num_pieces"": ""1"", ""num_spaces"": ""4"", ""op"": ""preimage"", ""sparse_factor"": ""1""}","{""d1"": ""2"", ""d2"": ""2"", ""gpu_host_fallback"": ""0"", ""gpu_input_rects"": ""1"", ""gpu_oom_backoffs"": ""0"", ""gpu_scratch_bytes"": ""514000000"", ""gpu_tiles"": ""1"", ""op"": ""preimage"", ""path"": ""ptrs""}",262,2,block_random,1024,2041,91403,ptrs
tile_sweep_publication,preimage,2d,dense,1,40,1,gpu_source,gpu_us,1,0,0,1,514000000,2,2,2,1000,1000,4,1,0,0.905686,/pscratch/sd/r/rchanani/realm/build_pm_deppart/tests/benchmark -ll:gpu 1 -ll:cpu 1 -ll:fsize 8192 -dp:workers 1 -dp:hpool 256 -nocheck -block_random -block_volume 1024 -dp:noisectopt -d1 2 -d2 2 preimage -n 1000 -e 1000 -p 1 -s 4 -f 1 -b 40,"{""buffer_size"": ""40"", ""cpu_us"": ""12438"", ""d1"": ""2"", ""d2"": ""2"", ""gpu_us"": ""2218"", ""num_edges"": ""1000"", ""num_nodes"": ""1000"", ""num_pieces"": ""1"", ""num_spaces"": ""4"", ""op"": ""preimage"", ""sparse_factor"": ""1""}","{""d1"": ""2"", ""d2"": ""2"", ""gpu_host_fallback"": ""0"", ""gpu_input_rects"": ""1"", ""gpu_oom_backoffs"": ""0"", ""gpu_scratch_bytes"": ""514000000"", ""gpu_tiles"": ""1"", ""op"": ""preimage"", ""path"": ""ptrs""}",263,3,block_random,1024,2218,12438,ptrs
tile_sweep_publication,preimage,2d,dense,1,50,1,cpu_source,cpu_us,1,0,0,1,642000000,2,2,2,1000,1000,4,1,0,0.999795,/pscratch/sd/r/rchanani/realm/build_pm_deppart/tests/benchmark -ll:gpu 1 -ll:cpu 1 -ll:fsize 8192 -dp:workers 1 -dp:hpool 256 -nocheck -block_random -block_volume 1024 -d1 2 -d2 2 preimage -n 1000 -e 1000 -p 1 -s 4 -f 1 -b 50,"{""buffer_size"": ""50"", ""cpu_us"": ""91359"", ""d1"": ""2"", ""d2"": ""2"", ""gpu_us"": ""2140"", ""num_edges"": ""1000"", ""num_nodes"": ""1000"", ""num_pieces"": ""1"", ""num_spaces"": ""4"", ""op"": ""preimage"", ""sparse_factor"": ""1""}","{""d1"": ""2"", ""d2"": ""2"", ""gpu_host_fallback"": ""0"", ""gpu_input_rects"": ""1"", ""gpu_oom_backoffs"": ""0"", ""gpu_scratch_bytes"": ""642000000"", ""gpu_tiles"": ""1"", ""op"": ""preimage"", ""path"": ""ptrs""}",264,0,block_random,1024,2140,91359,ptrs
tile_sweep_publication,preimage,2d,dense,1,50,1,gpu_source,gpu_us,1,0,0,1,642000000,2,2,2,1000,1000,4,1,0,1.074686,/pscratch/sd/r/rchanani/realm/build_pm_deppart/tests/benchmark -ll:gpu 1 -ll:cpu 1 -ll:fsize 8192 -dp:workers 1 -dp:hpool 256 -nocheck -block_random -block_volume 1024 -dp:noisectopt -d1 2 -d2 2 preimage -n 1000 -e 1000 -p 1 -s 4 -f 1 -b 50,"{""buffer_size"": ""50"", ""cpu_us"": ""12592"", ""d1"": ""2"", ""d2"": ""2"", ""gpu_us"": ""2113"", ""num_edges"": ""1000"", ""num_nodes"": ""1000"", ""num_pieces"": ""1"", ""num_spaces"": ""4"", ""op"": ""preimage"", ""sparse_factor"": ""1""}","{""d1"": ""2"", ""d2"": ""2"", ""gpu_host_fallback"": ""0"", ""gpu_input_rects"": ""1"", ""gpu_oom_backoffs"": ""0"", ""gpu_scratch_bytes"": ""642000000"", ""gpu_tiles"": ""1"", ""op"": ""preimage"", ""path"": ""ptrs""}",265,1,block_random,1024,2113,12592,ptrs
tile_sweep_publication,preimage,2d,dense,1,75,1,cpu_source,cpu_us,1,0,0,1,962000000,2,2,2,1000,1000,4,1,0,1.262322,/pscratch/sd/r/rchanani/realm/build_pm_deppart/tests/benchmark -ll:gpu 1 -ll:cpu 1 -ll:fsize 8192 -dp:workers 1 -dp:hpool 256 -nocheck -block_random -block_volume 1024 -d1 2 -d2 2 preimage -n 1000 -e 1000 -p 1 -s 4 -f 1 -b 75,"{""buffer_size"": ""75"", ""cpu_us"": ""92267"", ""d1"": ""2"", ""d2"": ""2"", ""gpu_us"": ""2050"", ""num_edges"": ""1000"", ""num_nodes"": ""1000"", ""num_pieces"": ""1"", ""num_spaces"": ""4"", ""op"": ""preimage"", ""sparse_factor"": ""1""}","{""d1"": ""2"", ""d2"": ""2"", ""gpu_host_fallback"": ""0"", ""gpu_input_rects"": ""1"", ""gpu_oom_backoffs"": ""0"", ""gpu_scratch_bytes"": ""962000000"", ""gpu_tiles"": ""1"", ""op"": ""preimage"", ""path"": ""ptrs""}",266,2,block_random,1024,2050,92267,ptrs
tile_sweep_publication,preimage,2d,dense,1,75,1,gpu_source,gpu_us,1,0,0,1,962000000,2,2,2,1000,1000,4,1,0,0.912719,/pscratch/sd/r/rchanani/realm/build_pm_deppart/tests/benchmark -ll:gpu 1 -ll:cpu 1 -ll:fsize 8192 -dp:workers 1 -dp:hpool 256 -nocheck -block_random -block_volume 1024 -dp:noisectopt -d1 2 -d2 2 preimage -n 1000 -e 1000 -p 1 -s 4 -f 1 -b 75,"{""buffer_size"": ""75"", ""cpu_us"": ""12157"", ""d1"": ""2"", ""d2"": ""2"", ""gpu_us"": ""2171"", ""num_edges"": ""1000"", ""num_nodes"": ""1000"", ""num_pieces"": ""1"", ""num_spaces"": ""4"", ""op"": ""preimage"", ""sparse_factor"": ""1""}","{""d1"": ""2"", ""d2"": ""2"", ""gpu_host_fallback"": ""0"", ""gpu_input_rects"": ""1"", ""gpu_oom_backoffs"": ""0"", ""gpu_scratch_bytes"": ""962000000"", ""gpu_tiles"": ""1"", ""op"": ""preimage"", ""path"": ""ptrs""}",267,3,block_random,1024,2171,12157,ptrs
tile_sweep_publication,preimage,2d,dense,1,100,1,cpu_source,cpu_us,1,0,0,1,1282000000,2,2,2,1000,1000,4,1,0,1.016921,/pscratch/sd/r/rchanani/realm/build_pm_deppart/tests/benchmark -ll:gpu 1 -ll:cpu 1 -ll:fsize 8192 -dp:workers 1 -dp:hpool 256 -nocheck -block_random -block_volume 1024 -d1 2 -d2 2 preimage -n 1000 -e 1000 -p 1 -s 4 -f 1 -b 100,"{""buffer_size"": ""100"", ""cpu_us"": ""91216"", ""d1"": ""2"", ""d2"": ""2"", ""gpu_us"": ""2223"", ""num_edges"": ""1000"", ""num_nodes"": ""1000"", ""num_pieces"": ""1"", ""num_spaces"": ""4"", ""op"": ""preimage"", ""sparse_factor"": ""1""}","{""d1"": ""2"", ""d2"": ""2"", ""gpu_host_fallback"": ""0"", ""gpu_input_rects"": ""1"", ""gpu_oom_backoffs"": ""0"", ""gpu_scratch_bytes"": ""1282000000"", ""gpu_tiles"": ""1"", ""op"": ""preimage"", ""path"": ""ptrs""}",268,0,block_random,1024,2223,91216,ptrs
tile_sweep_publication,preimage,2d,dense,1,100,1,gpu_source,gpu_us,1,0,0,1,1282000000,2,2,2,1000,1000,4,1,0,1.049667,/pscratch/sd/r/rchanani/realm/build_pm_deppart/tests/benchmark -ll:gpu 1 -ll:cpu 1 -ll:fsize 8192 -dp:workers 1 -dp:hpool 256 -nocheck -block_random -block_volume 1024 -dp:noisectopt -d1 2 -d2 2 preimage -n 1000 -e 1000 -p 1 -s 4 -f 1 -b 100,"{""buffer_size"": ""100"", ""cpu_us"": ""13067"", ""d1"": ""2"", ""d2"": ""2"", ""gpu_us"": ""2158"", ""num_edges"": ""1000"", ""num_nodes"": ""1000"", ""num_pieces"": ""1"", ""num_spaces"": ""4"", ""op"": ""preimage"", ""sparse_factor"": ""1""}","{""d1"": ""2"", ""d2"": ""2"", ""gpu_host_fallback"": ""0"", ""gpu_input_rects"": ""1"", ""gpu_oom_backoffs"": ""0"", ""gpu_scratch_bytes"": ""1282000000"", ""gpu_tiles"": ""1"", ""op"": ""preimage"", ""path"": ""ptrs""}",269,1,block_random,1024,2158,13067,ptrs
tile_sweep_publication,preimage,2d,sparse,5,1,1,cpu_source,cpu_us,1,0,0,1,31744128,2,2,2,1000,1000,4,1,0,1.959212,/pscratch/sd/r/rchanani/realm/build_pm_deppart/tests/benchmark -ll:gpu 1 -ll:cpu 1 -ll:fsize 8192 -dp:workers 1 -dp:hpool 256 -nocheck -block_random -block_volume 1024 -d1 2 -d2 2 preimage -n 1000 -e 1000 -p 1 -s 4 -f 5 -b 1,"{""buffer_size"": ""1"", ""cpu_us"": ""659976"", ""d1"": ""2"", ""d2"": ""2"", ""gpu_us"": ""3873"", ""num_edges"": ""1000"", ""num_nodes"": ""1000"", ""num_pieces"": ""1"", ""num_spaces"": ""4"", ""op"": ""preimage"", ""sparse_factor"": ""5""}","{""d1"": ""2"", ""d2"": ""2"", ""gpu_host_fallback"": ""0"", ""gpu_input_rects"": ""1"", ""gpu_oom_backoffs"": ""0"", ""gpu_scratch_bytes"": ""31744128"", ""gpu_tiles"": ""1"", ""op"": ""preimage"", ""path"": ""ptrs""}",270,2,block_random,1024,3873,659976,ptrs
tile_sweep_publication,preimage,2d,sparse,5,1,1,gpu_source,gpu_us,1,0,0,1,31744128,2,2,2,1000,1000,4,1,0,1.566239,/pscratch/sd/r/rchanani/realm/build_pm_deppart/tests/benchmark -ll:gpu 1 -ll:cpu 1 -ll:fsize 8192 -dp:workers 1 -dp:hpool 256 -nocheck -block_random -block_volume 1024 -dp:noisectopt -d1 2 -d2 2 preimage -n 1000 -e 1000 -p 1 -s 4 -f 5 -b 1,"{""buffer_size"": ""1"", ""cpu_us"": ""581459"", ""d1"": ""2"", ""d2"": ""2"", ""gpu_us"": ""4158"", ""num_edges"": ""1000"", ""num_nodes"": ""1000"", ""num_pieces"": ""1"", ""num_spaces"": ""4"", ""op"": ""preimage"", ""sparse_factor"": ""5""}","{""d1"": ""2"", ""d2"": ""2"", ""gpu_host_fallback"": ""0"", ""gpu_input_rects"": ""1"", ""gpu_oom_backoffs"": ""0"", ""gpu_scratch_bytes"": ""31744128"", ""gpu_tiles"": ""1"", ""op"": ""preimage"", ""path"": ""ptrs""}",271,3,block_random,1024,4158,581459,ptrs
tile_sweep_publication,preimage,2d,sparse,5,2,1,cpu_source,cpu_us,1,0,0,1,44544128,2,2,2,1000,1000,4,1,0,1.640050,/pscratch/sd/r/rchanani/realm/build_pm_deppart/tests/benchmark -ll:gpu 1 -ll:cpu 1 -ll:fsize 8192 -dp:workers 1 -dp:hpool 256 -nocheck -block_random -block_volume 1024 -d1 2 -d2 2 preimage -n 1000 -e 1000 -p 1 -s 4 -f 5 -b 2,"{""buffer_size"": ""2"", ""cpu_us"": ""665337"", ""d1"": ""2"", ""d2"": ""2"", ""gpu_us"": ""4271"", ""num_edges"": ""1000"", ""num_nodes"": ""1000"", ""num_pieces"": ""1"", ""num_spaces"": ""4"", ""op"": ""preimage"", ""sparse_factor"": ""5""}","{""d1"": ""2"", ""d2"": ""2"", ""gpu_host_fallback"": ""0"", ""gpu_input_rects"": ""1"", ""gpu_oom_backoffs"": ""0"", ""gpu_scratch_bytes"": ""44544128"", ""gpu_tiles"": ""1"", ""op"": ""preimage"", ""path"": ""ptrs""}",272,0,block_random,1024,4271,665337,ptrs
tile_sweep_publication,preimage,2d,sparse,5,2,1,gpu_source,gpu_us,1,0,0,1,44544128,2,2,2,1000,1000,4,1,0,1.777302,/pscratch/sd/r/rchanani/realm/build_pm_deppart/tests/benchmark -ll:gpu 1 -ll:cpu 1 -ll:fsize 8192 -dp:workers 1 -dp:hpool 256 -nocheck -block_random -block_volume 1024 -dp:noisectopt -d1 2 -d2 2 preimage -n 1000 -e 1000 -p 1 -s 4 -f 5 -b 2,"{""buffer_size"": ""2"", ""cpu_us"": ""608092"", ""d1"": ""2"", ""d2"": ""2"", ""gpu_us"": ""3549"", ""num_edges"": ""1000"", ""num_nodes"": ""1000"", ""num_pieces"": ""1"", ""num_spaces"": ""4"", ""op"": ""preimage"", ""sparse_factor"": ""5""}","{""d1"": ""2"", ""d2"": ""2"", ""gpu_host_fallback"": ""0"", ""gpu_input_rects"": ""1"", ""gpu_oom_backoffs"": ""0"", ""gpu_scratch_bytes"": ""44544128"", ""gpu_tiles"": ""1"", ""op"": ""preimage"", ""path"": ""ptrs""}",273,1,block_random,1024,3549,608092,ptrs
tile_sweep_publication,preimage,2d,sparse,5,3,1,cpu_source,cpu_us,1,0,0,1,57344128,2,2,2,1000,1000,4,1,0,1.931509,/pscratch/sd/r/rchanani/realm/build_pm_deppart/tests/benchmark -ll:gpu 1 -ll:cpu 1 -ll:fsize 8192 -dp:workers 1 -dp:hpool 256 -nocheck -block_random -block_volume 1024 -d1 2 -d2 2 preimage -n 1000 -e 1000 -p 1 -s 4 -f 5 -b 3,"{""buffer_size"": ""3"", ""cpu_us"": ""651146"", ""d1"": ""2"", ""d2"": ""2"", ""gpu_us"": ""3344"", ""num_edges"": ""1000"", ""num_nodes"": ""1000"", ""num_pieces"": ""1"", ""num_spaces"": ""4"", ""op"": ""preimage"", ""sparse_factor"": ""5""}","{""d1"": ""2"", ""d2"": ""2"", ""gpu_host_fallback"": ""0"", ""gpu_input_rects"": ""1"", ""gpu_oom_backoffs"": ""0"", ""gpu_scratch_bytes"": ""57344128"", ""gpu_tiles"": ""1"", ""op"": ""preimage"", ""path"": ""ptrs""}",274,2,block_random,1024,3344,651146,ptrs
tile_sweep_publication,preimage,2d,sparse,5,3,1,gpu_source,gpu_us,1,0,0,1,57344128,2,2,2,1000,1000,4,1,0,1.562690,/pscratch/sd/r/rchanani/realm/build_pm_deppart/tests/benchmark -ll:gpu 1 -ll:cpu 1 -ll:fsize 8192 -dp:workers 1 -dp:hpool 256 -nocheck -block_random -block_volume 1024 -dp:noisectopt -d1 2 -d2 2 preimage -n 1000 -e 1000 -p 1 -s 4 -f 5 -b 3,"{""buffer_size"": ""3"", ""cpu_us"": ""579960"", ""d1"": ""2"", ""d2"": ""2"", ""gpu_us"": ""4015"", ""num_edges"": ""1000"", ""num_nodes"": ""1000"", ""num_pieces"": ""1"", ""num_spaces"": ""4"", ""op"": ""preimage"", ""sparse_factor"": ""5""}","{""d1"": ""2"", ""d2"": ""2"", ""gpu_host_fallback"": ""0"", ""gpu_input_rects"": ""1"", ""gpu_oom_backoffs"": ""0"", ""gpu_scratch_bytes"": ""57344128"", ""gpu_tiles"": ""1"", ""op"": ""preimage"", ""path"": ""ptrs""}",275,3,block_random,1024,4015,579960,ptrs
tile_sweep_publication,preimage,2d,sparse,5,4,1,cpu_source,cpu_us,1,0,0,1,70144128,2,2,2,1000,1000,4,1,0,1.641483,/pscratch/sd/r/rchanani/realm/build_pm_deppart/tests/benchmark -ll:gpu 1 -ll:cpu 1 -ll:fsize 8192 -dp:workers 1 -dp:hpool 256 -nocheck -block_random -block_volume 1024 -d1 2 -d2 2 preimage -n 1000 -e 1000 -p 1 -s 4 -f 5 -b 4,"{""buffer_size"": ""4"", ""cpu_us"": ""653839"", ""d1"": ""2"", ""d2"": ""2"", ""gpu_us"": ""3711"", ""num_edges"": ""1000"", ""num_nodes"": ""1000"", ""num_pieces"": ""1"", ""num_spaces"": ""4"", ""op"": ""preimage"", ""sparse_factor"": ""5""}","{""d1"": ""2"", ""d2"": ""2"", ""gpu_host_fallback"": ""0"", ""gpu_input_rects"": ""1"", ""gpu_oom_backoffs"": ""0"", ""gpu_scratch_bytes"": ""70144128"", ""gpu_tiles"": ""1"", ""op"": ""preimage"", ""path"": ""ptrs""}",276,0,block_random,1024,3711,653839,ptrs
tile_sweep_publication,preimage,2d,sparse,5,4,1,gpu_source,gpu_us,1,0,0,1,70144128,2,2,2,1000,1000,4,1,0,1.860153,/pscratch/sd/r/rchanani/realm/build_pm_deppart/tests/benchmark -ll:gpu 1 -ll:cpu 1 -ll:fsize 8192 -dp:workers 1 -dp:hpool 256 -nocheck -block_random -block_volume 1024 -dp:noisectopt -d1 2 -d2 2 preimage -n 1000 -e 1000 -p 1 -s 4 -f 5 -b 4,"{""buffer_size"": ""4"", ""cpu_us"": ""587651"", ""d1"": ""2"", ""d2"": ""2"", ""gpu_us"": ""3477"", ""num_edges"": ""1000"", ""num_nodes"": ""1000"", ""num_pieces"": ""1"", ""num_spaces"": ""4"", ""op"": ""preimage"", ""sparse_factor"": ""5""}","{""d1"": ""2"", ""d2"": ""2"", ""gpu_host_fallback"": ""0"", ""gpu_input_rects"": ""1"", ""gpu_oom_backoffs"": ""0"", ""gpu_scratch_bytes"": ""70144128"", ""gpu_tiles"": ""1"", ""op"": ""preimage"", ""path"": ""ptrs""}",277,1,block_random,1024,3477,587651,ptrs
tile_sweep_publication,preimage,2d,sparse,5,5,1,cpu_source,cpu_us,1,0,0,1,82944128,2,2,2,1000,1000,4,1,0,1.915058,/pscratch/sd/r/rchanani/realm/build_pm_deppart/tests/benchmark -ll:gpu 1 -ll:cpu 1 -ll:fsize 8192 -dp:workers 1 -dp:hpool 256 -nocheck -block_random -block_volume 1024 -d1 2 -d2 2 preimage -n 1000 -e 1000 -p 1 -s 4 -f 5 -b 5,"{""buffer_size"": ""5"", ""cpu_us"": ""667356"", ""d1"": ""2"", ""d2"": ""2"", ""gpu_us"": ""3714"", ""num_edges"": ""1000"", ""num_nodes"": ""1000"", ""num_pieces"": ""1"", ""num_spaces"": ""4"", ""op"": ""preimage"", ""sparse_factor"": ""5""}","{""d1"": ""2"", ""d2"": ""2"", ""gpu_host_fallback"": ""0"", ""gpu_input_rects"": ""1"", ""gpu_oom_backoffs"": ""0"", ""gpu_scratch_bytes"": ""82944128"", ""gpu_tiles"": ""1"", ""op"": ""preimage"", ""path"": ""ptrs""}",278,2,block_random,1024,3714,667356,ptrs
tile_sweep_publication,preimage,2d,sparse,5,5,1,gpu_source,gpu_us,1,0,0,1,82944128,2,2,2,1000,1000,4,1,0,1.555458,/pscratch/sd/r/rchanani/realm/build_pm_deppart/tests/benchmark -ll:gpu 1 -ll:cpu 1 -ll:fsize 8192 -dp:workers 1 -dp:hpool 256 -nocheck -block_random -block_volume 1024 -dp:noisectopt -d1 2 -d2 2 preimage -n 1000 -e 1000 -p 1 -s 4 -f 5 -b 5,"{""buffer_size"": ""5"", ""cpu_us"": ""574352"", ""d1"": ""2"", ""d2"": ""2"", ""gpu_us"": ""3982"", ""num_edges"": ""1000"", ""num_nodes"": ""1000"", ""num_pieces"": ""1"", ""num_spaces"": ""4"", ""op"": ""preimage"", ""sparse_factor"": ""5""}","{""d1"": ""2"", ""d2"": ""2"", ""gpu_host_fallback"": ""0"", ""gpu_input_rects"": ""1"", ""gpu_oom_backoffs"": ""0"", ""gpu_scratch_bytes"": ""82944128"", ""gpu_tiles"": ""1"", ""op"": ""preimage"", ""path"": ""ptrs""}",279,3,block_random,1024,3982,574352,ptrs
tile_sweep_publication,preimage,2d,sparse,5,7,1,cpu_source,cpu_us,1,0,0,1,108544128,2,2,2,1000,1000,4,1,0,1.682327,/pscratch/sd/r/rchanani/realm/build_pm_deppart/tests/benchmark -ll:gpu 1 -ll:cpu 1 -ll:fsize 8192 -dp:workers 1 -dp:hpool 256 -nocheck -block_random -block_volume 1024 -d1 2 -d2 2 preimage -n 1000 -e 1000 -p 1 -s 4 -f 5 -b 7,"{""buffer_size"": ""7"", ""cpu_us"": ""647870"", ""d1"": ""2"", ""d2"": ""2"", ""gpu_us"": ""3767"", ""num_edges"": ""1000"", ""num_nodes"": ""1000"", ""num_pieces"": ""1"", ""num_spaces"": ""4"", ""op"": ""preimage"", ""sparse_factor"": ""5""}","{""d1"": ""2"", ""d2"": ""2"", ""gpu_host_fallback"": ""0"", ""gpu_input_rects"": ""1"", ""gpu_oom_backoffs"": ""0"", ""gpu_scratch_bytes"": ""108544128"", ""gpu_tiles"": ""1"", ""op"": ""preimage"", ""path"": ""ptrs""}",280,0,block_random,1024,3767,647870,ptrs
tile_sweep_publication,preimage,2d,sparse,5,7,1,gpu_source,gpu_us,1,0,0,1,108544128,2,2,2,1000,1000,4,1,0,1.873413,/pscratch/sd/r/rchanani/realm/build_pm_deppart/tests/benchmark -ll:gpu 1 -ll:cpu 1 -ll:fsize 8192 -dp:workers 1 -dp:hpool 256 -nocheck -block_random -block_volume 1024 -dp:noisectopt -d1 2 -d2 2 preimage -n 1000 -e 1000 -p 1 -s 4 -f 5 -b 7,"{""buffer_size"": ""7"", ""cpu_us"": ""568203"", ""d1"": ""2"", ""d2"": ""2"", ""gpu_us"": ""3511"", ""num_edges"": ""1000"", ""num_nodes"": ""1000"", ""num_pieces"": ""1"", ""num_spaces"": ""4"", ""op"": ""preimage"", ""sparse_factor"": ""5""}","{""d1"": ""2"", ""d2"": ""2"", ""gpu_host_fallback"": ""0"", ""gpu_input_rects"": ""1"", ""gpu_oom_backoffs"": ""0"", ""gpu_scratch_bytes"": ""108544128"", ""gpu_tiles"": ""1"", ""op"": ""preimage"", ""path"": ""ptrs""}",281,1,block_random,1024,3511,568203,ptrs
tile_sweep_publication,preimage,2d,sparse,5,10,1,cpu_source,cpu_us,1,0,0,1,146944128,2,2,2,1000,1000,4,1,0,1.936021,/pscratch/sd/r/rchanani/realm/build_pm_deppart/tests/benchmark -ll:gpu 1 -ll:cpu 1 -ll:fsize 8192 -dp:workers 1 -dp:hpool 256 -nocheck -block_random -block_volume 1024 -d1 2 -d2 2 preimage -n 1000 -e 1000 -p 1 -s 4 -f 5 -b 10,"{""buffer_size"": ""10"", ""cpu_us"": ""665374"", ""d1"": ""2"", ""d2"": ""2"", ""gpu_us"": ""3448"", ""num_edges"": ""1000"", ""num_nodes"": ""1000"", ""num_pieces"": ""1"", ""num_spaces"": ""4"", ""op"": ""preimage"", ""sparse_factor"": ""5""}","{""d1"": ""2"", ""d2"": ""2"", ""gpu_host_fallback"": ""0"", ""gpu_input_rects"": ""1"", ""gpu_oom_backoffs"": ""0"", ""gpu_scratch_bytes"": ""146944128"", ""gpu_tiles"": ""1"", ""op"": ""preimage"", ""path"": ""ptrs""}",282,2,block_random,1024,3448,665374,ptrs
tile_sweep_publication,preimage,2d,sparse,5,10,1,gpu_source,gpu_us,1,0,0,1,146944128,2,2,2,1000,1000,4,1,0,1.572018,/pscratch/sd/r/rchanani/realm/build_pm_deppart/tests/benchmark -ll:gpu 1 -ll:cpu 1 -ll:fsize 8192 -dp:workers 1 -dp:hpool 256 -nocheck -block_random -block_volume 1024 -dp:noisectopt -d1 2 -d2 2 preimage -n 1000 -e 1000 -p 1 -s 4 -f 5 -b 10,"{""buffer_size"": ""10"", ""cpu_us"": ""590472"", ""d1"": ""2"", ""d2"": ""2"", ""gpu_us"": ""4192"", ""num_edges"": ""1000"", ""num_nodes"": ""1000"", ""num_pieces"": ""1"", ""num_spaces"": ""4"", ""op"": ""preimage"", ""sparse_factor"": ""5""}","{""d1"": ""2"", ""d2"": ""2"", ""gpu_host_fallback"": ""0"", ""gpu_input_rects"": ""1"", ""gpu_oom_backoffs"": ""0"", ""gpu_scratch_bytes"": ""146944128"", ""gpu_tiles"": ""1"", ""op"": ""preimage"", ""path"": ""ptrs""}",283,3,block_random,1024,4192,590472,ptrs
tile_sweep_publication,preimage,2d,sparse,5,15,1,cpu_source,cpu_us,1,0,0,1,210944128,2,2,2,1000,1000,4,1,0,1.626284,/pscratch/sd/r/rchanani/realm/build_pm_deppart/tests/benchmark -ll:gpu 1 -ll:cpu 1 -ll:fsize 8192 -dp:workers 1 -dp:hpool 256 -nocheck -block_random -block_volume 1024 -d1 2 -d2 2 preimage -n 1000 -e 1000 -p 1 -s 4 -f 5 -b 15,"{""buffer_size"": ""15"", ""cpu_us"": ""657184"", ""d1"": ""2"", ""d2"": ""2"", ""gpu_us"": ""3949"", ""num_edges"": ""1000"", ""num_nodes"": ""1000"", ""num_pieces"": ""1"", ""num_spaces"": ""4"", ""op"": ""preimage"", ""sparse_factor"": ""5""}","{""d1"": ""2"", ""d2"": ""2"", ""gpu_host_fallback"": ""0"", ""gpu_input_rects"": ""1"", ""gpu_oom_backoffs"": ""0"", ""gpu_scratch_bytes"": ""210944128"", ""gpu_tiles"": ""1"", ""op"": ""preimage"", ""path"": ""ptrs""}",284,0,block_random,1024,3949,657184,ptrs
tile_sweep_publication,preimage,2d,sparse,5,15,1,gpu_source,gpu_us,1,0,0,1,210944128,2,2,2,1000,1000,4,1,0,1.691053,/pscratch/sd/r/rchanani/realm/build_pm_deppart/tests/benchmark -ll:gpu 1 -ll:cpu 1 -ll:fsize 8192 -dp:workers 1 -dp:hpool 256 -nocheck -block_random -block_volume 1024 -dp:noisectopt -d1 2 -d2 2 preimage -n 1000 -e 1000 -p 1 -s 4 -f 5 -b 15,"{""buffer_size"": ""15"", ""cpu_us"": ""574437"", ""d1"": ""2"", ""d2"": ""2"", ""gpu_us"": ""4002"", ""num_edges"": ""1000"", ""num_nodes"": ""1000"", ""num_pieces"": ""1"", ""num_spaces"": ""4"", ""op"": ""preimage"", ""sparse_factor"": ""5""}","{""d1"": ""2"", ""d2"": ""2"", ""gpu_host_fallback"": ""0"", ""gpu_input_rects"": ""1"", ""gpu_oom_backoffs"": ""0"", ""gpu_scratch_bytes"": ""210944128"", ""gpu_tiles"": ""1"", ""op"": ""preimage"", ""path"": ""ptrs""}",285,1,block_random,1024,4002,574437,ptrs
tile_sweep_publication,preimage,2d,sparse,5,20,1,cpu_source,cpu_us,1,0,0,1,274944128,2,2,2,1000,1000,4,1,0,1.865039,/pscratch/sd/r/rchanani/realm/build_pm_deppart/tests/benchmark -ll:gpu 1 -ll:cpu 1 -ll:fsize 8192 -dp:workers 1 -dp:hpool 256 -nocheck -block_random -block_volume 1024 -d1 2 -d2 2 preimage -n 1000 -e 1000 -p 1 -s 4 -f 5 -b 20,"{""buffer_size"": ""20"", ""cpu_us"": ""662834"", ""d1"": ""2"", ""d2"": ""2"", ""gpu_us"": ""3746"", ""num_edges"": ""1000"", ""num_nodes"": ""1000"", ""num_pieces"": ""1"", ""num_spaces"": ""4"", ""op"": ""preimage"", ""sparse_factor"": ""5""}","{""d1"": ""2"", ""d2"": ""2"", ""gpu_host_fallback"": ""0"", ""gpu_input_rects"": ""1"", ""gpu_oom_backoffs"": ""0"", ""gpu_scratch_bytes"": ""274944128"", ""gpu_tiles"": ""1"", ""op"": ""preimage"", ""path"": ""ptrs""}",286,2,block_random,1024,3746,662834,ptrs
tile_sweep_publication,preimage,2d,sparse,5,20,1,gpu_source,gpu_us,1,0,0,1,274944128,2,2,2,1000,1000,4,1,0,1.572080,/pscratch/sd/r/rchanani/realm/build_pm_deppart/tests/benchmark -ll:gpu 1 -ll:cpu 1 -ll:fsize 8192 -dp:workers 1 -dp:hpool 256 -nocheck -block_random -block_volume 1024 -dp:noisectopt -d1 2 -d2 2 preimage -n 1000 -e 1000 -p 1 -s 4 -f 5 -b 20,"{""buffer_size"": ""20"", ""cpu_us"": ""577131"", ""d1"": ""2"", ""d2"": ""2"", ""gpu_us"": ""4115"", ""num_edges"": ""1000"", ""num_nodes"": ""1000"", ""num_pieces"": ""1"", ""num_spaces"": ""4"", ""op"": ""preimage"", ""sparse_factor"": ""5""}","{""d1"": ""2"", ""d2"": ""2"", ""gpu_host_fallback"": ""0"", ""gpu_input_rects"": ""1"", ""gpu_oom_backoffs"": ""0"", ""gpu_scratch_bytes"": ""274944128"", ""gpu_tiles"": ""1"", ""op"": ""preimage"", ""path"": ""ptrs""}",287,3,block_random,1024,4115,577131,ptrs
tile_sweep_publication,preimage,2d,sparse,5,25,1,cpu_source,cpu_us,1,0,0,1,338944128,2,2,2,1000,1000,4,1,0,1.672217,/pscratch/sd/r/rchanani/realm/build_pm_deppart/tests/benchmark -ll:gpu 1 -ll:cpu 1 -ll:fsize 8192 -dp:workers 1 -dp:hpool 256 -nocheck -block_random -block_volume 1024 -d1 2 -d2 2 preimage -n 1000 -e 1000 -p 1 -s 4 -f 5 -b 25,"{""buffer_size"": ""25"", ""cpu_us"": ""669147"", ""d1"": ""2"", ""d2"": ""2"", ""gpu_us"": ""4090"", ""num_edges"": ""1000"", ""num_nodes"": ""1000"", ""num_pieces"": ""1"", ""num_spaces"": ""4"", ""op"": ""preimage"", ""sparse_factor"": ""5""}","{""d1"": ""2"", ""d2"": ""2"", ""gpu_host_fallback"": ""0"", ""gpu_input_rects"": ""1"", ""gpu_oom_backoffs"": ""0"", ""gpu_scratch_bytes"": ""338944128"", ""gpu_tiles"": ""1"", ""op"": ""preimage"", ""path"": ""ptrs""}",288,0,block_random,1024,4090,669147,ptrs
tile_sweep_publication,preimage,2d,sparse,5,25,1,gpu_source,gpu_us,1,0,0,1,338944128,2,2,2,1000,1000,4,1,0,1.784962,/pscratch/sd/r/rchanani/realm/build_pm_deppart/tests/benchmark -ll:gpu 1 -ll:cpu 1 -ll:fsize 8192 -dp:workers 1 -dp:hpool 256 -nocheck -block_random -block_volume 1024 -dp:noisectopt -d1 2 -d2 2 preimage -n 1000 -e 1000 -p 1 -s 4 -f 5 -b 25,"{""buffer_size"": ""25"", ""cpu_us"": ""580097"", ""d1"": ""2"", ""d2"": ""2"", ""gpu_us"": ""3601"", ""num_edges"": ""1000"", ""num_nodes"": ""1000"", ""num_pieces"": ""1"", ""num_spaces"": ""4"", ""op"": ""preimage"", ""sparse_factor"": ""5""}","{""d1"": ""2"", ""d2"": ""2"", ""gpu_host_fallback"": ""0"", ""gpu_input_rects"": ""1"", ""gpu_oom_backoffs"": ""0"", ""gpu_scratch_bytes"": ""338944128"", ""gpu_tiles"": ""1"", ""op"": ""preimage"", ""path"": ""ptrs""}",289,1,block_random,1024,3601,580097,ptrs
tile_sweep_publication,preimage,2d,sparse,5,30,1,cpu_source,cpu_us,1,0,0,1,402944128,2,2,2,1000,1000,4,1,0,1.919572,/pscratch/sd/r/rchanani/realm/build_pm_deppart/tests/benchmark -ll:gpu 1 -ll:cpu 1 -ll:fsize 8192 -dp:workers 1 -dp:hpool 256 -nocheck -block_random -block_volume 1024 -d1 2 -d2 2 preimage -n 1000 -e 1000 -p 1 -s 4 -f 5 -b 30,"{""buffer_size"": ""30"", ""cpu_us"": ""654368"", ""d1"": ""2"", ""d2"": ""2"", ""gpu_us"": ""3505"", ""num_edges"": ""1000"", ""num_nodes"": ""1000"", ""num_pieces"": ""1"", ""num_spaces"": ""4"", ""op"": ""preimage"", ""sparse_factor"": ""5""}","{""d1"": ""2"", ""d2"": ""2"", ""gpu_host_fallback"": ""0"", ""gpu_input_rects"": ""1"", ""gpu_oom_backoffs"": ""0"", ""gpu_scratch_bytes"": ""402944128"", ""gpu_tiles"": ""1"", ""op"": ""preimage"", ""path"": ""ptrs""}",290,2,block_random,1024,3505,654368,ptrs
tile_sweep_publication,preimage,2d,sparse,5,30,1,gpu_source,gpu_us,1,0,0,1,402944128,2,2,2,1000,1000,4,1,0,1.573587,/pscratch/sd/r/rchanani/realm/build_pm_deppart/tests/benchmark -ll:gpu 1 -ll:cpu 1 -ll:fsize 8192 -dp:workers 1 -dp:hpool 256 -nocheck -block_random -block_volume 1024 -dp:noisectopt -d1 2 -d2 2 preimage -n 1000 -e 1000 -p 1 -s 4 -f 5 -b 30,"{""buffer_size"": ""30"", ""cpu_us"": ""587375"", ""d1"": ""2"", ""d2"": ""2"", ""gpu_us"": ""4053"", ""num_edges"": ""1000"", ""num_nodes"": ""1000"", ""num_pieces"": ""1"", ""num_spaces"": ""4"", ""op"": ""preimage"", ""sparse_factor"": ""5""}","{""d1"": ""2"", ""d2"": ""2"", ""gpu_host_fallback"": ""0"", ""gpu_input_rects"": ""1"", ""gpu_oom_backoffs"": ""0"", ""gpu_scratch_bytes"": ""402944128"", ""gpu_tiles"": ""1"", ""op"": ""preimage"", ""path"": ""ptrs""}",291,3,block_random,1024,4053,587375,ptrs
tile_sweep_publication,preimage,2d,sparse,5,40,1,cpu_source,cpu_us,1,0,0,1,530944128,2,2,2,1000,1000,4,1,0,1.629504,/pscratch/sd/r/rchanani/realm/build_pm_deppart/tests/benchmark -ll:gpu 1 -ll:cpu 1 -ll:fsize 8192 -dp:workers 1 -dp:hpool 256 -nocheck -block_random -block_volume 1024 -d1 2 -d2 2 preimage -n 1000 -e 1000 -p 1 -s 4 -f 5 -b 40,"{""buffer_size"": ""40"", ""cpu_us"": ""654307"", ""d1"": ""2"", ""d2"": ""2"", ""gpu_us"": ""3950"", ""num_edges"": ""1000"", ""num_nodes"": ""1000"", ""num_pieces"": ""1"", ""num_spaces"": ""4"", ""op"": ""preimage"", ""sparse_factor"": ""5""}","{""d1"": ""2"", ""d2"": ""2"", ""gpu_host_fallback"": ""0"", ""gpu_input_rects"": ""1"", ""gpu_oom_backoffs"": ""0"", ""gpu_scratch_bytes"": ""530944128"", ""gpu_tiles"": ""1"", ""op"": ""preimage"", ""path"": ""ptrs""}",292,0,block_random,1024,3950,654307,ptrs
tile_sweep_publication,preimage,2d,sparse,5,40,1,gpu_source,gpu_us,1,0,0,1,530944128,2,2,2,1000,1000,4,1,0,1.727109,/pscratch/sd/r/rchanani/realm/build_pm_deppart/tests/benchmark -ll:gpu 1 -ll:cpu 1 -ll:fsize 8192 -dp:workers 1 -dp:hpool 256 -nocheck -block_random -block_volume 1024 -dp:noisectopt -d1 2 -d2 2 preimage -n 1000 -e 1000 -p 1 -s 4 -f 5 -b 40,"{""buffer_size"": ""40"", ""cpu_us"": ""590253"", ""d1"": ""2"", ""d2"": ""2"", ""gpu_us"": ""3533"", ""num_edges"": ""1000"", ""num_nodes"": ""1000"", ""num_pieces"": ""1"", ""num_spaces"": ""4"", ""op"": ""preimage"", ""sparse_factor"": ""5""}","{""d1"": ""2"", ""d2"": ""2"", ""gpu_host_fallback"": ""0"", ""gpu_input_rects"": ""1"", ""gpu_oom_backoffs"": ""0"", ""gpu_scratch_bytes"": ""530944128"", ""gpu_tiles"": ""1"", ""op"": ""preimage"", ""path"": ""ptrs""}",293,1,block_random,1024,3533,590253,ptrs
tile_sweep_publication,preimage,2d,sparse,5,50,1,cpu_source,cpu_us,1,0,0,1,658944128,2,2,2,1000,1000,4,1,0,1.894360,/pscratch/sd/r/rchanani/realm/build_pm_deppart/tests/benchmark -ll:gpu 1 -ll:cpu 1 -ll:fsize 8192 -dp:workers 1 -dp:hpool 256 -nocheck -block_random -block_volume 1024 -d1 2 -d2 2 preimage -n 1000 -e 1000 -p 1 -s 4 -f 5 -b 50,"{""buffer_size"": ""50"", ""cpu_us"": ""661140"", ""d1"": ""2"", ""d2"": ""2"", ""gpu_us"": ""3759"", ""num_edges"": ""1000"", ""num_nodes"": ""1000"", ""num_pieces"": ""1"", ""num_spaces"": ""4"", ""op"": ""preimage"", ""sparse_factor"": ""5""}","{""d1"": ""2"", ""d2"": ""2"", ""gpu_host_fallback"": ""0"", ""gpu_input_rects"": ""1"", ""gpu_oom_backoffs"": ""0"", ""gpu_scratch_bytes"": ""658944128"", ""gpu_tiles"": ""1"", ""op"": ""preimage"", ""path"": ""ptrs""}",294,2,block_random,1024,3759,661140,ptrs
tile_sweep_publication,preimage,2d,sparse,5,50,1,gpu_source,gpu_us,1,0,0,1,658944128,2,2,2,1000,1000,4,1,0,1.570561,/pscratch/sd/r/rchanani/realm/build_pm_deppart/tests/benchmark -ll:gpu 1 -ll:cpu 1 -ll:fsize 8192 -dp:workers 1 -dp:hpool 256 -nocheck -block_random -block_volume 1024 -dp:noisectopt -d1 2 -d2 2 preimage -n 1000 -e 1000 -p 1 -s 4 -f 5 -b 50,"{""buffer_size"": ""50"", ""cpu_us"": ""577897"", ""d1"": ""2"", ""d2"": ""2"", ""gpu_us"": ""3903"", ""num_edges"": ""1000"", ""num_nodes"": ""1000"", ""num_pieces"": ""1"", ""num_spaces"": ""4"", ""op"": ""preimage"", ""sparse_factor"": ""5""}","{""d1"": ""2"", ""d2"": ""2"", ""gpu_host_fallback"": ""0"", ""gpu_input_rects"": ""1"", ""gpu_oom_backoffs"": ""0"", ""gpu_scratch_bytes"": ""658944128"", ""gpu_tiles"": ""1"", ""op"": ""preimage"", ""path"": ""ptrs""}",295,3,block_random,1024,3903,577897,ptrs
tile_sweep_publication,preimage,2d,sparse,5,75,1,cpu_source,cpu_us,1,0,0,1,978944128,2,2,2,1000,1000,4,1,0,1.634665,/pscratch/sd/r/rchanani/realm/build_pm_deppart/tests/benchmark -ll:gpu 1 -ll:cpu 1 -ll:fsize 8192 -dp:workers 1 -dp:hpool 256 -nocheck -block_random -block_volume 1024 -d1 2 -d2 2 preimage -n 1000 -e 1000 -p 1 -s 4 -f 5 -b 75,"{""buffer_size"": ""75"", ""cpu_us"": ""661211"", ""d1"": ""2"", ""d2"": ""2"", ""gpu_us"": ""3915"", ""num_edges"": ""1000"", ""num_nodes"": ""1000"", ""num_pieces"": ""1"", ""num_spaces"": ""4"", ""op"": ""preimage"", ""sparse_factor"": ""5""}","{""d1"": ""2"", ""d2"": ""2"", ""gpu_host_fallback"": ""0"", ""gpu_input_rects"": ""1"", ""gpu_oom_backoffs"": ""0"", ""gpu_scratch_bytes"": ""978944128"", ""gpu_tiles"": ""1"", ""op"": ""preimage"", ""path"": ""ptrs""}",296,0,block_random,1024,3915,661211,ptrs
tile_sweep_publication,preimage,2d,sparse,5,75,1,gpu_source,gpu_us,1,0,0,1,978944128,2,2,2,1000,1000,4,1,0,1.772753,/pscratch/sd/r/rchanani/realm/build_pm_deppart/tests/benchmark -ll:gpu 1 -ll:cpu 1 -ll:fsize 8192 -dp:workers 1 -dp:hpool 256 -nocheck -block_random -block_volume 1024 -dp:noisectopt -d1 2 -d2 2 preimage -n 1000 -e 1000 -p 1 -s 4 -f 5 -b 75,"{""buffer_size"": ""75"", ""cpu_us"": ""570160"", ""d1"": ""2"", ""d2"": ""2"", ""gpu_us"": ""3587"", ""num_edges"": ""1000"", ""num_nodes"": ""1000"", ""num_pieces"": ""1"", ""num_spaces"": ""4"", ""op"": ""preimage"", ""sparse_factor"": ""5""}","{""d1"": ""2"", ""d2"": ""2"", ""gpu_host_fallback"": ""0"", ""gpu_input_rects"": ""1"", ""gpu_oom_backoffs"": ""0"", ""gpu_scratch_bytes"": ""978944128"", ""gpu_tiles"": ""1"", ""op"": ""preimage"", ""path"": ""ptrs""}",297,1,block_random,1024,3587,570160,ptrs
tile_sweep_publication,preimage,2d,sparse,5,100,1,cpu_source,cpu_us,1,0,0,1,1298944128,2,2,2,1000,1000,4,1,0,1.721671,/pscratch/sd/r/rchanani/realm/build_pm_deppart/tests/benchmark -ll:gpu 1 -ll:cpu 1 -ll:fsize 8192 -dp:workers 1 -dp:hpool 256 -nocheck -block_random -block_volume 1024 -d1 2 -d2 2 preimage -n 1000 -e 1000 -p 1 -s 4 -f 5 -b 100,"{""buffer_size"": ""100"", ""cpu_us"": ""672293"", ""d1"": ""2"", ""d2"": ""2"", ""gpu_us"": ""3491"", ""num_edges"": ""1000"", ""num_nodes"": ""1000"", ""num_pieces"": ""1"", ""num_spaces"": ""4"", ""op"": ""preimage"", ""sparse_factor"": ""5""}","{""d1"": ""2"", ""d2"": ""2"", ""gpu_host_fallback"": ""0"", ""gpu_input_rects"": ""1"", ""gpu_oom_backoffs"": ""0"", ""gpu_scratch_bytes"": ""1298944128"", ""gpu_tiles"": ""1"", ""op"": ""preimage"", ""path"": ""ptrs""}",298,2,block_random,1024,3491,672293,ptrs
tile_sweep_publication,preimage,2d,sparse,5,100,1,gpu_source,gpu_us,1,0,0,1,1298944128,2,2,2,1000,1000,4,1,0,1.555205,/pscratch/sd/r/rchanani/realm/build_pm_deppart/tests/benchmark -ll:gpu 1 -ll:cpu 1 -ll:fsize 8192 -dp:workers 1 -dp:hpool 256 -nocheck -block_random -block_volume 1024 -dp:noisectopt -d1 2 -d2 2 preimage -n 1000 -e 1000 -p 1 -s 4 -f 5 -b 100,"{""buffer_size"": ""100"", ""cpu_us"": ""574591"", ""d1"": ""2"", ""d2"": ""2"", ""gpu_us"": ""4000"", ""num_edges"": ""1000"", ""num_nodes"": ""1000"", ""num_pieces"": ""1"", ""num_spaces"": ""4"", ""op"": ""preimage"", ""sparse_factor"": ""5""}","{""d1"": ""2"", ""d2"": ""2"", ""gpu_host_fallback"": ""0"", ""gpu_input_rects"": ""1"", ""gpu_oom_backoffs"": ""0"", ""gpu_scratch_bytes"": ""1298944128"", ""gpu_tiles"": ""1"", ""op"": ""preimage"", ""path"": ""ptrs""}",299,3,block_random,1024,4000,574591,ptrs
tile_sweep_publication,preimage,3d,dense,1,1,1,cpu_source,cpu_us,8,14,1,8,21200000,2,3,3,100,100,4,1,0,1.073291,/pscratch/sd/r/rchanani/realm/build_pm_deppart/tests/benchmark -ll:gpu 1 -ll:cpu 1 -ll:fsize 8192 -dp:workers 1 -dp:hpool 256 -nocheck -block_random -block_volume 1024 -d1 3 -d2 3 preimage -n 100 -e 100 -p 1 -s 4 -f 1 -b 1,"{""buffer_size"": ""1"", ""cpu_us"": ""147956"", ""d1"": ""3"", ""d2"": ""3"", ""gpu_us"": ""35540"", ""num_edges"": ""100"", ""num_nodes"": ""100"", ""num_pieces"": ""1"", ""num_spaces"": ""4"", ""op"": ""preimage"", ""sparse_factor"": ""1""}","{""d1"": ""3"", ""d2"": ""3"", ""gpu_host_fallback"": ""1"", ""gpu_input_rects"": ""8"", ""gpu_oom_backoffs"": ""14"", ""gpu_scratch_bytes"": ""21200000"", ""gpu_tiles"": ""8"", ""op"": ""preimage"", ""path"": ""ptrs""}",300,0,block_random,1024,35540,147956,ptrs
tile_sweep_publication,preimage,3d,dense,1,1,1,gpu_source,gpu_us,8,14,1,8,21200000,2,3,3,100,100,4,1,0,1.125630,/pscratch/sd/r/rchanani/realm/build_pm_deppart/tests/benchmark -ll:gpu 1 -ll:cpu 1 -ll:fsize 8192 -dp:workers 1 -dp:hpool 256 -nocheck -block_random -block_volume 1024 -dp:noisectopt -d1 3 -d2 3 preimage -n 100 -e 100 -p 1 -s 4 -f 1 -b 1,"{""buffer_size"": ""1"", ""cpu_us"": ""26511"", ""d1"": ""3"", ""d2"": ""3"", ""gpu_us"": ""41168"", ""num_edges"": ""100"", ""num_nodes"": ""100"", ""num_pieces"": ""1"", ""num_spaces"": ""4"", ""op"": ""preimage"", ""sparse_factor"": ""1""}","{""d1"": ""3"", ""d2"": ""3"", ""gpu_host_fallback"": ""1"", ""gpu_input_rects"": ""8"", ""gpu_oom_backoffs"": ""14"", ""gpu_scratch_bytes"": ""21200000"", ""gpu_tiles"": ""8"", ""op"": ""preimage"", ""path"": ""ptrs""}",301,1,block_random,1024,41168,26511,ptrs
tile_sweep_publication,preimage,3d,dense,1,2,1,cpu_source,cpu_us,4,5,1,4,40400000,2,3,3,100,100,4,1,0,1.313619,/pscratch/sd/r/rchanani/realm/build_pm_deppart/tests/benchmark -ll:gpu 1 -ll:cpu 1 -ll:fsize 8192 -dp:workers 1 -dp:hpool 256 -nocheck -block_random -block_volume 1024 -d1 3 -d2 3 preimage -n 100 -e 100 -p 1 -s 4 -f 1 -b 2,"{""buffer_size"": ""2"", ""cpu_us"": ""149481"", ""d1"": ""3"", ""d2"": ""3"", ""gpu_us"": ""26324"", ""num_edges"": ""100"", ""num_nodes"": ""100"", ""num_pieces"": ""1"", ""num_spaces"": ""4"", ""op"": ""preimage"", ""sparse_factor"": ""1""}","{""d1"": ""3"", ""d2"": ""3"", ""gpu_host_fallback"": ""1"", ""gpu_input_rects"": ""4"", ""gpu_oom_backoffs"": ""5"", ""gpu_scratch_bytes"": ""40400000"", ""gpu_tiles"": ""4"", ""op"": ""preimage"", ""path"": ""ptrs""}",302,2,block_random,1024,26324,149481,ptrs
tile_sweep_publication,preimage,3d,dense,1,2,1,gpu_source,gpu_us,4,5,1,4,40400000,2,3,3,100,100,4,1,0,0.924053,/pscratch/sd/r/rchanani/realm/build_pm_deppart/tests/benchmark -ll:gpu 1 -ll:cpu 1 -ll:fsize 8192 -dp:workers 1 -dp:hpool 256 -nocheck -block_random -block_volume 1024 -dp:noisectopt -d1 3 -d2 3 preimage -n 100 -e 100 -p 1 -s 4 -f 1 -b 2,"{""buffer_size"": ""2"", ""cpu_us"": ""26528"", ""d1"": ""3"", ""d2"": ""3"", ""gpu_us"": ""23233"", ""num_edges"": ""100"", ""num_nodes"": ""100"", ""num_pieces"": ""1"", ""num_spaces"": ""4"", ""op"": ""preimage"", ""sparse_factor"": ""1""}","{""d1"": ""3"", ""d2"": ""3"", ""gpu_host_fallback"": ""1"", ""gpu_input_rects"": ""4"", ""gpu_oom_backoffs"": ""5"", ""gpu_scratch_bytes"": ""40400000"", ""gpu_tiles"": ""4"", ""op"": ""preimage"", ""path"": ""ptrs""}",303,3,block_random,1024,23233,26528,ptrs
tile_sweep_publication,preimage,3d,dense,1,3,1,cpu_source,cpu_us,4,5,1,4,59600000,2,3,3,100,100,4,1,0,1.086136,/pscratch/sd/r/rchanani/realm/build_pm_deppart/tests/benchmark -ll:gpu 1 -ll:cpu 1 -ll:fsize 8192 -dp:workers 1 -dp:hpool 256 -nocheck -block_random -block_volume 1024 -d1 3 -d2 3 preimage -n 100 -e 100 -p 1 -s 4 -f 1 -b 3,"{""buffer_size"": ""3"", ""cpu_us"": ""148017"", ""d1"": ""3"", ""d2"": ""3"", ""gpu_us"": ""23612"", ""num_edges"": ""100"", ""num_nodes"": ""100"", ""num_pieces"": ""1"", ""num_spaces"": ""4"", ""op"": ""preimage"", ""sparse_factor"": ""1""}","{""d1"": ""3"", ""d2"": ""3"", ""gpu_host_fallback"": ""1"", ""gpu_input_rects"": ""4"", ""gpu_oom_backoffs"": ""5"", ""gpu_scratch_bytes"": ""59600000"", ""gpu_tiles"": ""4"", ""op"": ""preimage"", ""path"": ""ptrs""}",304,0,block_random,1024,23612,148017,ptrs
tile_sweep_publication,preimage,3d,dense,1,3,1,gpu_source,gpu_us,4,5,1,4,59600000,2,3,3,100,100,4,1,0,1.070541,/pscratch/sd/r/rchanani/realm/build_pm_deppart/tests/benchmark -ll:gpu 1 -ll:cpu 1 -ll:fsize 8192 -dp:workers 1 -dp:hpool 256 -nocheck -block_random -block_volume 1024 -dp:noisectopt -d1 3 -d2 3 preimage -n 100 -e 100 -p 1 -s 4 -f 1 -b 3,"{""buffer_size"": ""3"", ""cpu_us"": ""26287"", ""d1"": ""3"", ""d2"": ""3"", ""gpu_us"": ""26244"", ""num_edges"": ""100"", ""num_nodes"": ""100"", ""num_pieces"": ""1"", ""num_spaces"": ""4"", ""op"": ""preimage"", ""sparse_factor"": ""1""}","{""d1"": ""3"", ""d2"": ""3"", ""gpu_host_fallback"": ""1"", ""gpu_input_rects"": ""4"", ""gpu_oom_backoffs"": ""5"", ""gpu_scratch_bytes"": ""59600000"", ""gpu_tiles"": ""4"", ""op"": ""preimage"", ""path"": ""ptrs""}",305,1,block_random,1024,26244,26287,ptrs
tile_sweep_publication,preimage,3d,dense,1,4,1,cpu_source,cpu_us,2,2,1,2,78800000,2,3,3,100,100,4,1,0,1.184531,/pscratch/sd/r/rchanani/realm/build_pm_deppart/tests/benchmark -ll:gpu 1 -ll:cpu 1 -ll:fsize 8192 -dp:workers 1 -dp:hpool 256 -nocheck -block_random -block_volume 1024 -d1 3 -d2 3 preimage -n 100 -e 100 -p 1 -s 4 -f 1 -b 4,"{""buffer_size"": ""4"", ""cpu_us"": ""148857"", ""d1"": ""3"", ""d2"": ""3"", ""gpu_us"": ""16947"", ""num_edges"": ""100"", ""num_nodes"": ""100"", ""num_pieces"": ""1"", ""num_spaces"": ""4"", ""op"": ""preimage"", ""sparse_factor"": ""1""}","{""d1"": ""3"", ""d2"": ""3"", ""gpu_host_fallback"": ""1"", ""gpu_input_rects"": ""2"", ""gpu_oom_backoffs"": ""2"", ""gpu_scratch_bytes"": ""78800000"", ""gpu_tiles"": ""2"", ""op"": ""preimage"", ""path"": ""ptrs""}",306,2,block_random,1024,16947,148857,ptrs
tile_sweep_publication,preimage,3d,dense,1,4,1,gpu_source,gpu_us,2,2,1,2,78800000,2,3,3,100,100,4,1,0,0.916795,/pscratch/sd/r/rchanani/realm/build_pm_deppart/tests/benchmark -ll:gpu 1 -ll:cpu 1 -ll:fsize 8192 -dp:workers 1 -dp:hpool 256 -nocheck -block_random -block_volume 1024 -dp:noisectopt -d1 3 -d2 3 preimage -n 100 -e 100 -p 1 -s 4 -f 1 -b 4,"{""buffer_size"": ""4"", ""cpu_us"": ""26442"", ""d1"": ""3"", ""d2"": ""3"", ""gpu_us"": ""15370"", ""num_edges"": ""100"", ""num_nodes"": ""100"", ""num_pieces"": ""1"", ""num_spaces"": ""4"", ""op"": ""preimage"", ""sparse_factor"": ""1""}","{""d1"": ""3"", ""d2"": ""3"", ""gpu_host_fallback"": ""1"", ""gpu_input_rects"": ""2"", ""gpu_oom_backoffs"": ""2"", ""gpu_scratch_bytes"": ""78800000"", ""gpu_tiles"": ""2"", ""op"": ""preimage"", ""path"": ""ptrs""}",307,3,block_random,1024,15370,26442,ptrs
tile_sweep_publication,preimage,3d,dense,1,5,1,cpu_source,cpu_us,2,2,1,2,98000000,2,3,3,100,100,4,1,0,1.011062,/pscratch/sd/r/rchanani/realm/build_pm_deppart/tests/benchmark -ll:gpu 1 -ll:cpu 1 -ll:fsize 8192 -dp:workers 1 -dp:hpool 256 -nocheck -block_random -block_volume 1024 -d1 3 -d2 3 preimage -n 100 -e 100 -p 1 -s 4 -f 1 -b 5,"{""buffer_size"": ""5"", ""cpu_us"": ""147981"", ""d1"": ""3"", ""d2"": ""3"", ""gpu_us"": ""15214"", ""num_edges"": ""100"", ""num_nodes"": ""100"", ""num_pieces"": ""1"", ""num_spaces"": ""4"", ""op"": ""preimage"", ""sparse_factor"": ""1""}","{""d1"": ""3"", ""d2"": ""3"", ""gpu_host_fallback"": ""1"", ""gpu_input_rects"": ""2"", ""gpu_oom_backoffs"": ""2"", ""gpu_scratch_bytes"": ""98000000"", ""gpu_tiles"": ""2"", ""op"": ""preimage"", ""path"": ""ptrs""}",308,0,block_random,1024,15214,147981,ptrs
tile_sweep_publication,preimage,3d,dense,1,5,1,gpu_source,gpu_us,2,2,1,2,98000000,2,3,3,100,100,4,1,0,1.175960,/pscratch/sd/r/rchanani/realm/build_pm_deppart/tests/benchmark -ll:gpu 1 -ll:cpu 1 -ll:fsize 8192 -dp:workers 1 -dp:hpool 256 -nocheck -block_random -block_volume 1024 -dp:noisectopt -d1 3 -d2 3 preimage -n 100 -e 100 -p 1 -s 4 -f 1 -b 5,"{""buffer_size"": ""5"", ""cpu_us"": ""26550"", ""d1"": ""3"", ""d2"": ""3"", ""gpu_us"": ""16783"", ""num_edges"": ""100"", ""num_nodes"": ""100"", ""num_pieces"": ""1"", ""num_spaces"": ""4"", ""op"": ""preimage"", ""sparse_factor"": ""1""}","{""d1"": ""3"", ""d2"": ""3"", ""gpu_host_fallback"": ""1"", ""gpu_input_rects"": ""2"", ""gpu_oom_backoffs"": ""2"", ""gpu_scratch_bytes"": ""98000000"", ""gpu_tiles"": ""2"", ""op"": ""preimage"", ""path"": ""ptrs""}",309,1,block_random,1024,16783,26550,ptrs
tile_sweep_publication,preimage,3d,dense,1,7,1,cpu_source,cpu_us,2,2,1,2,136400000,2,3,3,100,100,4,1,0,1.319218,/pscratch/sd/r/rchanani/realm/build_pm_deppart/tests/benchmark -ll:gpu 1 -ll:cpu 1 -ll:fsize 8192 -dp:workers 1 -dp:hpool 256 -nocheck -block_random -block_volume 1024 -d1 3 -d2 3 preimage -n 100 -e 100 -p 1 -s 4 -f 1 -b 7,"{""buffer_size"": ""7"", ""cpu_us"": ""147991"", ""d1"": ""3"", ""d2"": ""3"", ""gpu_us"": ""16924"", ""num_edges"": ""100"", ""num_nodes"": ""100"", ""num_pieces"": ""1"", ""num_spaces"": ""4"", ""op"": ""preimage"", ""sparse_factor"": ""1""}","{""d1"": ""3"", ""d2"": ""3"", ""gpu_host_fallback"": ""1"", ""gpu_input_rects"": ""2"", ""gpu_oom_backoffs"": ""2"", ""gpu_scratch_bytes"": ""136400000"", ""gpu_tiles"": ""2"", ""op"": ""preimage"", ""path"": ""ptrs""}",310,2,block_random,1024,16924,147991,ptrs
tile_sweep_publication,preimage,3d,dense,1,7,1,gpu_source,gpu_us,2,2,1,2,136400000,2,3,3,100,100,4,1,0,0.894894,/pscratch/sd/r/rchanani/realm/build_pm_deppart/tests/benchmark -ll:gpu 1 -ll:cpu 1 -ll:fsize 8192 -dp:workers 1 -dp:hpool 256 -nocheck -block_random -block_volume 1024 -dp:noisectopt -d1 3 -d2 3 preimage -n 100 -e 100 -p 1 -s 4 -f 1 -b 7,"{""buffer_size"": ""7"", ""cpu_us"": ""26359"", ""d1"": ""3"", ""d2"": ""3"", ""gpu_us"": ""15329"", ""num_edges"": ""100"", ""num_nodes"": ""100"", ""num_pieces"": ""1"", ""num_spaces"": ""4"", ""op"": ""preimage"", ""sparse_factor"": ""1""}","{""d1"": ""3"", ""d2"": ""3"", ""gpu_host_fallback"": ""1"", ""gpu_input_rects"": ""2"", ""gpu_oom_backoffs"": ""2"", ""gpu_scratch_bytes"": ""136400000"", ""gpu_tiles"": ""2"", ""op"": ""preimage"", ""path"": ""ptrs""}",311,3,block_random,1024,15329,26359,ptrs
tile_sweep_publication,preimage,3d,dense,1,10,1,cpu_source,cpu_us,1,0,0,1,194000000,2,3,3,100,100,4,1,0,1.003405,/pscratch/sd/r/rchanani/realm/build_pm_deppart/tests/benchmark -ll:gpu 1 -ll:cpu 1 -ll:fsize 8192 -dp:workers 1 -dp:hpool 256 -nocheck -block_random -block_volume 1024 -d1 3 -d2 3 preimage -n 100 -e 100 -p 1 -s 4 -f 1 -b 10,"{""buffer_size"": ""10"", ""cpu_us"": ""152794"", ""d1"": ""3"", ""d2"": ""3"", ""gpu_us"": ""3708"", ""num_edges"": ""100"", ""num_nodes"": ""100"", ""num_pieces"": ""1"", ""num_spaces"": ""4"", ""op"": ""preimage"", ""sparse_factor"": ""1""}","{""d1"": ""3"", ""d2"": ""3"", ""gpu_host_fallback"": ""0"", ""gpu_input_rects"": ""1"", ""gpu_oom_backoffs"": ""0"", ""gpu_scratch_bytes"": ""194000000"", ""gpu_tiles"": ""1"", ""op"": ""preimage"", ""path"": ""ptrs""}",312,0,block_random,1024,3708,152794,ptrs
tile_sweep_publication,preimage,3d,dense,1,10,1,gpu_source,gpu_us,1,0,0,1,194000000,2,3,3,100,100,4,1,0,1.034916,/pscratch/sd/r/rchanani/realm/build_pm_deppart/tests/benchmark -ll:gpu 1 -ll:cpu 1 -ll:fsize 8192 -dp:workers 1 -dp:hpool 256 -nocheck -block_random -block_volume 1024 -dp:noisectopt -d1 3 -d2 3 preimage -n 100 -e 100 -p 1 -s 4 -f 1 -b 10,"{""buffer_size"": ""10"", ""cpu_us"": ""26671"", ""d1"": ""3"", ""d2"": ""3"", ""gpu_us"": ""4154"", ""num_edges"": ""100"", ""num_nodes"": ""100"", ""num_pieces"": ""1"", ""num_spaces"": ""4"", ""op"": ""preimage"", ""sparse_factor"": ""1""}","{""d1"": ""3"", ""d2"": ""3"", ""gpu_host_fallback"": ""0"", ""gpu_input_rects"": ""1"", ""gpu_oom_backoffs"": ""0"", ""gpu_scratch_bytes"": ""194000000"", ""gpu_tiles"": ""1"", ""op"": ""preimage"", ""path"": ""ptrs""}",313,1,block_random,1024,4154,26671,ptrs
tile_sweep_publication,preimage,3d,dense,1,15,1,cpu_source,cpu_us,1,0,0,1,290000000,2,3,3,100,100,4,1,0,1.309428,/pscratch/sd/r/rchanani/realm/build_pm_deppart/tests/benchmark -ll:gpu 1 -ll:cpu 1 -ll:fsize 8192 -dp:workers 1 -dp:hpool 256 -nocheck -block_random -block_volume 1024 -d1 3 -d2 3 preimage -n 100 -e 100 -p 1 -s 4 -f 1 -b 15,"{""buffer_size"": ""15"", ""cpu_us"": ""148603"", ""d1"": ""3"", ""d2"": ""3"", ""gpu_us"": ""4001"", ""num_edges"": ""100"", ""num_nodes"": ""100"", ""num_pieces"": ""1"", ""num_spaces"": ""4"", ""op"": ""preimage"", ""sparse_factor"": ""1""}","{""d1"": ""3"", ""d2"": ""3"", ""gpu_host_fallback"": ""0"", ""gpu_input_rects"": ""1"", ""gpu_oom_backoffs"": ""0"", ""gpu_scratch_bytes"": ""290000000"", ""gpu_tiles"": ""1"", ""op"": ""preimage"", ""path"": ""ptrs""}",314,2,block_random,1024,4001,148603,ptrs
tile_sweep_publication,preimage,3d,dense,1,15,1,gpu_source,gpu_us,1,0,0,1,290000000,2,3,3,100,100,4,1,0,0.883740,/pscratch/sd/r/rchanani/realm/build_pm_deppart/tests/benchmark -ll:gpu 1 -ll:cpu 1 -ll:fsize 8192 -dp:workers 1 -dp:hpool 256 -nocheck -block_random -block_volume 1024 -dp:noisectopt -d1 3 -d2 3 preimage -n 100 -e 100 -p 1 -s 4 -f 1 -b 15,"{""buffer_size"": ""15"", ""cpu_us"": ""27492"", ""d1"": ""3"", ""d2"": ""3"", ""gpu_us"": ""3872"", ""num_edges"": ""100"", ""num_nodes"": ""100"", ""num_pieces"": ""1"", ""num_spaces"": ""4"", ""op"": ""preimage"", ""sparse_factor"": ""1""}","{""d1"": ""3"", ""d2"": ""3"", ""gpu_host_fallback"": ""0"", ""gpu_input_rects"": ""1"", ""gpu_oom_backoffs"": ""0"", ""gpu_scratch_bytes"": ""290000000"", ""gpu_tiles"": ""1"", ""op"": ""preimage"", ""path"": ""ptrs""}",315,3,block_random,1024,3872,27492,ptrs
tile_sweep_publication,preimage,3d,dense,1,20,1,cpu_source,cpu_us,1,0,0,1,386000000,2,3,3,100,100,4,1,0,0.999669,/pscratch/sd/r/rchanani/realm/build_pm_deppart/tests/benchmark -ll:gpu 1 -ll:cpu 1 -ll:fsize 8192 -dp:workers 1 -dp:hpool 256 -nocheck -block_random -block_volume 1024 -d1 3 -d2 3 preimage -n 100 -e 100 -p 1 -s 4 -f 1 -b 20,"{""buffer_size"": ""20"", ""cpu_us"": ""148177"", ""d1"": ""3"", ""d2"": ""3"", ""gpu_us"": ""3648"", ""num_edges"": ""100"", ""num_nodes"": ""100"", ""num_pieces"": ""1"", ""num_spaces"": ""4"", ""op"": ""preimage"", ""sparse_factor"": ""1""}","{""d1"": ""3"", ""d2"": ""3"", ""gpu_host_fallback"": ""0"", ""gpu_input_rects"": ""1"", ""gpu_oom_backoffs"": ""0"", ""gpu_scratch_bytes"": ""386000000"", ""gpu_tiles"": ""1"", ""op"": ""preimage"", ""path"": ""ptrs""}",316,0,block_random,1024,3648,148177,ptrs
tile_sweep_publication,preimage,3d,dense,1,20,1,gpu_source,gpu_us,1,0,0,1,386000000,2,3,3,100,100,4,1,0,1.051045,/pscratch/sd/r/rchanani/realm/build_pm_deppart/tests/benchmark -ll:gpu 1 -ll:cpu 1 -ll:fsize 8192 -dp:workers 1 -dp:hpool 256 -nocheck -block_random -block_volume 1024 -dp:noisectopt -d1 3 -d2 3 preimage -n 100 -e 100 -p 1 -s 4 -f 1 -b 20,"{""buffer_size"": ""20"", ""cpu_us"": ""26228"", ""d1"": ""3"", ""d2"": ""3"", ""gpu_us"": ""3963"", ""num_edges"": ""100"", ""num_nodes"": ""100"", ""num_pieces"": ""1"", ""num_spaces"": ""4"", ""op"": ""preimage"", ""sparse_factor"": ""1""}","{""d1"": ""3"", ""d2"": ""3"", ""gpu_host_fallback"": ""0"", ""gpu_input_rects"": ""1"", ""gpu_oom_backoffs"": ""0"", ""gpu_scratch_bytes"": ""386000000"", ""gpu_tiles"": ""1"", ""op"": ""preimage"", ""path"": ""ptrs""}",317,1,block_random,1024,3963,26228,ptrs
tile_sweep_publication,preimage,3d,dense,1,25,1,cpu_source,cpu_us,1,0,0,1,482000000,2,3,3,100,100,4,1,0,1.157748,/pscratch/sd/r/rchanani/realm/build_pm_deppart/tests/benchmark -ll:gpu 1 -ll:cpu 1 -ll:fsize 8192 -dp:workers 1 -dp:hpool 256 -nocheck -block_random -block_volume 1024 -d1 3 -d2 3 preimage -n 100 -e 100 -p 1 -s 4 -f 1 -b 25,"{""buffer_size"": ""25"", ""cpu_us"": ""148091"", ""d1"": ""3"", ""d2"": ""3"", ""gpu_us"": ""4061"", ""num_edges"": ""100"", ""num_nodes"": ""100"", ""num_pieces"": ""1"", ""num_spaces"": ""4"", ""op"": ""preimage"", ""sparse_factor"": ""1""}","{""d1"": ""3"", ""d2"": ""3"", ""gpu_host_fallback"": ""0"", ""gpu_input_rects"": ""1"", ""gpu_oom_backoffs"": ""0"", ""gpu_scratch_bytes"": ""482000000"", ""gpu_tiles"": ""1"", ""op"": ""preimage"", ""path"": ""ptrs""}",318,2,block_random,1024,4061,148091,ptrs
tile_sweep_publication,preimage,3d,dense,1,25,1,gpu_source,gpu_us,1,0,0,1,482000000,2,3,3,100,100,4,1,0,0.883663,/pscratch/sd/r/rchanani/realm/build_pm_deppart/tests/benchmark -ll:gpu 1 -ll:cpu 1 -ll:fsize 8192 -dp:workers 1 -dp:hpool 256 -nocheck -block_random -block_volume 1024 -dp:noisectopt -d1 3 -d2 3 preimage -n 100 -e 100 -p 1 -s 4 -f 1 -b 25,"{""buffer_size"": ""25"", ""cpu_us"": ""26721"", ""d1"": ""3"", ""d2"": ""3"", ""gpu_us"": ""3723"", ""num_edges"": ""100"", ""num_nodes"": ""100"", ""num_pieces"": ""1"", ""num_spaces"": ""4"", ""op"": ""preimage"", ""sparse_factor"": ""1""}","{""d1"": ""3"", ""d2"": ""3"", ""gpu_host_fallback"": ""0"", ""gpu_input_rects"": ""1"", ""gpu_oom_backoffs"": ""0"", ""gpu_scratch_bytes"": ""482000000"", ""gpu_tiles"": ""1"", ""op"": ""preimage"", ""path"": ""ptrs""}",319,3,block_random,1024,3723,26721,ptrs
tile_sweep_publication,preimage,3d,dense,1,30,1,cpu_source,cpu_us,1,0,0,1,578000000,2,3,3,100,100,4,1,0,1.026900,/pscratch/sd/r/rchanani/realm/build_pm_deppart/tests/benchmark -ll:gpu 1 -ll:cpu 1 -ll:fsize 8192 -dp:workers 1 -dp:hpool 256 -nocheck -block_random -block_volume 1024 -d1 3 -d2 3 preimage -n 100 -e 100 -p 1 -s 4 -f 1 -b 30,"{""buffer_size"": ""30"", ""cpu_us"": ""149177"", ""d1"": ""3"", ""d2"": ""3"", ""gpu_us"": ""3601"", ""num_edges"": ""100"", ""num_nodes"": ""100"", ""num_pieces"": ""1"", ""num_spaces"": ""4"", ""op"": ""preimage"", ""sparse_factor"": ""1""}","{""d1"": ""3"", ""d2"": ""3"", ""gpu_host_fallback"": ""0"", ""gpu_input_rects"": ""1"", ""gpu_oom_backoffs"": ""0"", ""gpu_scratch_bytes"": ""578000000"", ""gpu_tiles"": ""1"", ""op"": ""preimage"", ""path"": ""ptrs""}",320,0,block_random,1024,3601,149177,ptrs
tile_sweep_publication,preimage,3d,dense,1,30,1,gpu_source,gpu_us,1,0,0,1,578000000,2,3,3,100,100,4,1,0,1.003555,/pscratch/sd/r/rchanani/realm/build_pm_deppart/tests/benchmark -ll:gpu 1 -ll:cpu 1 -ll:fsize 8192 -dp:workers 1 -dp:hpool 256 -nocheck -block_random -block_volume 1024 -dp:noisectopt -d1 3 -d2 3 preimage -n 100 -e 100 -p 1 -s 4 -f 1 -b 30,"{""buffer_size"": ""30"", ""cpu_us"": ""26411"", ""d1"": ""3"", ""d2"": ""3"", ""gpu_us"": ""3998"", ""num_edges"": ""100"", ""num_nodes"": ""100"", ""num_pieces"": ""1"", ""num_spaces"": ""4"", ""op"": ""preimage"", ""sparse_factor"": ""1""}","{""d1"": ""3"", ""d2"": ""3"", ""gpu_host_fallback"": ""0"", ""gpu_input_rects"": ""1"", ""gpu_oom_backoffs"": ""0"", ""gpu_scratch_bytes"": ""578000000"", ""gpu_tiles"": ""1"", ""op"": ""preimage"", ""path"": ""ptrs""}",321,1,block_random,1024,3998,26411,ptrs
tile_sweep_publication,preimage,3d,dense,1,40,1,cpu_source,cpu_us,1,0,0,1,770000000,2,3,3,100,100,4,1,0,1.305475,/pscratch/sd/r/rchanani/realm/build_pm_deppart/tests/benchmark -ll:gpu 1 -ll:cpu 1 -ll:fsize 8192 -dp:workers 1 -dp:hpool 256 -nocheck -block_random -block_volume 1024 -d1 3 -d2 3 preimage -n 100 -e 100 -p 1 -s 4 -f 1 -b 40,"{""buffer_size"": ""40"", ""cpu_us"": ""148091"", ""d1"": ""3"", ""d2"": ""3"", ""gpu_us"": ""4038"", ""num_edges"": ""100"", ""num_nodes"": ""100"", ""num_pieces"": ""1"", ""num_spaces"": ""4"", ""op"": ""preimage"", ""sparse_factor"": ""1""}","{""d1"": ""3"", ""d2"": ""3"", ""gpu_host_fallback"": ""0"", ""gpu_input_rects"": ""1"", ""gpu_oom_backoffs"": ""0"", ""gpu_scratch_bytes"": ""770000000"", ""gpu_tiles"": ""1"", ""op"": ""preimage"", ""path"": ""ptrs""}",322,2,block_random,1024,4038,148091,ptrs
tile_sweep_publication,preimage,3d,dense,1,40,1,gpu_source,gpu_us,1,0,0,1,770000000,2,3,3,100,100,4,1,0,0.893345,/pscratch/sd/r/rchanani/realm/build_pm_deppart/tests/benchmark -ll:gpu 1 -ll:cpu 1 -ll:fsize 8192 -dp:workers 1 -dp:hpool 256 -nocheck -block_random -block_volume 1024 -dp:noisectopt -d1 3 -d2 3 preimage -n 100 -e 100 -p 1 -s 4 -f 1 -b 40,"{""buffer_size"": ""40"", ""cpu_us"": ""26586"", ""d1"": ""3"", ""d2"": ""3"", ""gpu_us"": ""3687"", ""num_edges"": ""100"", ""num_nodes"": ""100"", ""num_pieces"": ""1"", ""num_spaces"": ""4"", ""op"": ""preimage"", ""sparse_factor"": ""1""}","{""d1"": ""3"", ""d2"": ""3"", ""gpu_host_fallback"": ""0"", ""gpu_input_rects"": ""1"", ""gpu_oom_backoffs"": ""0"", ""gpu_scratch_bytes"": ""770000000"", ""gpu_tiles"": ""1"", ""op"": ""preimage"", ""path"": ""ptrs""}",323,3,block_random,1024,3687,26586,ptrs
tile_sweep_publication,preimage,3d,dense,1,50,1,cpu_source,cpu_us,1,0,0,1,962000000,2,3,3,100,100,4,1,0,0.998492,/pscratch/sd/r/rchanani/realm/build_pm_deppart/tests/benchmark -ll:gpu 1 -ll:cpu 1 -ll:fsize 8192 -dp:workers 1 -dp:hpool 256 -nocheck -block_random -block_volume 1024 -d1 3 -d2 3 preimage -n 100 -e 100 -p 1 -s 4 -f 1 -b 50,"{""buffer_size"": ""50"", ""cpu_us"": ""147692"", ""d1"": ""3"", ""d2"": ""3"", ""gpu_us"": ""3746"", ""num_edges"": ""100"", ""num_nodes"": ""100"", ""num_pieces"": ""1"", ""num_spaces"": ""4"", ""op"": ""preimage"", ""sparse_factor"": ""1""}","{""d1"": ""3"", ""d2"": ""3"", ""gpu_host_fallback"": ""0"", ""gpu_input_rects"": ""1"", ""gpu_oom_backoffs"": ""0"", ""gpu_scratch_bytes"": ""962000000"", ""gpu_tiles"": ""1"", ""op"": ""preimage"", ""path"": ""ptrs""}",324,0,block_random,1024,3746,147692,ptrs
tile_sweep_publication,preimage,3d,dense,1,50,1,gpu_source,gpu_us,1,0,0,1,962000000,2,3,3,100,100,4,1,0,1.006263,/pscratch/sd/r/rchanani/realm/build_pm_deppart/tests/benchmark -ll:gpu 1 -ll:cpu 1 -ll:fsize 8192 -dp:workers 1 -dp:hpool 256 -nocheck -block_random -block_volume 1024 -dp:noisectopt -d1 3 -d2 3 preimage -n 100 -e 100 -p 1 -s 4 -f 1 -b 50,"{""buffer_size"": ""50"", ""cpu_us"": ""26654"", ""d1"": ""3"", ""d2"": ""3"", ""gpu_us"": ""4003"", ""num_edges"": ""100"", ""num_nodes"": ""100"", ""num_pieces"": ""1"", ""num_spaces"": ""4"", ""op"": ""preimage"", ""sparse_factor"": ""1""}","{""d1"": ""3"", ""d2"": ""3"", ""gpu_host_fallback"": ""0"", ""gpu_input_rects"": ""1"", ""gpu_oom_backoffs"": ""0"", ""gpu_scratch_bytes"": ""962000000"", ""gpu_tiles"": ""1"", ""op"": ""preimage"", ""path"": ""ptrs""}",325,1,block_random,1024,4003,26654,ptrs
tile_sweep_publication,preimage,3d,dense,1,75,1,cpu_source,cpu_us,1,0,0,1,1442000000,2,3,3,100,100,4,1,0,1.171089,/pscratch/sd/r/rchanani/realm/build_pm_deppart/tests/benchmark -ll:gpu 1 -ll:cpu 1 -ll:fsize 8192 -dp:workers 1 -dp:hpool 256 -nocheck -block_random -block_volume 1024 -d1 3 -d2 3 preimage -n 100 -e 100 -p 1 -s 4 -f 1 -b 75,"{""buffer_size"": ""75"", ""cpu_us"": ""148296"", ""d1"": ""3"", ""d2"": ""3"", ""gpu_us"": ""4265"", ""num_edges"": ""100"", ""num_nodes"": ""100"", ""num_pieces"": ""1"", ""num_spaces"": ""4"", ""op"": ""preimage"", ""sparse_factor"": ""1""}","{""d1"": ""3"", ""d2"": ""3"", ""gpu_host_fallback"": ""0"", ""gpu_input_rects"": ""1"", ""gpu_oom_backoffs"": ""0"", ""gpu_scratch_bytes"": ""1442000000"", ""gpu_tiles"": ""1"", ""op"": ""preimage"", ""path"": ""ptrs""}",326,2,block_random,1024,4265,148296,ptrs
tile_sweep_publication,preimage,3d,dense,1,75,1,gpu_source,gpu_us,1,0,0,1,1442000000,2,3,3,100,100,4,1,0,0.887195,/pscratch/sd/r/rchanani/realm/build_pm_deppart/tests/benchmark -ll:gpu 1 -ll:cpu 1 -ll:fsize 8192 -dp:workers 1 -dp:hpool 256 -nocheck -block_random -block_volume 1024 -dp:noisectopt -d1 3 -d2 3 preimage -n 100 -e 100 -p 1 -s 4 -f 1 -b 75,"{""buffer_size"": ""75"", ""cpu_us"": ""27508"", ""d1"": ""3"", ""d2"": ""3"", ""gpu_us"": ""3643"", ""num_edges"": ""100"", ""num_nodes"": ""100"", ""num_pieces"": ""1"", ""num_spaces"": ""4"", ""op"": ""preimage"", ""sparse_factor"": ""1""}","{""d1"": ""3"", ""d2"": ""3"", ""gpu_host_fallback"": ""0"", ""gpu_input_rects"": ""1"", ""gpu_oom_backoffs"": ""0"", ""gpu_scratch_bytes"": ""1442000000"", ""gpu_tiles"": ""1"", ""op"": ""preimage"", ""path"": ""ptrs""}",327,3,block_random,1024,3643,27508,ptrs
tile_sweep_publication,preimage,3d,dense,1,100,1,cpu_source,cpu_us,1,0,0,1,1922000000,2,3,3,100,100,4,1,0,1.004564,/pscratch/sd/r/rchanani/realm/build_pm_deppart/tests/benchmark -ll:gpu 1 -ll:cpu 1 -ll:fsize 8192 -dp:workers 1 -dp:hpool 256 -nocheck -block_random -block_volume 1024 -d1 3 -d2 3 preimage -n 100 -e 100 -p 1 -s 4 -f 1 -b 100,"{""buffer_size"": ""100"", ""cpu_us"": ""147807"", ""d1"": ""3"", ""d2"": ""3"", ""gpu_us"": ""3615"", ""num_edges"": ""100"", ""num_nodes"": ""100"", ""num_pieces"": ""1"", ""num_spaces"": ""4"", ""op"": ""preimage"", ""sparse_factor"": ""1""}","{""d1"": ""3"", ""d2"": ""3"", ""gpu_host_fallback"": ""0"", ""gpu_input_rects"": ""1"", ""gpu_oom_backoffs"": ""0"", ""gpu_scratch_bytes"": ""1922000000"", ""gpu_tiles"": ""1"", ""op"": ""preimage"", ""path"": ""ptrs""}",328,0,block_random,1024,3615,147807,ptrs
tile_sweep_publication,preimage,3d,dense,1,100,1,gpu_source,gpu_us,1,0,0,1,1922000000,2,3,3,100,100,4,1,0,1.038664,/pscratch/sd/r/rchanani/realm/build_pm_deppart/tests/benchmark -ll:gpu 1 -ll:cpu 1 -ll:fsize 8192 -dp:workers 1 -dp:hpool 256 -nocheck -block_random -block_volume 1024 -dp:noisectopt -d1 3 -d2 3 preimage -n 100 -e 100 -p 1 -s 4 -f 1 -b 100,"{""buffer_size"": ""100"", ""cpu_us"": ""26537"", ""d1"": ""3"", ""d2"": ""3"", ""gpu_us"": ""4052"", ""num_edges"": ""100"", ""num_nodes"": ""100"", ""num_pieces"": ""1"", ""num_spaces"": ""4"", ""op"": ""preimage"", ""sparse_factor"": ""1""}","{""d1"": ""3"", ""d2"": ""3"", ""gpu_host_fallback"": ""0"", ""gpu_input_rects"": ""1"", ""gpu_oom_backoffs"": ""0"", ""gpu_scratch_bytes"": ""1922000000"", ""gpu_tiles"": ""1"", ""op"": ""preimage"", ""path"": ""ptrs""}",329,1,block_random,1024,4052,26537,ptrs
tile_sweep_publication,preimage,3d,sparse,5,1,1,cpu_source,cpu_us,1,1,1,1,41654032,2,3,3,100,100,4,1,0,2.302851,/pscratch/sd/r/rchanani/realm/build_pm_deppart/tests/benchmark -ll:gpu 1 -ll:cpu 1 -ll:fsize 8192 -dp:workers 1 -dp:hpool 256 -nocheck -block_random -block_volume 1024 -d1 3 -d2 3 preimage -n 100 -e 100 -p 1 -s 4 -f 5 -b 1,"{""buffer_size"": ""1"", ""cpu_us"": ""984010"", ""d1"": ""3"", ""d2"": ""3"", ""gpu_us"": ""75014"", ""num_edges"": ""100"", ""num_nodes"": ""100"", ""num_pieces"": ""1"", ""num_spaces"": ""4"", ""op"": ""preimage"", ""sparse_factor"": ""5""}","{""d1"": ""3"", ""d2"": ""3"", ""gpu_host_fallback"": ""1"", ""gpu_input_rects"": ""1"", ""gpu_oom_backoffs"": ""1"", ""gpu_scratch_bytes"": ""41654032"", ""gpu_tiles"": ""1"", ""op"": ""preimage"", ""path"": ""ptrs""}",330,2,block_random,1024,75014,984010,ptrs
tile_sweep_publication,preimage,3d,sparse,5,1,1,gpu_source,gpu_us,1,1,1,1,41654032,2,3,3,100,100,4,1,0,2.044478,/pscratch/sd/r/rchanani/realm/build_pm_deppart/tests/benchmark -ll:gpu 1 -ll:cpu 1 -ll:fsize 8192 -dp:workers 1 -dp:hpool 256 -nocheck -block_random -block_volume 1024 -dp:noisectopt -d1 3 -d2 3 preimage -n 100 -e 100 -p 1 -s 4 -f 5 -b 1,"{""buffer_size"": ""1"", ""cpu_us"": ""852441"", ""d1"": ""3"", ""d2"": ""3"", ""gpu_us"": ""74657"", ""num_edges"": ""100"", ""num_nodes"": ""100"", ""num_pieces"": ""1"", ""num_spaces"": ""4"", ""op"": ""preimage"", ""sparse_factor"": ""5""}","{""d1"": ""3"", ""d2"": ""3"", ""gpu_host_fallback"": ""1"", ""gpu_input_rects"": ""1"", ""gpu_oom_backoffs"": ""1"", ""gpu_scratch_bytes"": ""41654032"", ""gpu_tiles"": ""1"", ""op"": ""preimage"", ""path"": ""ptrs""}",331,3,block_random,1024,74657,852441,ptrs
tile_sweep_publication,preimage,3d,sparse,5,2,1,cpu_source,cpu_us,1,0,0,1,60854032,2,3,3,100,100,4,1,0,2.030847,/pscratch/sd/r/rchanani/realm/build_pm_deppart/tests/benchmark -ll:gpu 1 -ll:cpu 1 -ll:fsize 8192 -dp:workers 1 -dp:hpool 256 -nocheck -block_random -block_volume 1024 -d1 3 -d2 3 preimage -n 100 -e 100 -p 1 -s 4 -f 5 -b 2,"{""buffer_size"": ""2"", ""cpu_us"": ""974370"", ""d1"": ""3"", ""d2"": ""3"", ""gpu_us"": ""4590"", ""num_edges"": ""100"", ""num_nodes"": ""100"", ""num_pieces"": ""1"", ""num_spaces"": ""4"", ""op"": ""preimage"", ""sparse_factor"": ""5""}","{""d1"": ""3"", ""d2"": ""3"", ""gpu_host_fallback"": ""0"", ""gpu_input_rects"": ""1"", ""gpu_oom_backoffs"": ""0"", ""gpu_scratch_bytes"": ""60854032"", ""gpu_tiles"": ""1"", ""op"": ""preimage"", ""path"": ""ptrs""}",332,0,block_random,1024,4590,974370,ptrs
tile_sweep_publication,preimage,3d,sparse,5,2,1,gpu_source,gpu_us,1,0,0,1,60854032,2,3,3,100,100,4,1,0,1.962907,/pscratch/sd/r/rchanani/realm/build_pm_deppart/tests/benchmark -ll:gpu 1 -ll:cpu 1 -ll:fsize 8192 -dp:workers 1 -dp:hpool 256 -nocheck -block_random -block_volume 1024 -dp:noisectopt -d1 3 -d2 3 preimage -n 100 -e 100 -p 1 -s 4 -f 5 -b 2,"{""buffer_size"": ""2"", ""cpu_us"": ""859070"", ""d1"": ""3"", ""d2"": ""3"", ""gpu_us"": ""5169"", ""num_edges"": ""100"", ""num_nodes"": ""100"", ""num_pieces"": ""1"", ""num_spaces"": ""4"", ""op"": ""preimage"", ""sparse_factor"": ""5""}","{""d1"": ""3"", ""d2"": ""3"", ""gpu_host_fallback"": ""0"", ""gpu_input_rects"": ""1"", ""gpu_oom_backoffs"": ""0"", ""gpu_scratch_bytes"": ""60854032"", ""gpu_tiles"": ""1"", ""op"": ""preimage"", ""path"": ""ptrs""}",333,1,block_random,1024,5169,859070,ptrs
tile_sweep_publication,preimage,3d,sparse,5,3,1,cpu_source,cpu_us,1,0,0,1,80054032,2,3,3,100,100,4,1,0,2.235336,/pscratch/sd/r/rchanani/realm/build_pm_deppart/tests/benchmark -ll:gpu 1 -ll:cpu 1 -ll:fsize 8192 -dp:workers 1 -dp:hpool 256 -nocheck -block_random -block_volume 1024 -d1 3 -d2 3 preimage -n 100 -e 100 -p 1 -s 4 -f 5 -b 3,"{""buffer_size"": ""3"", ""cpu_us"": ""973987"", ""d1"": ""3"", ""d2"": ""3"", ""gpu_us"": ""5366"", ""num_edges"": ""100"", ""num_nodes"": ""100"", ""num_pieces"": ""1"", ""num_spaces"": ""4"", ""op"": ""preimage"", ""sparse_factor"": ""5""}","{""d1"": ""3"", ""d2"": ""3"", ""gpu_host_fallback"": ""0"", ""gpu_input_rects"": ""1"", ""gpu_oom_backoffs"": ""0"", ""gpu_scratch_bytes"": ""80054032"", ""gpu_tiles"": ""1"", ""op"": ""preimage"", ""path"": ""ptrs""}",334,2,block_random,1024,5366,973987,ptrs
tile_sweep_publication,preimage,3d,sparse,5,3,1,gpu_source,gpu_us,1,0,0,1,80054032,2,3,3,100,100,4,1,0,1.832849,/pscratch/sd/r/rchanani/realm/build_pm_deppart/tests/benchmark -ll:gpu 1 -ll:cpu 1 -ll:fsize 8192 -dp:workers 1 -dp:hpool 256 -nocheck -block_random -block_volume 1024 -dp:noisectopt -d1 3 -d2 3 preimage -n 100 -e 100 -p 1 -s 4 -f 5 -b 3,"{""buffer_size"": ""3"", ""cpu_us"": ""855050"", ""d1"": ""3"", ""d2"": ""3"", ""gpu_us"": ""4778"", ""num_edges"": ""100"", ""num_nodes"": ""100"", ""num_pieces"": ""1"", ""num_spaces"": ""4"", ""op"": ""preimage"", ""sparse_factor"": ""5""}","{""d1"": ""3"", ""d2"": ""3"", ""gpu_host_fallback"": ""0"", ""gpu_input_rects"": ""1"", ""gpu_oom_backoffs"": ""0"", ""gpu_scratch_bytes"": ""80054032"", ""gpu_tiles"": ""1"", ""op"": ""preimage"", ""path"": ""ptrs""}",335,3,block_random,1024,4778,855050,ptrs
tile_sweep_publication,preimage,3d,sparse,5,4,1,cpu_source,cpu_us,1,0,0,1,99254032,2,3,3,100,100,4,1,0,1.951989,/pscratch/sd/r/rchanani/realm/build_pm_deppart/tests/benchmark -ll:gpu 1 -ll:cpu 1 -ll:fsize 8192 -dp:workers 1 -dp:hpool 256 -nocheck -block_random -block_volume 1024 -d1 3 -d2 3 preimage -n 100 -e 100 -p 1 -s 4 -f 5 -b 4,"{""buffer_size"": ""4"", ""cpu_us"": ""972180"", ""d1"": ""3"", ""d2"": ""3"", ""gpu_us"": ""4695"", ""num_edges"": ""100"", ""num_nodes"": ""100"", ""num_pieces"": ""1"", ""num_spaces"": ""4"", ""op"": ""preimage"", ""sparse_factor"": ""5""}","{""d1"": ""3"", ""d2"": ""3"", ""gpu_host_fallback"": ""0"", ""gpu_input_rects"": ""1"", ""gpu_oom_backoffs"": ""0"", ""gpu_scratch_bytes"": ""99254032"", ""gpu_tiles"": ""1"", ""op"": ""preimage"", ""path"": ""ptrs""}",336,0,block_random,1024,4695,972180,ptrs
tile_sweep_publication,preimage,3d,sparse,5,4,1,gpu_source,gpu_us,1,0,0,1,99254032,2,3,3,100,100,4,1,0,2.042341,/pscratch/sd/r/rchanani/realm/build_pm_deppart/tests/benchmark -ll:gpu 1 -ll:cpu 1 -ll:fsize 8192 -dp:workers 1 -dp:hpool 256 -nocheck -block_random -block_volume 1024 -dp:noisectopt -d1 3 -d2 3 preimage -n 100 -e 100 -p 1 -s 4 -f 5 -b 4,"{""buffer_size"": ""4"", ""cpu_us"": ""849620"", ""d1"": ""3"", ""d2"": ""3"", ""gpu_us"": ""5337"", ""num_edges"": ""100"", ""num_nodes"": ""100"", ""num_pieces"": ""1"", ""num_spaces"": ""4"", ""op"": ""preimage"", ""sparse_factor"": ""5""}","{""d1"": ""3"", ""d2"": ""3"", ""gpu_host_fallback"": ""0"", ""gpu_input_rects"": ""1"", ""gpu_oom_backoffs"": ""0"", ""gpu_scratch_bytes"": ""99254032"", ""gpu_tiles"": ""1"", ""op"": ""preimage"", ""path"": ""ptrs""}",337,1,block_random,1024,5337,849620,ptrs
tile_sweep_publication,preimage,3d,sparse,5,5,1,cpu_source,cpu_us,1,0,0,1,118454032,2,3,3,100,100,4,1,0,2.175227,/pscratch/sd/r/rchanani/realm/build_pm_deppart/tests/benchmark -ll:gpu 1 -ll:cpu 1 -ll:fsize 8192 -dp:workers 1 -dp:hpool 256 -nocheck -block_random -block_volume 1024 -d1 3 -d2 3 preimage -n 100 -e 100 -p 1 -s 4 -f 5 -b 5,"{""buffer_size"": ""5"", ""cpu_us"": ""980504"", ""d1"": ""3"", ""d2"": ""3"", ""gpu_us"": ""5421"", ""num_edges"": ""100"", ""num_nodes"": ""100"", ""num_pieces"": ""1"", ""num_spaces"": ""4"", ""op"": ""preimage"", ""sparse_factor"": ""5""}","{""d1"": ""3"", ""d2"": ""3"", ""gpu_host_fallback"": ""0"", ""gpu_input_rects"": ""1"", ""gpu_oom_backoffs"": ""0"", ""gpu_scratch_bytes"": ""118454032"", ""gpu_tiles"": ""1"", ""op"": ""preimage"", ""path"": ""ptrs""}",338,2,block_random,1024,5421,980504,ptrs
tile_sweep_publication,preimage,3d,sparse,5,5,1,gpu_source,gpu_us,1,0,0,1,118454032,2,3,3,100,100,4,1,0,1.845625,/pscratch/sd/r/rchanani/realm/build_pm_deppart/tests/benchmark -ll:gpu 1 -ll:cpu 1 -ll:fsize 8192 -dp:workers 1 -dp:hpool 256 -nocheck -block_random -block_volume 1024 -dp:noisectopt -d1 3 -d2 3 preimage -n 100 -e 100 -p 1 -s 4 -f 5 -b 5,"{""buffer_size"": ""5"", ""cpu_us"": ""852120"", ""d1"": ""3"", ""d2"": ""3"", ""gpu_us"": ""4922"", ""num_edges"": ""100"", ""num_nodes"": ""100"", ""num_pieces"": ""1"", ""num_spaces"": ""4"", ""op"": ""preimage"", ""sparse_factor"": ""5""}","{""d1"": ""3"", ""d2"": ""3"", ""gpu_host_fallback"": ""0"", ""gpu_input_rects"": ""1"", ""gpu_oom_backoffs"": ""0"", ""gpu_scratch_bytes"": ""118454032"", ""gpu_tiles"": ""1"", ""op"": ""preimage"", ""path"": ""ptrs""}",339,3,block_random,1024,4922,852120,ptrs
tile_sweep_publication,preimage,3d,sparse,5,7,1,cpu_source,cpu_us,1,0,0,1,156854032,2,3,3,100,100,4,1,0,1.938355,/pscratch/sd/r/rchanani/realm/build_pm_deppart/tests/benchmark -ll:gpu 1 -ll:cpu 1 -ll:fsize 8192 -dp:workers 1 -dp:hpool 256 -nocheck -block_random -block_volume 1024 -d1 3 -d2 3 preimage -n 100 -e 100 -p 1 -s 4 -f 5 -b 7,"{""buffer_size"": ""7"", ""cpu_us"": ""969684"", ""d1"": ""3"", ""d2"": ""3"", ""gpu_us"": ""4918"", ""num_edges"": ""100"", ""num_nodes"": ""100"", ""num_pieces"": ""1"", ""num_spaces"": ""4"", ""op"": ""preimage"", ""sparse_factor"": ""5""}","{""d1"": ""3"", ""d2"": ""3"", ""gpu_host_fallback"": ""0"", ""gpu_input_rects"": ""1"", ""gpu_oom_backoffs"": ""0"", ""gpu_scratch_bytes"": ""156854032"", ""gpu_tiles"": ""1"", ""op"": ""preimage"", ""path"": ""ptrs""}",340,0,block_random,1024,4918,969684,ptrs
tile_sweep_publication,preimage,3d,sparse,5,7,1,gpu_source,gpu_us,1,0,0,1,156854032,2,3,3,100,100,4,1,0,2.010357,/pscratch/sd/r/rchanani/realm/build_pm_deppart/tests/benchmark -ll:gpu 1 -ll:cpu 1 -ll:fsize 8192 -dp:workers 1 -dp:hpool 256 -nocheck -block_random -block_volume 1024 -dp:noisectopt -d1 3 -d2 3 preimage -n 100 -e 100 -p 1 -s 4 -f 5 -b 7,"{""buffer_size"": ""7"", ""cpu_us"": ""849816"", ""d1"": ""3"", ""d2"": ""3"", ""gpu_us"": ""5424"", ""num_edges"": ""100"", ""num_nodes"": ""100"", ""num_pieces"": ""1"", ""num_spaces"": ""4"", ""op"": ""preimage"", ""sparse_factor"": ""5""}","{""d1"": ""3"", ""d2"": ""3"", ""gpu_host_fallback"": ""0"", ""gpu_input_rects"": ""1"", ""gpu_oom_backoffs"": ""0"", ""gpu_scratch_bytes"": ""156854032"", ""gpu_tiles"": ""1"", ""op"": ""preimage"", ""path"": ""ptrs""}",341,1,block_random,1024,5424,849816,ptrs
tile_sweep_publication,preimage,3d,sparse,5,10,1,cpu_source,cpu_us,1,0,0,1,214454032,2,3,3,100,100,4,1,0,2.196441,/pscratch/sd/r/rchanani/realm/build_pm_deppart/tests/benchmark -ll:gpu 1 -ll:cpu 1 -ll:fsize 8192 -dp:workers 1 -dp:hpool 256 -nocheck -block_random -block_volume 1024 -d1 3 -d2 3 preimage -n 100 -e 100 -p 1 -s 4 -f 5 -b 10,"{""buffer_size"": ""10"", ""cpu_us"": ""986244"", ""d1"": ""3"", ""d2"": ""3"", ""gpu_us"": ""5264"", ""num_edges"": ""100"", ""num_nodes"": ""100"", ""num_pieces"": ""1"", ""num_spaces"": ""4"", ""op"": ""preimage"", ""sparse_factor"": ""5""}","{""d1"": ""3"", ""d2"": ""3"", ""gpu_host_fallback"": ""0"", ""gpu_input_rects"": ""1"", ""gpu_oom_backoffs"": ""0"", ""gpu_scratch_bytes"": ""214454032"", ""gpu_tiles"": ""1"", ""op"": ""preimage"", ""path"": ""ptrs""}",342,2,block_random,1024,5264,986244,ptrs
tile_sweep_publication,preimage,3d,sparse,5,10,1,gpu_source,gpu_us,1,0,0,1,214454032,2,3,3,100,100,4,1,0,1.831966,/pscratch/sd/r/rchanani/realm/build_pm_deppart/tests/benchmark -ll:gpu 1 -ll:cpu 1 -ll:fsize 8192 -dp:workers 1 -dp:hpool 256 -nocheck -block_random -block_volume 1024 -dp:noisectopt -d1 3 -d2 3 preimage -n 100 -e 100 -p 1 -s 4 -f 5 -b 10,"{""buffer_size"": ""10"", ""cpu_us"": ""849729"", ""d1"": ""3"", ""d2"": ""3"", ""gpu_us"": ""4704"", ""num_edges"": ""100"", ""num_nodes"": ""100"", ""num_pieces"": ""1"", ""num_spaces"": ""4"", ""op"": ""preimage"", ""sparse_factor"": ""5""}","{""d1"": ""3"", ""d2"": ""3"", ""gpu_host_fallback"": ""0"", ""gpu_input_rects"": ""1"", ""gpu_oom_backoffs"": ""0"", ""gpu_scratch_bytes"": ""214454032"", ""gpu_tiles"": ""1"", ""op"": ""preimage"", ""path"": ""ptrs""}",343,3,block_random,1024,4704,849729,ptrs
tile_sweep_publication,preimage,3d,sparse,5,15,1,cpu_source,cpu_us,1,0,0,1,310454032,2,3,3,100,100,4,1,0,1.927034,/pscratch/sd/r/rchanani/realm/build_pm_deppart/tests/benchmark -ll:gpu 1 -ll:cpu 1 -ll:fsize 8192 -dp:workers 1 -dp:hpool 256 -nocheck -block_random -block_volume 1024 -d1 3 -d2 3 preimage -n 100 -e 100 -p 1 -s 4 -f 5 -b 15,"{""buffer_size"": ""15"", ""cpu_us"": ""972553"", ""d1"": ""3"", ""d2"": ""3"", ""gpu_us"": ""4471"", ""num_edges"": ""100"", ""num_nodes"": ""100"", ""num_pieces"": ""1"", ""num_spaces"": ""4"", ""op"": ""preimage"", ""sparse_factor"": ""5""}","{""d1"": ""3"", ""d2"": ""3"", ""gpu_host_fallback"": ""0"", ""gpu_input_rects"": ""1"", ""gpu_oom_backoffs"": ""0"", ""gpu_scratch_bytes"": ""310454032"", ""gpu_tiles"": ""1"", ""op"": ""preimage"", ""path"": ""ptrs""}",344,0,block_random,1024,4471,972553,ptrs
tile_sweep_publication,preimage,3d,sparse,5,15,1,gpu_source,gpu_us,1,0,0,1,310454032,2,3,3,100,100,4,1,0,1.965974,/pscratch/sd/r/rchanani/realm/build_pm_deppart/tests/benchmark -ll:gpu 1 -ll:cpu 1 -ll:fsize 8192 -dp:workers 1 -dp:hpool 256 -nocheck -block_random -block_volume 1024 -dp:noisectopt -d1 3 -d2 3 preimage -n 100 -e 100 -p 1 -s 4 -f 5 -b 15,"{""buffer_size"": ""15"", ""cpu_us"": ""854146"", ""d1"": ""3"", ""d2"": ""3"", ""gpu_us"": ""5200"", ""num_edges"": ""100"", ""num_nodes"": ""100"", ""num_pieces"": ""1"", ""num_spaces"": ""4"", ""op"": ""preimage"", ""sparse_factor"": ""5""}","{""d1"": ""3"", ""d2"": ""3"", ""gpu_host_fallback"": ""0"", ""gpu_input_rects"": ""1"", ""gpu_oom_backoffs"": ""0"", ""gpu_scratch_bytes"": ""310454032"", ""gpu_tiles"": ""1"", ""op"": ""preimage"", ""path"": ""ptrs""}",345,1,block_random,1024,5200,854146,ptrs
tile_sweep_publication,preimage,3d,sparse,5,20,1,cpu_source,cpu_us,1,0,0,1,406454032,2,3,3,100,100,4,1,0,2.086992,/pscratch/sd/r/rchanani/realm/build_pm_deppart/tests/benchmark -ll:gpu 1 -ll:cpu 1 -ll:fsize 8192 -dp:workers 1 -dp:hpool 256 -nocheck -block_random -block_volume 1024 -d1 3 -d2 3 preimage -n 100 -e 100 -p 1 -s 4 -f 5 -b 20,"{""buffer_size"": ""20"", ""cpu_us"": ""973187"", ""d1"": ""3"", ""d2"": ""3"", ""gpu_us"": ""5434"", ""num_edges"": ""100"", ""num_nodes"": ""100"", ""num_pieces"": ""1"", ""num_spaces"": ""4"", ""op"": ""preimage"", ""sparse_factor"": ""5""}","{""d1"": ""3"", ""d2"": ""3"", ""gpu_host_fallback"": ""0"", ""gpu_input_rects"": ""1"", ""gpu_oom_backoffs"": ""0"", ""gpu_scratch_bytes"": ""406454032"", ""gpu_tiles"": ""1"", ""op"": ""preimage"", ""path"": ""ptrs""}",346,2,block_random,1024,5434,973187,ptrs
tile_sweep_publication,preimage,3d,sparse,5,20,1,gpu_source,gpu_us,1,0,0,1,406454032,2,3,3,100,100,4,1,0,1.848249,/pscratch/sd/r/rchanani/realm/build_pm_deppart/tests/benchmark -ll:gpu 1 -ll:cpu 1 -ll:fsize 8192 -dp:workers 1 -dp:hpool 256 -nocheck -block_random -block_volume 1024 -dp:noisectopt -d1 3 -d2 3 preimage -n 100 -e 100 -p 1 -s 4 -f 5 -b 20,"{""buffer_size"": ""20"", ""cpu_us"": ""854312"", ""d1"": ""3"", ""d2"": ""3"", ""gpu_us"": ""4797"", ""num_edges"": ""100"", ""num_nodes"": ""100"", ""num_pieces"": ""1"", ""num_spaces"": ""4"", ""op"": ""preimage"", ""sparse_factor"": ""5""}","{""d1"": ""3"", ""d2"": ""3"", ""gpu_host_fallback"": ""0"", ""gpu_input_rects"": ""1"", ""gpu_oom_backoffs"": ""0"", ""gpu_scratch_bytes"": ""406454032"", ""gpu_tiles"": ""1"", ""op"": ""preimage"", ""path"": ""ptrs""}",347,3,block_random,1024,4797,854312,ptrs
tile_sweep_publication,preimage,3d,sparse,5,25,1,cpu_source,cpu_us,1,0,0,1,502454032,2,3,3,100,100,4,1,0,1.972515,/pscratch/sd/r/rchanani/realm/build_pm_deppart/tests/benchmark -ll:gpu 1 -ll:cpu 1 -ll:fsize 8192 -dp:workers 1 -dp:hpool 256 -nocheck -block_random -block_volume 1024 -d1 3 -d2 3 preimage -n 100 -e 100 -p 1 -s 4 -f 5 -b 25,"{""buffer_size"": ""25"", ""cpu_us"": ""969659"", ""d1"": ""3"", ""d2"": ""3"", ""gpu_us"": ""4986"", ""num_edges"": ""100"", ""num_nodes"": ""100"", ""num_pieces"": ""1"", ""num_spaces"": ""4"", ""op"": ""preimage"", ""sparse_factor"": ""5""}","{""d1"": ""3"", ""d2"": ""3"", ""gpu_host_fallback"": ""0"", ""gpu_input_rects"": ""1"", ""gpu_oom_backoffs"": ""0"", ""gpu_scratch_bytes"": ""502454032"", ""gpu_tiles"": ""1"", ""op"": ""preimage"", ""path"": ""ptrs""}",348,0,block_random,1024,4986,969659,ptrs
tile_sweep_publication,preimage,3d,sparse,5,25,1,gpu_source,gpu_us,1,0,0,1,502454032,2,3,3,100,100,4,1,0,1.942741,/pscratch/sd/r/rchanani/realm/build_pm_deppart/tests/benchmark -ll:gpu 1 -ll:cpu 1 -ll:fsize 8192 -dp:workers 1 -dp:hpool 256 -nocheck -block_random -block_volume 1024 -dp:noisectopt -d1 3 -d2 3 preimage -n 100 -e 100 -p 1 -s 4 -f 5 -b 25,"{""buffer_size"": ""25"", ""cpu_us"": ""851256"", ""d1"": ""3"", ""d2"": ""3"", ""gpu_us"": ""5025"", ""num_edges"": ""100"", ""num_nodes"": ""100"", ""num_pieces"": ""1"", ""num_spaces"": ""4"", ""op"": ""preimage"", ""sparse_factor"": ""5""}","{""d1"": ""3"", ""d2"": ""3"", ""gpu_host_fallback"": ""0"", ""gpu_input_rects"": ""1"", ""gpu_oom_backoffs"": ""0"", ""gpu_scratch_bytes"": ""502454032"", ""gpu_tiles"": ""1"", ""op"": ""preimage"", ""path"": ""ptrs""}",349,1,block_random,1024,5025,851256,ptrs
tile_sweep_publication,preimage,3d,sparse,5,30,1,cpu_source,cpu_us,1,0,0,1,598454032,2,3,3,100,100,4,1,0,2.198509,/pscratch/sd/r/rchanani/realm/build_pm_deppart/tests/benchmark -ll:gpu 1 -ll:cpu 1 -ll:fsize 8192 -dp:workers 1 -dp:hpool 256 -nocheck -block_random -block_volume 1024 -d1 3 -d2 3 preimage -n 100 -e 100 -p 1 -s 4 -f 5 -b 30,"{""buffer_size"": ""30"", ""cpu_us"": ""987131"", ""d1"": ""3"", ""d2"": ""3"", ""gpu_us"": ""5622"", ""num_edges"": ""100"", ""num_nodes"": ""100"", ""num_pieces"": ""1"", ""num_spaces"": ""4"", ""op"": ""preimage"", ""sparse_factor"": ""5""}","{""d1"": ""3"", ""d2"": ""3"", ""gpu_host_fallback"": ""0"", ""gpu_input_rects"": ""1"", ""gpu_oom_backoffs"": ""0"", ""gpu_scratch_bytes"": ""598454032"", ""gpu_tiles"": ""1"", ""op"": ""preimage"", ""path"": ""ptrs""}",350,2,block_random,1024,5622,987131,ptrs
tile_sweep_publication,preimage,3d,sparse,5,30,1,gpu_source,gpu_us,1,0,0,1,598454032,2,3,3,100,100,4,1,0,1.847026,/pscratch/sd/r/rchanani/realm/build_pm_deppart/tests/benchmark -ll:gpu 1 -ll:cpu 1 -ll:fsize 8192 -dp:workers 1 -dp:hpool 256 -nocheck -block_random -block_volume 1024 -dp:noisectopt -d1 3 -d2 3 preimage -n 100 -e 100 -p 1 -s 4 -f 5 -b 30,"{""buffer_size"": ""30"", ""cpu_us"": ""844337"", ""d1"": ""3"", ""d2"": ""3"", ""gpu_us"": ""4717"", ""num_edges"": ""100"", ""num_nodes"": ""100"", ""num_pieces"": ""1"", ""num_spaces"": ""4"", ""op"": ""preimage"", ""sparse_factor"": ""5""}","{""d1"": ""3"", ""d2"": ""3"", ""gpu_host_fallback"": ""0"", ""gpu_input_rects"": ""1"", ""gpu_oom_backoffs"": ""0"", ""gpu_scratch_bytes"": ""598454032"", ""gpu_tiles"": ""1"", ""op"": ""preimage"", ""path"": ""ptrs""}",351,3,block_random,1024,4717,844337,ptrs
tile_sweep_publication,preimage,3d,sparse,5,40,1,cpu_source,cpu_us,1,0,0,1,790454032,2,3,3,100,100,4,1,0,1.954032,/pscratch/sd/r/rchanani/realm/build_pm_deppart/tests/benchmark -ll:gpu 1 -ll:cpu 1 -ll:fsize 8192 -dp:workers 1 -dp:hpool 256 -nocheck -block_random -block_volume 1024 -d1 3 -d2 3 preimage -n 100 -e 100 -p 1 -s 4 -f 5 -b 40,"{""buffer_size"": ""40"", ""cpu_us"": ""974789"", ""d1"": ""3"", ""d2"": ""3"", ""gpu_us"": ""4723"", ""num_edges"": ""100"", ""num_nodes"": ""100"", ""num_pieces"": ""1"", ""num_spaces"": ""4"", ""op"": ""preimage"", ""sparse_factor"": ""5""}","{""d1"": ""3"", ""d2"": ""3"", ""gpu_host_fallback"": ""0"", ""gpu_input_rects"": ""1"", ""gpu_oom_backoffs"": ""0"", ""gpu_scratch_bytes"": ""790454032"", ""gpu_tiles"": ""1"", ""op"": ""preimage"", ""path"": ""ptrs""}",352,0,block_random,1024,4723,974789,ptrs
tile_sweep_publication,preimage,3d,sparse,5,40,1,gpu_source,gpu_us,1,0,0,1,790454032,2,3,3,100,100,4,1,0,1.954456,/pscratch/sd/r/rchanani/realm/build_pm_deppart/tests/benchmark -ll:gpu 1 -ll:cpu 1 -ll:fsize 8192 -dp:workers 1 -dp:hpool 256 -nocheck -block_random -block_volume 1024 -dp:noisectopt -d1 3 -d2 3 preimage -n 100 -e 100 -p 1 -s 4 -f 5 -b 40,"{""buffer_size"": ""40"", ""cpu_us"": ""847526"", ""d1"": ""3"", ""d2"": ""3"", ""gpu_us"": ""5227"", ""num_edges"": ""100"", ""num_nodes"": ""100"", ""num_pieces"": ""1"", ""num_spaces"": ""4"", ""op"": ""preimage"", ""sparse_factor"": ""5""}","{""d1"": ""3"", ""d2"": ""3"", ""gpu_host_fallback"": ""0"", ""gpu_input_rects"": ""1"", ""gpu_oom_backoffs"": ""0"", ""gpu_scratch_bytes"": ""790454032"", ""gpu_tiles"": ""1"", ""op"": ""preimage"", ""path"": ""ptrs""}",353,1,block_random,1024,5227,847526,ptrs
tile_sweep_publication,preimage,3d,sparse,5,50,1,cpu_source,cpu_us,1,0,0,1,982454032,2,3,3,100,100,4,1,0,2.243752,/pscratch/sd/r/rchanani/realm/build_pm_deppart/tests/benchmark -ll:gpu 1 -ll:cpu 1 -ll:fsize 8192 -dp:workers 1 -dp:hpool 256 -nocheck -block_random -block_volume 1024 -d1 3 -d2 3 preimage -n 100 -e 100 -p 1 -s 4 -f 5 -b 50,"{""buffer_size"": ""50"", ""cpu_us"": ""992804"", ""d1"": ""3"", ""d2"": ""3"", ""gpu_us"": ""4988"", ""num_edges"": ""100"", ""num_nodes"": ""100"", ""num_pieces"": ""1"", ""num_spaces"": ""4"", ""op"": ""preimage"", ""sparse_factor"": ""5""}","{""d1"": ""3"", ""d2"": ""3"", ""gpu_host_fallback"": ""0"", ""gpu_input_rects"": ""1"", ""gpu_oom_backoffs"": ""0"", ""gpu_scratch_bytes"": ""982454032"", ""gpu_tiles"": ""1"", ""op"": ""preimage"", ""path"": ""ptrs""}",354,2,block_random,1024,4988,992804,ptrs
tile_sweep_publication,preimage,3d,sparse,5,50,1,gpu_source,gpu_us,1,0,0,1,982454032,2,3,3,100,100,4,1,0,1.833490,/pscratch/sd/r/rchanani/realm/build_pm_deppart/tests/benchmark -ll:gpu 1 -ll:cpu 1 -ll:fsize 8192 -dp:workers 1 -dp:hpool 256 -nocheck -block_random -block_volume 1024 -dp:noisectopt -d1 3 -d2 3 preimage -n 100 -e 100 -p 1 -s 4 -f 5 -b 50,"{""buffer_size"": ""50"", ""cpu_us"": ""846747"", ""d1"": ""3"", ""d2"": ""3"", ""gpu_us"": ""4822"", ""num_edges"": ""100"", ""num_nodes"": ""100"", ""num_pieces"": ""1"", ""num_spaces"": ""4"", ""op"": ""preimage"", ""sparse_factor"": ""5""}","{""d1"": ""3"", ""d2"": ""3"", ""gpu_host_fallback"": ""0"", ""gpu_input_rects"": ""1"", ""gpu_oom_backoffs"": ""0"", ""gpu_scratch_bytes"": ""982454032"", ""gpu_tiles"": ""1"", ""op"": ""preimage"", ""path"": ""ptrs""}",355,3,block_random,1024,4822,846747,ptrs
tile_sweep_publication,preimage,3d,sparse,5,75,1,cpu_source,cpu_us,1,0,0,1,1462454032,2,3,3,100,100,4,1,0,1.946893,/pscratch/sd/r/rchanani/realm/build_pm_deppart/tests/benchmark -ll:gpu 1 -ll:cpu 1 -ll:fsize 8192 -dp:workers 1 -dp:hpool 256 -nocheck -block_random -block_volume 1024 -d1 3 -d2 3 preimage -n 100 -e 100 -p 1 -s 4 -f 5 -b 75,"{""buffer_size"": ""75"", ""cpu_us"": ""972204"", ""d1"": ""3"", ""d2"": ""3"", ""gpu_us"": ""4749"", ""num_edges"": ""100"", ""num_nodes"": ""100"", ""num_pieces"": ""1"", ""num_spaces"": ""4"", ""op"": ""preimage"", ""sparse_factor"": ""5""}","{""d1"": ""3"", ""d2"": ""3"", ""gpu_host_fallback"": ""0"", ""gpu_input_rects"": ""1"", ""gpu_oom_backoffs"": ""0"", ""gpu_scratch_bytes"": ""1462454032"", ""gpu_tiles"": ""1"", ""op"": ""preimage"", ""path"": ""ptrs""}",356,0,block_random,1024,4749,972204,ptrs
tile_sweep_publication,preimage,3d,sparse,5,75,1,gpu_source,gpu_us,1,0,0,1,1462454032,2,3,3,100,100,4,1,0,1.978890,/pscratch/sd/r/rchanani/realm/build_pm_deppart/tests/benchmark -ll:gpu 1 -ll:cpu 1 -ll:fsize 8192 -dp:workers 1 -dp:hpool 256 -nocheck -block_random -block_volume 1024 -dp:noisectopt -d1 3 -d2 3 preimage -n 100 -e 100 -p 1 -s 4 -f 5 -b 75,"{""buffer_size"": ""75"", ""cpu_us"": ""847287"", ""d1"": ""3"", ""d2"": ""3"", ""gpu_us"": ""5321"", ""num_edges"": ""100"", ""num_nodes"": ""100"", ""num_pieces"": ""1"", ""num_spaces"": ""4"", ""op"": ""preimage"", ""sparse_factor"": ""5""}","{""d1"": ""3"", ""d2"": ""3"", ""gpu_host_fallback"": ""0"", ""gpu_input_rects"": ""1"", ""gpu_oom_backoffs"": ""0"", ""gpu_scratch_bytes"": ""1462454032"", ""gpu_tiles"": ""1"", ""op"": ""preimage"", ""path"": ""ptrs""}",357,1,block_random,1024,5321,847287,ptrs
tile_sweep_publication,preimage,3d,sparse,5,100,1,cpu_source,cpu_us,1,0,0,1,1942454032,2,3,3,100,100,4,1,0,2.149529,/pscratch/sd/r/rchanani/realm/build_pm_deppart/tests/benchmark -ll:gpu 1 -ll:cpu 1 -ll:fsize 8192 -dp:workers 1 -dp:hpool 256 -nocheck -block_random -block_volume 1024 -d1 3 -d2 3 preimage -n 100 -e 100 -p 1 -s 4 -f 5 -b 100,"{""buffer_size"": ""100"", ""cpu_us"": ""999975"", ""d1"": ""3"", ""d2"": ""3"", ""gpu_us"": ""5323"", ""num_edges"": ""100"", ""num_nodes"": ""100"", ""num_pieces"": ""1"", ""num_spaces"": ""4"", ""op"": ""preimage"", ""sparse_factor"": ""5""}","{""d1"": ""3"", ""d2"": ""3"", ""gpu_host_fallback"": ""0"", ""gpu_input_rects"": ""1"", ""gpu_oom_backoffs"": ""0"", ""gpu_scratch_bytes"": ""1942454032"", ""gpu_tiles"": ""1"", ""op"": ""preimage"", ""path"": ""ptrs""}",358,2,block_random,1024,5323,999975,ptrs
tile_sweep_publication,preimage,3d,sparse,5,100,1,gpu_source,gpu_us,1,0,0,1,1942454032,2,3,3,100,100,4,1,0,1.832920,/pscratch/sd/r/rchanani/realm/build_pm_deppart/tests/benchmark -ll:gpu 1 -ll:cpu 1 -ll:fsize 8192 -dp:workers 1 -dp:hpool 256 -nocheck -block_random -block_volume 1024 -dp:noisectopt -d1 3 -d2 3 preimage -n 100 -e 100 -p 1 -s 4 -f 5 -b 100,"{""buffer_size"": ""100"", ""cpu_us"": ""853247"", ""d1"": ""3"", ""d2"": ""3"", ""gpu_us"": ""4743"", ""num_edges"": ""100"", ""num_nodes"": ""100"", ""num_pieces"": ""1"", ""num_spaces"": ""4"", ""op"": ""preimage"", ""sparse_factor"": ""5""}","{""d1"": ""3"", ""d2"": ""3"", ""gpu_host_fallback"": ""0"", ""gpu_input_rects"": ""1"", ""gpu_oom_backoffs"": ""0"", ""gpu_scratch_bytes"": ""1942454032"", ""gpu_tiles"": ""1"", ""op"": ""preimage"", ""path"": ""ptrs""}",359,3,block_random,1024,4743,853247,ptrs
tile_sweep_publication,image,1d,dense,1,1,2,cpu_source,cpu_us,32,104,1,32,14800000,2,1,1,1000000,1000000,4,1,0,4.475369,/pscratch/sd/r/rchanani/realm/build_pm_deppart/tests/benchmark -ll:gpu 1 -ll:cpu 1 -ll:fsize 8192 -dp:workers 1 -dp:hpool 256 -nocheck -block_random -block_volume 1024 -d1 1 -d2 1 image -n 1000000 -e 1000000 -p 1 -s 4 -f 1 -b 1,"{""buffer_size"": ""1"", ""cpu_us"": ""45938"", ""d1"": ""1"", ""d2"": ""1"", ""gpu_us"": ""35200"", ""num_edges"": ""1000000"", ""num_nodes"": ""1000000"", ""num_pieces"": ""1"", ""num_spaces"": ""4"", ""op"": ""image"", ""sparse_factor"": ""1""}","{""d1"": ""1"", ""d2"": ""1"", ""gpu_host_fallback"": ""1"", ""gpu_input_rects"": ""32"", ""gpu_oom_backoffs"": ""104"", ""gpu_scratch_bytes"": ""14800000"", ""gpu_tiles"": ""32"", ""op"": ""image"", ""path"": ""ptrs""}",360,0,block_random,1024,35200,45938,ptrs
tile_sweep_publication,image,1d,dense,1,1,2,gpu_source,gpu_us,32,104,1,32,14800000,2,1,1,1000000,1000000,4,1,0,4.617632,/pscratch/sd/r/rchanani/realm/build_pm_deppart/tests/benchmark -ll:gpu 1 -ll:cpu 1 -ll:fsize 8192 -dp:workers 1 -dp:hpool 256 -nocheck -block_random -block_volume 1024 -dp:noisectopt -d1 1 -d2 1 image -n 1000000 -e 1000000 -p 1 -s 4 -f 1 -b 1,"{""buffer_size"": ""1"", ""cpu_us"": ""46484"", ""d1"": ""1"", ""d2"": ""1"", ""gpu_us"": ""41024"", ""num_edges"": ""1000000"", ""num_nodes"": ""1000000"", ""num_pieces"": ""1"", ""num_spaces"": ""4"", ""op"": ""image"", ""sparse_factor"": ""1""}","{""d1"": ""1"", ""d2"": ""1"", ""gpu_host_fallback"": ""1"", ""gpu_input_rects"": ""32"", ""gpu_oom_backoffs"": ""104"", ""gpu_scratch_bytes"": ""14800000"", ""gpu_tiles"": ""32"", ""op"": ""image"", ""path"": ""ptrs""}",361,1,block_random,1024,41024,46484,ptrs
tile_sweep_publication,image,1d,dense,1,2,2,cpu_source,cpu_us,16,39,1,16,27600001,2,1,1,1000000,1000000,4,1,0,4.697819,/pscratch/sd/r/rchanani/realm/build_pm_deppart/tests/benchmark -ll:gpu 1 -ll:cpu 1 -ll:fsize 8192 -dp:workers 1 -dp:hpool 256 -nocheck -block_random -block_volume 1024 -d1 1 -d2 1 image -n 1000000 -e 1000000 -p 1 -s 4 -f 1 -b 2,"{""buffer_size"": ""2"", ""cpu_us"": ""45891"", ""d1"": ""1"", ""d2"": ""1"", ""gpu_us"": ""18063"", ""num_edges"": ""1000000"", ""num_nodes"": ""1000000"", ""num_pieces"": ""1"", ""num_spaces"": ""4"", ""op"": ""image"", ""sparse_factor"": ""1""}","{""d1"": ""1"", ""d2"": ""1"", ""gpu_host_fallback"": ""1"", ""gpu_input_rects"": ""16"", ""gpu_oom_backoffs"": ""39"", ""gpu_scratch_bytes"": ""27600001"", ""gpu_tiles"": ""16"", ""op"": ""image"", ""path"": ""ptrs""}",362,2,block_random,1024,18063,45891,ptrs
tile_sweep_publication,image,1d,dense,1,2,2,gpu_source,gpu_us,16,39,1,16,27600001,2,1,1,1000000,1000000,4,1,0,4.422925,/pscratch/sd/r/rchanani/realm/build_pm_deppart/tests/benchmark -ll:gpu 1 -ll:cpu 1 -ll:fsize 8192 -dp:workers 1 -dp:hpool 256 -nocheck -block_random -block_volume 1024 -dp:noisectopt -d1 1 -d2 1 image -n 1000000 -e 1000000 -p 1 -s 4 -f 1 -b 2,"{""buffer_size"": ""2"", ""cpu_us"": ""45758"", ""d1"": ""1"", ""d2"": ""1"", ""gpu_us"": ""16221"", ""num_edges"": ""1000000"", ""num_nodes"": ""1000000"", ""num_pieces"": ""1"", ""num_spaces"": ""4"", ""op"": ""image"", ""sparse_factor"": ""1""}","{""d1"": ""1"", ""d2"": ""1"", ""gpu_host_fallback"": ""1"", ""gpu_input_rects"": ""16"", ""gpu_oom_backoffs"": ""39"", ""gpu_scratch_bytes"": ""27600001"", ""gpu_tiles"": ""16"", ""op"": ""image"", ""path"": ""ptrs""}",363,3,block_random,1024,16221,45758,ptrs
tile_sweep_publication,image,1d,dense,1,3,2,cpu_source,cpu_us,16,39,1,16,40400001,2,1,1,1000000,1000000,4,1,0,4.417861,/pscratch/sd/r/rchanani/realm/build_pm_deppart/tests/benchmark -ll:gpu 1 -ll:cpu 1 -ll:fsize 8192 -dp:workers 1 -dp:hpool 256 -nocheck -block_random -block_volume 1024 -d1 1 -d2 1 image -n 1000000 -e 1000000 -p 1 -s 4 -f 1 -b 3,"{""buffer_size"": ""3"", ""cpu_us"": ""46538"", ""d1"": ""1"", ""d2"": ""1"", ""gpu_us"": ""16872"", ""num_edges"": ""1000000"", ""num_nodes"": ""1000000"", ""num_pieces"": ""1"", ""num_spaces"": ""4"", ""op"": ""image"", ""sparse_factor"": ""1""}","{""d1"": ""1"", ""d2"": ""1"", ""gpu_host_fallback"": ""1"", ""gpu_input_rects"": ""16"", ""gpu_oom_backoffs"": ""39"", ""gpu_scratch_bytes"": ""40400001"", ""gpu_tiles"": ""16"", ""op"": ""image"", ""path"": ""ptrs""}",364,0,block_random,1024,16872,46538,ptrs
tile_sweep_publication,image,1d,dense,1,3,2,gpu_source,gpu_us,16,39,1,16,40400001,2,1,1,1000000,1000000,4,1,0,4.553230,/pscratch/sd/r/rchanani/realm/build_pm_deppart/tests/benchmark -ll:gpu 1 -ll:cpu 1 -ll:fsize 8192 -dp:workers 1 -dp:hpool 256 -nocheck -block_random -block_volume 1024 -dp:noisectopt -d1 1 -d2 1 image -n 1000000 -e 1000000 -p 1 -s 4 -f 1 -b 3,"{""buffer_size"": ""3"", ""cpu_us"": ""45334"", ""d1"": ""1"", ""d2"": ""1"", ""gpu_us"": ""17031"", ""num_edges"": ""1000000"", ""num_nodes"": ""1000000"", ""num_pieces"": ""1"", ""num_spaces"": ""4"", ""op"": ""image"", ""sparse_factor"": ""1""}","{""d1"": ""1"", ""d2"": ""1"", ""gpu_host_fallback"": ""1"", ""gpu_input_rects"": ""16"", ""gpu_oom_backoffs"": ""39"", ""gpu_scratch_bytes"": ""40400001"", ""gpu_tiles"": ""16"", ""op"": ""image"", ""path"": ""ptrs""}",365,1,block_random,1024,17031,45334,ptrs
tile_sweep_publication,image,1d,dense,1,4,2,cpu_source,cpu_us,8,14,1,8,53200002,2,1,1,1000000,1000000,4,1,0,4.594213,/pscratch/sd/r/rchanani/realm/build_pm_deppart/tests/benchmark -ll:gpu 1 -ll:cpu 1 -ll:fsize 8192 -dp:workers 1 -dp:hpool 256 -nocheck -block_random -block_volume 1024 -d1 1 -d2 1 image -n 1000000 -e 1000000 -p 1 -s 4 -f 1 -b 4,"{""buffer_size"": ""4"", ""cpu_us"": ""46293"", ""d1"": ""1"", ""d2"": ""1"", ""gpu_us"": ""8094"", ""num_edges"": ""1000000"", ""num_nodes"": ""1000000"", ""num_pieces"": ""1"", ""num_spaces"": ""4"", ""op"": ""image"", ""sparse_factor"": ""1""}","{""d1"": ""1"", ""d2"": ""1"", ""gpu_host_fallback"": ""1"", ""gpu_input_rects"": ""8"", ""gpu_oom_backoffs"": ""14"", ""gpu_scratch_bytes"": ""53200002"", ""gpu_tiles"": ""8"", ""op"": ""image"", ""path"": ""ptrs""}",366,2,block_random,1024,8094,46293,ptrs
tile_sweep_publication,image,1d,dense,1,4,2,gpu_source,gpu_us,8,14,1,8,53200002,2,1,1,1000000,1000000,4,1,0,4.436656,/pscratch/sd/r/rchanani/realm/build_pm_deppart/tests/benchmark -ll:gpu 1 -ll:cpu 1 -ll:fsize 8192 -dp:workers 1 -dp:hpool 256 -nocheck -block_random -block_volume 1024 -dp:noisectopt -d1 1 -d2 1 image -n 1000000 -e 1000000 -p 1 -s 4 -f 1 -b 4,"{""buffer_size"": ""4"", ""cpu_us"": ""45633"", ""d1"": ""1"", ""d2"": ""1"", ""gpu_us"": ""8861"", ""num_edges"": ""1000000"", ""num_nodes"": ""1000000"", ""num_pieces"": ""1"", ""num_spaces"": ""4"", ""op"": ""image"", ""sparse_factor"": ""1""}","{""d1"": ""1"", ""d2"": ""1"", ""gpu_host_fallback"": ""1"", ""gpu_input_rects"": ""8"", ""gpu_oom_backoffs"": ""14"", ""gpu_scratch_bytes"": ""53200002"", ""gpu_tiles"": ""8"", ""op"": ""image"", ""path"": ""ptrs""}",367,3,block_random,1024,8861,45633,ptrs
tile_sweep_publication,image,1d,dense,1,5,2,cpu_source,cpu_us,8,14,1,8,66000003,2,1,1,1000000,1000000,4,1,0,4.398693,/pscratch/sd/r/rchanani/realm/build_pm_deppart/tests/benchmark -ll:gpu 1 -ll:cpu 1 -ll:fsize 8192 -dp:workers 1 -dp:hpool 256 -nocheck -block_random -block_volume 1024 -d1 1 -d2 1 image -n 1000000 -e 1000000 -p 1 -s 4 -f 1 -b 5,"{""buffer_size"": ""5"", ""cpu_us"": ""45720"", ""d1"": ""1"", ""d2"": ""1"", ""gpu_us"": ""8482"", ""num_edges"": ""1000000"", ""num_nodes"": ""1000000"", ""num_pieces"": ""1"", ""num_spaces"": ""4"", ""op"": ""image"", ""sparse_factor"": ""1""}","{""d1"": ""1"", ""d2"": ""1"", ""gpu_host_fallback"": ""1"", ""gpu_input_rects"": ""8"", ""gpu_oom_backoffs"": ""14"", ""gpu_scratch_bytes"": ""66000003"", ""gpu_tiles"": ""8"", ""op"": ""image"", ""path"": ""ptrs""}",368,0,block_random,1024,8482,45720,ptrs
tile_sweep_publication,image,1d,dense,1,5,2,gpu_source,gpu_us,8,14,1,8,66000003,2,1,1,1000000,1000000,4,1,0,4.610588,/pscratch/sd/r/rchanani/realm/build_pm_deppart/tests/benchmark -ll:gpu 1 -ll:cpu 1 -ll:fsize 8192 -dp:workers 1 -dp:hpool 256 -nocheck -block_random -block_volume 1024 -dp:noisectopt -d1 1 -d2 1 image -n 1000000 -e 1000000 -p 1 -s 4 -f 1 -b 5,"{""buffer_size"": ""5"", ""cpu_us"": ""45510"", ""d1"": ""1"", ""d2"": ""1"", ""gpu_us"": ""9434"", ""num_edges"": ""1000000"", ""num_nodes"": ""1000000"", ""num_pieces"": ""1"", ""num_spaces"": ""4"", ""op"": ""image"", ""sparse_factor"": ""1""}","{""d1"": ""1"", ""d2"": ""1"", ""gpu_host_fallback"": ""1"", ""gpu_input_rects"": ""8"", ""gpu_oom_backoffs"": ""14"", ""gpu_scratch_bytes"": ""66000003"", ""gpu_tiles"": ""8"", ""op"": ""image"", ""path"": ""ptrs""}",369,1,block_random,1024,9434,45510,ptrs
tile_sweep_publication,image,1d,dense,1,7,2,cpu_source,cpu_us,4,5,1,4,91600004,2,1,1,1000000,1000000,4,1,0,4.620575,/pscratch/sd/r/rchanani/realm/build_pm_deppart/tests/benchmark -ll:gpu 1 -ll:cpu 1 -ll:fsize 8192 -dp:workers 1 -dp:hpool 256 -nocheck -block_random -block_volume 1024 -d1 1 -d2 1 image -n 1000000 -e 1000000 -p 1 -s 4 -f 1 -b 7,"{""buffer_size"": ""7"", ""cpu_us"": ""45435"", ""d1"": ""1"", ""d2"": ""1"", ""gpu_us"": ""4846"", ""num_edges"": ""1000000"", ""num_nodes"": ""1000000"", ""num_pieces"": ""1"", ""num_spaces"": ""4"", ""op"": ""image"", ""sparse_factor"": ""1""}","{""d1"": ""1"", ""d2"": ""1"", ""gpu_host_fallback"": ""1"", ""gpu_input_rects"": ""4"", ""gpu_oom_backoffs"": ""5"", ""gpu_scratch_bytes"": ""91600004"", ""gpu_tiles"": ""4"", ""op"": ""image"", ""path"": ""ptrs""}",370,2,block_random,1024,4846,45435,ptrs
tile_sweep_publication,image,1d,dense,1,7,2,gpu_source,gpu_us,4,5,1,4,91600004,2,1,1,1000000,1000000,4,1,0,4.429939,/pscratch/sd/r/rchanani/realm/build_pm_deppart/tests/benchmark -ll:gpu 1 -ll:cpu 1 -ll:fsize 8192 -dp:workers 1 -dp:hpool 256 -nocheck -block_random -block_volume 1024 -dp:noisectopt -d1 1 -d2 1 image -n 1000000 -e 1000000 -p 1 -s 4 -f 1 -b 7,"{""buffer_size"": ""7"", ""cpu_us"": ""45489"", ""d1"": ""1"", ""d2"": ""1"", ""gpu_us"": ""5086"", ""num_edges"": ""1000000"", ""num_nodes"": ""1000000"", ""num_pieces"": ""1"", ""num_spaces"": ""4"", ""op"": ""image"", ""sparse_factor"": ""1""}","{""d1"": ""1"", ""d2"": ""1"", ""gpu_host_fallback"": ""1"", ""gpu_input_rects"": ""4"", ""gpu_oom_backoffs"": ""5"", ""gpu_scratch_bytes"": ""91600004"", ""gpu_tiles"": ""4"", ""op"": ""image"", ""path"": ""ptrs""}",371,3,block_random,1024,5086,45489,ptrs
tile_sweep_publication,image,1d,dense,1,10,2,cpu_source,cpu_us,4,5,1,4,130000006,2,1,1,1000000,1000000,4,1,0,4.415099,/pscratch/sd/r/rchanani/realm/build_pm_deppart/tests/benchmark -ll:gpu 1 -ll:cpu 1 -ll:fsize 8192 -dp:workers 1 -dp:hpool 256 -nocheck -block_random -block_volume 1024 -d1 1 -d2 1 image -n 1000000 -e 1000000 -p 1 -s 4 -f 1 -b 10,"{""buffer_size"": ""10"", ""cpu_us"": ""46123"", ""d1"": ""1"", ""d2"": ""1"", ""gpu_us"": ""4930"", ""num_edges"": ""1000000"", ""num_nodes"": ""1000000"", ""num_pieces"": ""1"", ""num_spaces"": ""4"", ""op"": ""image"", ""sparse_factor"": ""1""}","{""d1"": ""1"", ""d2"": ""1"", ""gpu_host_fallback"": ""1"", ""gpu_input_rects"": ""4"", ""gpu_oom_backoffs"": ""5"", ""gpu_scratch_bytes"": ""130000006"", ""gpu_tiles"": ""4"", ""op"": ""image"", ""path"": ""ptrs""}",372,0,block_random,1024,4930,46123,ptrs
tile_sweep_publication,image,1d,dense,1,10,2,gpu_source,gpu_us,4,5,1,4,130000006,2,1,1,1000000,1000000,4,1,0,4.525787,/pscratch/sd/r/rchanani/realm/build_pm_deppart/tests/benchmark -ll:gpu 1 -ll:cpu 1 -ll:fsize 8192 -dp:workers 1 -dp:hpool 256 -nocheck -block_random -block_volume 1024 -dp:noisectopt -d1 1 -d2 1 image -n 1000000 -e 1000000 -p 1 -s 4 -f 1 -b 10,"{""buffer_size"": ""10"", ""cpu_us"": ""45975"", ""d1"": ""1"", ""d2"": ""1"", ""gpu_us"": ""4999"", ""num_edges"": ""1000000"", ""num_nodes"": ""1000000"", ""num_pieces"": ""1"", ""num_spaces"": ""4"", ""op"": ""image"", ""sparse_factor"": ""1""}","{""d1"": ""1"", ""d2"": ""1"", ""gpu_host_fallback"": ""1"", ""gpu_input_rects"": ""4"", ""gpu_oom_backoffs"": ""5"", ""gpu_scratch_bytes"": ""130000006"", ""gpu_tiles"": ""4"", ""op"": ""image"", ""path"": ""ptrs""}",373,1,block_random,1024,4999,45975,ptrs
tile_sweep_publication,image,1d,dense,1,15,2,cpu_source,cpu_us,2,2,1,2,194000009,2,1,1,1000000,1000000,4,1,0,4.706002,/pscratch/sd/r/rchanani/realm/build_pm_deppart/tests/benchmark -ll:gpu 1 -ll:cpu 1 -ll:fsize 8192 -dp:workers 1 -dp:hpool 256 -nocheck -block_random -block_volume 1024 -d1 1 -d2 1 image -n 1000000 -e 1000000 -p 1 -s 4 -f 1 -b 15,"{""buffer_size"": ""15"", ""cpu_us"": ""46382"", ""d1"": ""1"", ""d2"": ""1"", ""gpu_us"": ""3536"", ""num_edges"": ""1000000"", ""num_nodes"": ""1000000"", ""num_pieces"": ""1"", ""num_spaces"": ""4"", ""op"": ""image"", ""sparse_factor"": ""1""}","{""d1"": ""1"", ""d2"": ""1"", ""gpu_host_fallback"": ""1"", ""gpu_input_rects"": ""2"", ""gpu_oom_backoffs"": ""2"", ""gpu_scratch_bytes"": ""194000009"", ""gpu_tiles"": ""2"", ""op"": ""image"", ""path"": ""ptrs""}",374,2,block_random,1024,3536,46382,ptrs
tile_sweep_publication,image,1d,dense,1,15,2,gpu_source,gpu_us,2,2,1,2,194000009,2,1,1,1000000,1000000,4,1,0,4.421594,/pscratch/sd/r/rchanani/realm/build_pm_deppart/tests/benchmark -ll:gpu 1 -ll:cpu 1 -ll:fsize 8192 -dp:workers 1 -dp:hpool 256 -nocheck -block_random -block_volume 1024 -dp:noisectopt -d1 1 -d2 1 image -n 1000000 -e 1000000 -p 1 -s 4 -f 1 -b 15,"{""buffer_size"": ""15"", ""cpu_us"": ""45396"", ""d1"": ""1"", ""d2"": ""1"", ""gpu_us"": ""3462"", ""num_edges"": ""1000000"", ""num_nodes"": ""1000000"", ""num_pieces"": ""1"", ""num_spaces"": ""4"", ""op"": ""image"", ""sparse_factor"": ""1""}","{""d1"": ""1"", ""d2"": ""1"", ""gpu_host_fallback"": ""1"", ""gpu_input_rects"": ""2"", ""gpu_oom_backoffs"": ""2"", ""gpu_scratch_bytes"": ""194000009"", ""gpu_tiles"": ""2"", ""op"": ""image"", ""path"": ""ptrs""}",375,3,block_random,1024,3462,45396,ptrs
tile_sweep_publication,image,1d,dense,1,20,2,cpu_source,cpu_us,2,2,1,2,258000012,2,1,1,1000000,1000000,4,1,0,4.384911,/pscratch/sd/r/rchanani/realm/build_pm_deppart/tests/benchmark -ll:gpu 1 -ll:cpu 1 -ll:fsize 8192 -dp:workers 1 -dp:hpool 256 -nocheck -block_random -block_volume 1024 -d1 1 -d2 1 image -n 1000000 -e 1000000 -p 1 -s 4 -f 1 -b 20,"{""buffer_size"": ""20"", ""cpu_us"": ""47326"", ""d1"": ""1"", ""d2"": ""1"", ""gpu_us"": ""3508"", ""num_edges"": ""1000000"", ""num_nodes"": ""1000000"", ""num_pieces"": ""1"", ""num_spaces"": ""4"", ""op"": ""image"", ""sparse_factor"": ""1""}","{""d1"": ""1"", ""d2"": ""1"", ""gpu_host_fallback"": ""1"", ""gpu_input_rects"": ""2"", ""gpu_oom_backoffs"": ""2"", ""gpu_scratch_bytes"": ""258000012"", ""gpu_tiles"": ""2"", ""op"": ""image"", ""path"": ""ptrs""}",376,0,block_random,1024,3508,47326,ptrs
tile_sweep_publication,image,1d,dense,1,20,2,gpu_source,gpu_us,2,2,1,2,258000012,2,1,1,1000000,1000000,4,1,0,4.559335,/pscratch/sd/r/rchanani/realm/build_pm_deppart/tests/benchmark -ll:gpu 1 -ll:cpu 1 -ll:fsize 8192 -dp:workers 1 -dp:hpool 256 -nocheck -block_random -block_volume 1024 -dp:noisectopt -d1 1 -d2 1 image -n 1000000 -e 1000000 -p 1 -s 4 -f 1 -b 20,"{""buffer_size"": ""20"", ""cpu_us"": ""45830"", ""d1"": ""1"", ""d2"": ""1"", ""gpu_us"": ""3625"", ""num_edges"": ""1000000"", ""num_nodes"": ""1000000"", ""num_pieces"": ""1"", ""num_spaces"": ""4"", ""op"": ""image"", ""sparse_factor"": ""1""}","{""d1"": ""1"", ""d2"": ""1"", ""gpu_host_fallback"": ""1"", ""gpu_input_rects"": ""2"", ""gpu_oom_backoffs"": ""2"", ""gpu_scratch_bytes"": ""258000012"", ""gpu_tiles"": ""2"", ""op"": ""image"", ""path"": ""ptrs""}",377,1,block_random,1024,3625,45830,ptrs
tile_sweep_publication,image,1d,dense,1,25,2,cpu_source,cpu_us,2,2,1,2,322000016,2,1,1,1000000,1000000,4,1,0,4.636814,/pscratch/sd/r/rchanani/realm/build_pm_deppart/tests/benchmark -ll:gpu 1 -ll:cpu 1 -ll:fsize 8192 -dp:workers 1 -dp:hpool 256 -nocheck -block_random -block_volume 1024 -d1 1 -d2 1 image -n 1000000 -e 1000000 -p 1 -s 4 -f 1 -b 25,"{""buffer_size"": ""25"", ""cpu_us"": ""46383"", ""d1"": ""1"", ""d2"": ""1"", ""gpu_us"": ""3125"", ""num_edges"": ""1000000"", ""num_nodes"": ""1000000"", ""num_pieces"": ""1"", ""num_spaces"": ""4"", ""op"": ""image"", ""sparse_factor"": ""1""}","{""d1"": ""1"", ""d2"": ""1"", ""gpu_host_fallback"": ""1"", ""gpu_input_rects"": ""2"", ""gpu_oom_backoffs"": ""2"", ""gpu_scratch_bytes"": ""322000016"", ""gpu_tiles"": ""2"", ""op"": ""image"", ""path"": ""ptrs""}",378,2,block_random,1024,3125,46383,ptrs
tile_sweep_publication,image,1d,dense,1,25,2,gpu_source,gpu_us,2,2,1,2,322000016,2,1,1,1000000,1000000,4,1,0,4.435042,/pscratch/sd/r/rchanani/realm/build_pm_deppart/tests/benchmark -ll:gpu 1 -ll:cpu 1 -ll:fsize 8192 -dp:workers 1 -dp:hpool 256 -nocheck -block_random -block_volume 1024 -dp:noisectopt -d1 1 -d2 1 image -n 1000000 -e 1000000 -p 1 -s 4 -f 1 -b 25,"{""buffer_size"": ""25"", ""cpu_us"": ""46574"", ""d1"": ""1"", ""d2"": ""1"", ""gpu_us"": ""3317"", ""num_edges"": ""1000000"", ""num_nodes"": ""1000000"", ""num_pieces"": ""1"", ""num_spaces"": ""4"", ""op"": ""image"", ""sparse_factor"": ""1""}","{""d1"": ""1"", ""d2"": ""1"", ""gpu_host_fallback"": ""1"", ""gpu_input_rects"": ""2"", ""gpu_oom_backoffs"": ""2"", ""gpu_scratch_bytes"": ""322000016"", ""gpu_tiles"": ""2"", ""op"": ""image"", ""path"": ""ptrs""}",379,3,block_random,1024,3317,46574,ptrs
tile_sweep_publication,image,1d,dense,1,30,2,cpu_source,cpu_us,1,0,0,1,386000019,2,1,1,1000000,1000000,4,1,0,4.416108,/pscratch/sd/r/rchanani/realm/build_pm_deppart/tests/benchmark -ll:gpu 1 -ll:cpu 1 -ll:fsize 8192 -dp:workers 1 -dp:hpool 256 -nocheck -block_random -block_volume 1024 -d1 1 -d2 1 image -n 1000000 -e 1000000 -p 1 -s 4 -f 1 -b 30,"{""buffer_size"": ""30"", ""cpu_us"": ""45574"", ""d1"": ""1"", ""d2"": ""1"", ""gpu_us"": ""3501"", ""num_edges"": ""1000000"", ""num_nodes"": ""1000000"", ""num_pieces"": ""1"", ""num_spaces"": ""4"", ""op"": ""image"", ""sparse_factor"": ""1""}","{""d1"": ""1"", ""d2"": ""1"", ""gpu_host_fallback"": ""0"", ""gpu_input_rects"": ""1"", ""gpu_oom_backoffs"": ""0"", ""gpu_scratch_bytes"": ""386000019"", ""gpu_tiles"": ""1"", ""op"": ""image"", ""path"": ""ptrs""}",380,0,block_random,1024,3501,45574,ptrs
tile_sweep_publication,image,1d,dense,1,30,2,gpu_source,gpu_us,1,0,0,1,386000019,2,1,1,1000000,1000000,4,1,0,4.493617,/pscratch/sd/r/rchanani/realm/build_pm_deppart/tests/benchmark -ll:gpu 1 -ll:cpu 1 -ll:fsize 8192 -dp:workers 1 -dp:hpool 256 -nocheck -block_random -block_volume 1024 -dp:noisectopt -d1 1 -d2 1 image -n 1000000 -e 1000000 -p 1 -s 4 -f 1 -b 30,"{""buffer_size"": ""30"", ""cpu_us"": ""46537"", ""d1"": ""1"", ""d2"": ""1"", ""gpu_us"": ""3039"", ""num_edges"": ""1000000"", ""num_nodes"": ""1000000"", ""num_pieces"": ""1"", ""num_spaces"": ""4"", ""op"": ""image"", ""sparse_factor"": ""1""}","{""d1"": ""1"", ""d2"": ""1"", ""gpu_host_fallback"": ""0"", ""gpu_input_rects"": ""1"", ""gpu_oom_backoffs"": ""0"", ""gpu_scratch_bytes"": ""386000019"", ""gpu_tiles"": ""1"", ""op"": ""image"", ""path"": ""ptrs""}",381,1,block_random,1024,3039,46537,ptrs
tile_sweep_publication,image,1d,dense,1,40,2,cpu_source,cpu_us,1,0,0,1,514000025,2,1,1,1000000,1000000,4,1,0,4.622190,/pscratch/sd/r/rchanani/realm/build_pm_deppart/tests/benchmark -ll:gpu 1 -ll:cpu 1 -ll:fsize 8192 -dp:workers 1 -dp:hpool 256 -nocheck -block_random -block_volume 1024 -d1 1 -d2 1 image -n 1000000 -e 1000000 -p 1 -s 4 -f 1 -b 40,"{""buffer_size"": ""40"", ""cpu_us"": ""47016"", ""d1"": ""1"", ""d2"": ""1"", ""gpu_us"": ""3527"", ""num_edges"": ""1000000"", ""num_nodes"": ""1000000"", ""num_pieces"": ""1"", ""num_spaces"": ""4"", ""op"": ""image"", ""sparse_factor"": ""1""}","{""d1"": ""1"", ""d2"": ""1"", ""gpu_host_fallback"": ""0"", ""gpu_input_rects"": ""1"", ""gpu_oom_backoffs"": ""0"", ""gpu_scratch_bytes"": ""514000025"", ""gpu_tiles"": ""1"", ""op"": ""image"", ""path"": ""ptrs""}",382,2,block_random,1024,3527,47016,ptrs
tile_sweep_publication,image,1d,dense,1,40,2,gpu_source,gpu_us,1,0,0,1,514000025,2,1,1,1000000,1000000,4,1,0,4.403586,/pscratch/sd/r/rchanani/realm/build_pm_deppart/tests/benchmark -ll:gpu 1 -ll:cpu 1 -ll:fsize 8192 -dp:workers 1 -dp:hpool 256 -nocheck -block_random -block_volume 1024 -dp:noisectopt -d1 1 -d2 1 image -n 1000000 -e 1000000 -p 1 -s 4 -f 1 -b 40,"{""buffer_size"": ""40"", ""cpu_us"": ""45475"", ""d1"": ""1"", ""d2"": ""1"", ""gpu_us"": ""3303"", ""num_edges"": ""1000000"", ""num_nodes"": ""1000000"", ""num_pieces"": ""1"", ""num_spaces"": ""4"", ""op"": ""image"", ""sparse_factor"": ""1""}","{""d1"": ""1"", ""d2"": ""1"", ""gpu_host_fallback"": ""0"", ""gpu_input_rects"": ""1"", ""gpu_oom_backoffs"": ""0"", ""gpu_scratch_bytes"": ""514000025"", ""gpu_tiles"": ""1"", ""op"": ""image"", ""path"": ""ptrs""}",383,3,block_random,1024,3303,45475,ptrs
tile_sweep_publication,image,1d,dense,1,50,2,cpu_source,cpu_us,1,0,0,1,642000032,2,1,1,1000000,1000000,4,1,0,4.378735,/pscratch/sd/r/rchanani/realm/build_pm_deppart/tests/benchmark -ll:gpu 1 -ll:cpu 1 -ll:fsize 8192 -dp:workers 1 -dp:hpool 256 -nocheck -block_random -block_volume 1024 -d1 1 -d2 1 image -n 1000000 -e 1000000 -p 1 -s 4 -f 1 -b 50,"{""buffer_size"": ""50"", ""cpu_us"": ""46378"", ""d1"": ""1"", ""d2"": ""1"", ""gpu_us"": ""3158"", ""num_edges"": ""1000000"", ""num_nodes"": ""1000000"", ""num_pieces"": ""1"", ""num_spaces"": ""4"", ""op"": ""image"", ""sparse_factor"": ""1""}","{""d1"": ""1"", ""d2"": ""1"", ""gpu_host_fallback"": ""0"", ""gpu_input_rects"": ""1"", ""gpu_oom_backoffs"": ""0"", ""gpu_scratch_bytes"": ""642000032"", ""gpu_tiles"": ""1"", ""op"": ""image"", ""path"": ""ptrs""}",384,0,block_random,1024,3158,46378,ptrs
tile_sweep_publication,image,1d,dense,1,50,2,gpu_source,gpu_us,1,0,0,1,642000032,2,1,1,1000000,1000000,4,1,0,4.637703,/pscratch/sd/r/rchanani/realm/build_pm_deppart/tests/benchmark -ll:gpu 1 -ll:cpu 1 -ll:fsize 8192 -dp:workers 1 -dp:hpool 256 -nocheck -block_random -block_volume 1024 -dp:noisectopt -d1 1 -d2 1 image -n 1000000 -e 1000000 -p 1 -s 4 -f 1 -b 50,"{""buffer_size"": ""50"", ""cpu_us"": ""46251"", ""d1"": ""1"", ""d2"": ""1"", ""gpu_us"": ""3015"", ""num_edges"": ""1000000"", ""num_nodes"": ""1000000"", ""num_pieces"": ""1"", ""num_spaces"": ""4"", ""op"": ""image"", ""sparse_factor"": ""1""}","{""d1"": ""1"", ""d2"": ""1"", ""gpu_host_fallback"": ""0"", ""gpu_input_rects"": ""1"", ""gpu_oom_backoffs"": ""0"", ""gpu_scratch_bytes"": ""642000032"", ""gpu_tiles"": ""1"", ""op"": ""image"", ""path"": ""ptrs""}",385,1,block_random,1024,3015,46251,ptrs
tile_sweep_publication,image,1d,dense,1,75,2,cpu_source,cpu_us,1,0,0,1,962000048,2,1,1,1000000,1000000,4,1,0,4.601196,/pscratch/sd/r/rchanani/realm/build_pm_deppart/tests/benchmark -ll:gpu 1 -ll:cpu 1 -ll:fsize 8192 -dp:workers 1 -dp:hpool 256 -nocheck -block_random -block_volume 1024 -d1 1 -d2 1 image -n 1000000 -e 1000000 -p 1 -s 4 -f 1 -b 75,"{""buffer_size"": ""75"", ""cpu_us"": ""45886"", ""d1"": ""1"", ""d2"": ""1"", ""gpu_us"": ""3639"", ""num_edges"": ""1000000"", ""num_nodes"": ""1000000"", ""num_pieces"": ""1"", ""num_spaces"": ""4"", ""op"": ""image"", ""sparse_factor"": ""1""}","{""d1"": ""1"", ""d2"": ""1"", ""gpu_host_fallback"": ""0"", ""gpu_input_rects"": ""1"", ""gpu_oom_backoffs"": ""0"", ""gpu_scratch_bytes"": ""962000048"", ""gpu_tiles"": ""1"", ""op"": ""image"", ""path"": ""ptrs""}",386,2,block_random,1024,3639,45886,ptrs
tile_sweep_publication,image,1d,dense,1,75,2,gpu_source,gpu_us,1,0,0,1,962000048,2,1,1,1000000,1000000,4,1,0,4.369191,/pscratch/sd/r/rchanani/realm/build_pm_deppart/tests/benchmark -ll:gpu 1 -ll:cpu 1 -ll:fsize 8192 -dp:workers 1 -dp:hpool 256 -nocheck -block_random -block_volume 1024 -dp:noisectopt -d1 1 -d2 1 image -n 1000000 -e 1000000 -p 1 -s 4 -f 1 -b 75,"{""buffer_size"": ""75"", ""cpu_us"": ""46528"", ""d1"": ""1"", ""d2"": ""1"", ""gpu_us"": ""2905"", ""num_edges"": ""1000000"", ""num_nodes"": ""1000000"", ""num_pieces"": ""1"", ""num_spaces"": ""4"", ""op"": ""image"", ""sparse_factor"": ""1""}","{""d1"": ""1"", ""d2"": ""1"", ""gpu_host_fallback"": ""0"", ""gpu_input_rects"": ""1"", ""gpu_oom_backoffs"": ""0"", ""gpu_scratch_bytes"": ""962000048"", ""gpu_tiles"": ""1"", ""op"": ""image"", ""path"": ""ptrs""}",387,3,block_random,1024,2905,46528,ptrs
tile_sweep_publication,image,1d,dense,1,100,2,cpu_source,cpu_us,1,0,0,1,1282000064,2,1,1,1000000,1000000,4,1,0,4.390858,/pscratch/sd/r/rchanani/realm/build_pm_deppart/tests/benchmark -ll:gpu 1 -ll:cpu 1 -ll:fsize 8192 -dp:workers 1 -dp:hpool 256 -nocheck -block_random -block_volume 1024 -d1 1 -d2 1 image -n 1000000 -e 1000000 -p 1 -s 4 -f 1 -b 100,"{""buffer_size"": ""100"", ""cpu_us"": ""45798"", ""d1"": ""1"", ""d2"": ""1"", ""gpu_us"": ""3159"", ""num_edges"": ""1000000"", ""num_nodes"": ""1000000"", ""num_pieces"": ""1"", ""num_spaces"": ""4"", ""op"": ""image"", ""sparse_factor"": ""1""}","{""d1"": ""1"", ""d2"": ""1"", ""gpu_host_fallback"": ""0"", ""gpu_input_rects"": ""1"", ""gpu_oom_backoffs"": ""0"", ""gpu_scratch_bytes"": ""1282000064"", ""gpu_tiles"": ""1"", ""op"": ""image"", ""path"": ""ptrs""}",388,0,block_random,1024,3159,45798,ptrs
tile_sweep_publication,image,1d,dense,1,100,2,gpu_source,gpu_us,1,0,0,1,1282000064,2,1,1,1000000,1000000,4,1,0,4.491845,/pscratch/sd/r/rchanani/realm/build_pm_deppart/tests/benchmark -ll:gpu 1 -ll:cpu 1 -ll:fsize 8192 -dp:workers 1 -dp:hpool 256 -nocheck -block_random -block_volume 1024 -dp:noisectopt -d1 1 -d2 1 image -n 1000000 -e 1000000 -p 1 -s 4 -f 1 -b 100,"{""buffer_size"": ""100"", ""cpu_us"": ""45563"", ""d1"": ""1"", ""d2"": ""1"", ""gpu_us"": ""2628"", ""num_edges"": ""1000000"", ""num_nodes"": ""1000000"", ""num_pieces"": ""1"", ""num_spaces"": ""4"", ""op"": ""image"", ""sparse_factor"": ""1""}","{""d1"": ""1"", ""d2"": ""1"", ""gpu_host_fallback"": ""0"", ""gpu_input_rects"": ""1"", ""gpu_oom_backoffs"": ""0"", ""gpu_scratch_bytes"": ""1282000064"", ""gpu_tiles"": ""1"", ""op"": ""image"", ""path"": ""ptrs""}",389,1,block_random,1024,2628,45563,ptrs
tile_sweep_publication,image,1d,sparse,5,1,2,cpu_source,cpu_us,1,0,0,1,28050199,2,1,1,1000000,1000000,4,1,0,4.699119,/pscratch/sd/r/rchanani/realm/build_pm_deppart/tests/benchmark -ll:gpu 1 -ll:cpu 1 -ll:fsize 8192 -dp:workers 1 -dp:hpool 256 -nocheck -block_random -block_volume 1024 -d1 1 -d2 1 image -n 1000000 -e 1000000 -p 1 -s 4 -f 5 -b 1,"{""buffer_size"": ""1"", ""cpu_us"": ""42463"", ""d1"": ""1"", ""d2"": ""1"", ""gpu_us"": ""31161"", ""num_edges"": ""1000000"", ""num_nodes"": ""1000000"", ""num_pieces"": ""1"", ""num_spaces"": ""4"", ""op"": ""image"", ""sparse_factor"": ""5""}","{""d1"": ""1"", ""d2"": ""1"", ""gpu_host_fallback"": ""0"", ""gpu_input_rects"": ""1"", ""gpu_oom_backoffs"": ""0"", ""gpu_scratch_bytes"": ""28050199"", ""gpu_tiles"": ""1"", ""op"": ""image"", ""path"": ""ptrs""}",390,2,block_random,1024,31161,42463,ptrs
tile_sweep_publication,image,1d,sparse,5,1,2,gpu_source,gpu_us,1,0,0,1,28050199,2,1,1,1000000,1000000,4,1,0,4.486773,/pscratch/sd/r/rchanani/realm/build_pm_deppart/tests/benchmark -ll:gpu 1 -ll:cpu 1 -ll:fsize 8192 -dp:workers 1 -dp:hpool 256 -nocheck -block_random -block_volume 1024 -dp:noisectopt -d1 1 -d2 1 image -n 1000000 -e 1000000 -p 1 -s 4 -f 5 -b 1,"{""buffer_size"": ""1"", ""cpu_us"": ""43502"", ""d1"": ""1"", ""d2"": ""1"", ""gpu_us"": ""3094"", ""num_edges"": ""1000000"", ""num_nodes"": ""1000000"", ""num_pieces"": ""1"", ""num_spaces"": ""4"", ""op"": ""image"", ""sparse_factor"": ""5""}","{""d1"": ""1"", ""d2"": ""1"", ""gpu_host_fallback"": ""0"", ""gpu_input_rects"": ""1"", ""gpu_oom_backoffs"": ""0"", ""gpu_scratch_bytes"": ""28050199"", ""gpu_tiles"": ""1"", ""op"": ""image"", ""path"": ""ptrs""}",391,3,block_random,1024,3094,43502,ptrs
tile_sweep_publication,image,1d,sparse,5,2,2,cpu_source,cpu_us,1,0,0,1,40880639,2,1,1,1000000,1000000,4,1,0,4.505468,/pscratch/sd/r/rchanani/realm/build_pm_deppart/tests/benchmark -ll:gpu 1 -ll:cpu 1 -ll:fsize 8192 -dp:workers 1 -dp:hpool 256 -nocheck -block_random -block_volume 1024 -d1 1 -d2 1 image -n 1000000 -e 1000000 -p 1 -s 4 -f 5 -b 2,"{""buffer_size"": ""2"", ""cpu_us"": ""41183"", ""d1"": ""1"", ""d2"": ""1"", ""gpu_us"": ""31633"", ""num_edges"": ""1000000"", ""num_nodes"": ""1000000"", ""num_pieces"": ""1"", ""num_spaces"": ""4"", ""op"": ""image"", ""sparse_factor"": ""5""}","{""d1"": ""1"", ""d2"": ""1"", ""gpu_host_fallback"": ""0"", ""gpu_input_rects"": ""1"", ""gpu_oom_backoffs"": ""0"", ""gpu_scratch_bytes"": ""40880639"", ""gpu_tiles"": ""1"", ""op"": ""image"", ""path"": ""ptrs""}",392,0,block_random,1024,31633,41183,ptrs
tile_sweep_publication,image,1d,sparse,5,2,2,gpu_source,gpu_us,1,0,0,1,40880639,2,1,1,1000000,1000000,4,1,0,4.740167,/pscratch/sd/r/rchanani/realm/build_pm_deppart/tests/benchmark -ll:gpu 1 -ll:cpu 1 -ll:fsize 8192 -dp:workers 1 -dp:hpool 256 -nocheck -block_random -block_volume 1024 -dp:noisectopt -d1 1 -d2 1 image -n 1000000 -e 1000000 -p 1 -s 4 -f 5 -b 2,"{""buffer_size"": ""2"", ""cpu_us"": ""43982"", ""d1"": ""1"", ""d2"": ""1"", ""gpu_us"": ""3137"", ""num_edges"": ""1000000"", ""num_nodes"": ""1000000"", ""num_pieces"": ""1"", ""num_spaces"": ""4"", ""op"": ""image"", ""sparse_factor"": ""5""}","{""d1"": ""1"", ""d2"": ""1"", ""gpu_host_fallback"": ""0"", ""gpu_input_rects"": ""1"", ""gpu_oom_backoffs"": ""0"", ""gpu_scratch_bytes"": ""40880639"", ""gpu_tiles"": ""1"", ""op"": ""image"", ""path"": ""ptrs""}",393,1,block_random,1024,3137,43982,ptrs
tile_sweep_publication,image,1d,sparse,5,3,2,cpu_source,cpu_us,1,0,0,1,53711078,2,1,1,1000000,1000000,4,1,0,4.704829,/pscratch/sd/r/rchanani/realm/build_pm_deppart/tests/benchmark -ll:gpu 1 -ll:cpu 1 -ll:fsize 8192 -dp:workers 1 -dp:hpool 256 -nocheck -block_random -block_volume 1024 -d1 1 -d2 1 image -n 1000000 -e 1000000 -p 1 -s 4 -f 5 -b 3,"{""buffer_size"": ""3"", ""cpu_us"": ""41460"", ""d1"": ""1"", ""d2"": ""1"", ""gpu_us"": ""31248"", ""num_edges"": ""1000000"", ""num_nodes"": ""1000000"", ""num_pieces"": ""1"", ""num_spaces"": ""4"", ""op"": ""image"", ""sparse_factor"": ""5""}","{""d1"": ""1"", ""d2"": ""1"", ""gpu_host_fallback"": ""0"", ""gpu_input_rects"": ""1"", ""gpu_oom_backoffs"": ""0"", ""gpu_scratch_bytes"": ""53711078"", ""gpu_tiles"": ""1"", ""op"": ""image"", ""path"": ""ptrs""}",394,2,block_random,1024,31248,41460,ptrs
tile_sweep_publication,image,1d,sparse,5,3,2,gpu_source,gpu_us,1,0,0,1,53711078,2,1,1,1000000,1000000,4,1,0,4.487753,/pscratch/sd/r/rchanani/realm/build_pm_deppart/tests/benchmark -ll:gpu 1 -ll:cpu 1 -ll:fsize 8192 -dp:workers 1 -dp:hpool 256 -nocheck -block_random -block_volume 1024 -dp:noisectopt -d1 1 -d2 1 image -n 1000000 -e 1000000 -p 1 -s 4 -f 5 -b 3,"{""buffer_size"": ""3"", ""cpu_us"": ""43718"", ""d1"": ""1"", ""d2"": ""1"", ""gpu_us"": ""3065"", ""num_edges"": ""1000000"", ""num_nodes"": ""1000000"", ""num_pieces"": ""1"", ""num_spaces"": ""4"", ""op"": ""image"", ""sparse_factor"": ""5""}","{""d1"": ""1"", ""d2"": ""1"", ""gpu_host_fallback"": ""0"", ""gpu_input_rects"": ""1"", ""gpu_oom_backoffs"": ""0"", ""gpu_scratch_bytes"": ""53711078"", ""gpu_tiles"": ""1"", ""op"": ""image"", ""path"": ""ptrs""}",395,3,block_random,1024,3065,43718,ptrs
tile_sweep_publication,image,1d,sparse,5,4,2,cpu_source,cpu_us,1,0,0,1,66541518,2,1,1,1000000,1000000,4,1,0,4.546427,/pscratch/sd/r/rchanani/realm/build_pm_deppart/tests/benchmark -ll:gpu 1 -ll:cpu 1 -ll:fsize 8192 -dp:workers 1 -dp:hpool 256 -nocheck -block_random -block_volume 1024 -d1 1 -d2 1 image -n 1000000 -e 1000000 -p 1 -s 4 -f 5 -b 4,"{""buffer_size"": ""4"", ""cpu_us"": ""41421"", ""d1"": ""1"", ""d2"": ""1"", ""gpu_us"": ""30966"", ""num_edges"": ""1000000"", ""num_nodes"": ""1000000"", ""num_pieces"": ""1"", ""num_spaces"": ""4"", ""op"": ""image"", ""sparse_factor"": ""5""}","{""d1"": ""1"", ""d2"": ""1"", ""gpu_host_fallback"": ""0"", ""gpu_input_rects"": ""1"", ""gpu_oom_backoffs"": ""0"", ""gpu_scratch_bytes"": ""66541518"", ""gpu_tiles"": ""1"", ""op"": ""image"", ""path"": ""ptrs""}",396,0,block_random,1024,30966,41421,ptrs
tile_sweep_publication,image,1d,sparse,5,4,2,gpu_source,gpu_us,1,0,0,1,66541518,2,1,1,1000000,1000000,4,1,0,4.507319,/pscratch/sd/r/rchanani/realm/build_pm_deppart/tests/benchmark -ll:gpu 1 -ll:cpu 1 -ll:fsize 8192 -dp:workers 1 -dp:hpool 256 -nocheck -block_random -block_volume 1024 -dp:noisectopt -d1 1 -d2 1 image -n 1000000 -e 1000000 -p 1 -s 4 -f 5 -b 4,"{""buffer_size"": ""4"", ""cpu_us"": ""45143"", ""d1"": ""1"", ""d2"": ""1"", ""gpu_us"": ""1736"", ""num_edges"": ""1000000"", ""num_nodes"": ""1000000"", ""num_pieces"": ""1"", ""num_spaces"": ""4"", ""op"": ""image"", ""sparse_factor"": ""5""}","{""d1"": ""1"", ""d2"": ""1"", ""gpu_host_fallback"": ""0"", ""gpu_input_rects"": ""1"", ""gpu_oom_backoffs"": ""0"", ""gpu_scratch_bytes"": ""66541518"", ""gpu_tiles"": ""1"", ""op"": ""image"", ""path"": ""ptrs""}",397,1,block_random,1024,1736,45143,ptrs
tile_sweep_publication,image,1d,sparse,5,5,2,cpu_source,cpu_us,1,0,0,1,79371957,2,1,1,1000000,1000000,4,1,0,4.831557,/pscratch/sd/r/rchanani/realm/build_pm_deppart/tests/benchmark -ll:gpu 1 -ll:cpu 1 -ll:fsize 8192 -dp:workers 1 -dp:hpool 256 -nocheck -block_random -block_volume 1024 -d1 1 -d2 1 image -n 1000000 -e 1000000 -p 1 -s 4 -f 5 -b 5,"{""buffer_size"": ""5"", ""cpu_us"": ""41728"", ""d1"": ""1"", ""d2"": ""1"", ""gpu_us"": ""31340"", ""num_edges"": ""1000000"", ""num_nodes"": ""1000000"", ""num_pieces"": ""1"", ""num_spaces"": ""4"", ""op"": ""image"", ""sparse_factor"": ""5""}","{""d1"": ""1"", ""d2"": ""1"", ""gpu_host_fallback"": ""0"", ""gpu_input_rects"": ""1"", ""gpu_oom_backoffs"": ""0"", ""gpu_scratch_bytes"": ""79371957"", ""gpu_tiles"": ""1"", ""op"": ""image"", ""path"": ""ptrs""}",398,2,block_random,1024,31340,41728,ptrs
tile_sweep_publication,image,1d,sparse,5,5,2,gpu_source,gpu_us,1,0,0,1,79371957,2,1,1,1000000,1000000,4,1,0,4.462669,/pscratch/sd/r/rchanani/realm/build_pm_deppart/tests/benchmark -ll:gpu 1 -ll:cpu 1 -ll:fsize 8192 -dp:workers 1 -dp:hpool 256 -nocheck -block_random -block_volume 1024 -dp:noisectopt -d1 1 -d2 1 image -n 1000000 -e 1000000 -p 1 -s 4 -f 5 -b 5,"{""buffer_size"": ""5"", ""cpu_us"": ""43891"", ""d1"": ""1"", ""d2"": ""1"", ""gpu_us"": ""2955"", ""num_edges"": ""1000000"", ""num_nodes"": ""1000000"", ""num_pieces"": ""1"", ""num_spaces"": ""4"", ""op"": ""image"", ""sparse_factor"": ""5""}","{""d1"": ""1"", ""d2"": ""1"", ""gpu_host_fallback"": ""0"", ""gpu_input_rects"": ""1"", ""gpu_oom_backoffs"": ""0"", ""gpu_scratch_bytes"": ""79371957"", ""gpu_tiles"": ""1"", ""op"": ""image"", ""path"": ""ptrs""}",399,3,block_random,1024,2955,43891,ptrs
tile_sweep_publication,image,1d,sparse,5,7,2,cpu_source,cpu_us,1,0,0,1,105032836,2,1,1,1000000,1000000,4,1,0,4.554833,/pscratch/sd/r/rchanani/realm/build_pm_deppart/tests/benchmark -ll:gpu 1 -ll:cpu 1 -ll:fsize 8192 -dp:workers 1 -dp:hpool 256 -nocheck -block_random -block_volume 1024 -d1 1 -d2 1 image -n 1000000 -e 1000000 -p 1 -s 4 -f 5 -b 7,"{""buffer_size"": ""7"", ""cpu_us"": ""41288"", ""d1"": ""1"", ""d2"": ""1"", ""gpu_us"": ""31238"", ""num_edges"": ""1000000"", ""num_nodes"": ""1000000"", ""num_pieces"": ""1"", ""num_spaces"": ""4"", ""op"": ""image"", ""sparse_factor"": ""5""}","{""d1"": ""1"", ""d2"": ""1"", ""gpu_host_fallback"": ""0"", ""gpu_input_rects"": ""1"", ""gpu_oom_backoffs"": ""0"", ""gpu_scratch_bytes"": ""105032836"", ""gpu_tiles"": ""1"", ""op"": ""image"", ""path"": ""ptrs""}",400,0,block_random,1024,31238,41288,ptrs
tile_sweep_publication,image,1d,sparse,5,7,2,gpu_source,gpu_us,1,0,0,1,105032836,2,1,1,1000000,1000000,4,1,0,4.574384,/pscratch/sd/r/rchanani/realm/build_pm_deppart/tests/benchmark -ll:gpu 1 -ll:cpu 1 -ll:fsize 8192 -dp:workers 1 -dp:hpool 256 -nocheck -block_random -block_volume 1024 -dp:noisectopt -d1 1 -d2 1 image -n 1000000 -e 1000000 -p 1 -s 4 -f 5 -b 7,"{""buffer_size"": ""7"", ""cpu_us"": ""43816"", ""d1"": ""1"", ""d2"": ""1"", ""gpu_us"": ""1695"", ""num_edges"": ""1000000"", ""num_nodes"": ""1000000"", ""num_pieces"": ""1"", ""num_spaces"": ""4"", ""op"": ""image"", ""sparse_factor"": ""5""}","{""d1"": ""1"", ""d2"": ""1"", ""gpu_host_fallback"": ""0"", ""gpu_input_rects"": ""1"", ""gpu_oom_backoffs"": ""0"", ""gpu_scratch_bytes"": ""105032836"", ""gpu_tiles"": ""1"", ""op"": ""image"", ""path"": ""ptrs""}",401,1,block_random,1024,1695,43816,ptrs
tile_sweep_publication,image,1d,sparse,5,10,2,cpu_source,cpu_us,1,0,0,1,143524155,2,1,1,1000000,1000000,4,1,0,4.741270,/pscratch/sd/r/rchanani/realm/build_pm_deppart/tests/benchmark -ll:gpu 1 -ll:cpu 1 -ll:fsize 8192 -dp:workers 1 -dp:hpool 256 -nocheck -block_random -block_volume 1024 -d1 1 -d2 1 image -n 1000000 -e 1000000 -p 1 -s 4 -f 5 -b 10,"{""buffer_size"": ""10"", ""cpu_us"": ""41591"", ""d1"": ""1"", ""d2"": ""1"", ""gpu_us"": ""31647"", ""num_edges"": ""1000000"", ""num_nodes"": ""1000000"", ""num_pieces"": ""1"", ""num_spaces"": ""4"", ""op"": ""image"", ""sparse_factor"": ""5""}","{""d1"": ""1"", ""d2"": ""1"", ""gpu_host_fallback"": ""0"", ""gpu_input_rects"": ""1"", ""gpu_oom_backoffs"": ""0"", ""gpu_scratch_bytes"": ""143524155"", ""gpu_tiles"": ""1"", ""op"": ""image"", ""path"": ""ptrs""}",402,2,block_random,1024,31647,41591,ptrs
tile_sweep_publication,image,1d,sparse,5,10,2,gpu_source,gpu_us,1,0,0,1,143524155,2,1,1,1000000,1000000,4,1,0,4.462734,/pscratch/sd/r/rchanani/realm/build_pm_deppart/tests/benchmark -ll:gpu 1 -ll:cpu 1 -ll:fsize 8192 -dp:workers 1 -dp:hpool 256 -nocheck -block_random -block_volume 1024 -dp:noisectopt -d1 1 -d2 1 image -n 1000000 -e 1000000 -p 1 -s 4 -f 5 -b 10,"{""buffer_size"": ""10"", ""cpu_us"": ""44357"", ""d1"": ""1"", ""d2"": ""1"", ""gpu_us"": ""3144"", ""num_edges"": ""1000000"", ""num_nodes"": ""1000000"", ""num_pieces"": ""1"", ""num_spaces"": ""4"", ""op"": ""image"", ""sparse_factor"": ""5""}","{""d1"": ""1"", ""d2"": ""1"", ""gpu_host_fallback"": ""0"", ""gpu_input_rects"": ""1"", ""gpu_oom_backoffs"": ""0"", ""gpu_scratch_bytes"": ""143524155"", ""gpu_tiles"": ""1"", ""op"": ""image"", ""path"": ""ptrs""}",403,3,block_random,1024,3144,44357,ptrs
tile_sweep_publication,image,1d,sparse,5,15,2,cpu_source,cpu_us,1,0,0,1,207676352,2,1,1,1000000,1000000,4,1,0,4.535102,/pscratch/sd/r/rchanani/realm/build_pm_deppart/tests/benchmark -ll:gpu 1 -ll:cpu 1 -ll:fsize 8192 -dp:workers 1 -dp:hpool 256 -nocheck -block_random -block_volume 1024 -d1 1 -d2 1 image -n 1000000 -e 1000000 -p 1 -s 4 -f 5 -b 15,"{""buffer_size"": ""15"", ""cpu_us"": ""41160"", ""d1"": ""1"", ""d2"": ""1"", ""gpu_us"": ""31485"", ""num_edges"": ""1000000"", ""num_nodes"": ""1000000"", ""num_pieces"": ""1"", ""num_spaces"": ""4"", ""op"": ""image"", ""sparse_factor"": ""5""}","{""d1"": ""1"", ""d2"": ""1"", ""gpu_host_fallback"": ""0"", ""gpu_input_rects"": ""1"", ""gpu_oom_backoffs"": ""0"", ""gpu_scratch_bytes"": ""207676352"", ""gpu_tiles"": ""1"", ""op"": ""image"", ""path"": ""ptrs""}",404,0,block_random,1024,31485,41160,ptrs
tile_sweep_publication,image,1d,sparse,5,15,2,gpu_source,gpu_us,1,0,0,1,207676352,2,1,1,1000000,1000000,4,1,0,4.568937,/pscratch/sd/r/rchanani/realm/build_pm_deppart/tests/benchmark -ll:gpu 1 -ll:cpu 1 -ll:fsize 8192 -dp:workers 1 -dp:hpool 256 -nocheck -block_random -block_volume 1024 -dp:noisectopt -d1 1 -d2 1 image -n 1000000 -e 1000000 -p 1 -s 4 -f 5 -b 15,"{""buffer_size"": ""15"", ""cpu_us"": ""43609"", ""d1"": ""1"", ""d2"": ""1"", ""gpu_us"": ""1685"", ""num_edges"": ""1000000"", ""num_nodes"": ""1000000"", ""num_pieces"": ""1"", ""num_spaces"": ""4"", ""op"": ""image"", ""sparse_factor"": ""5""}","{""d1"": ""1"", ""d2"": ""1"", ""gpu_host_fallback"": ""0"", ""gpu_input_rects"": ""1"", ""gpu_oom_backoffs"": ""0"", ""gpu_scratch_bytes"": ""207676352"", ""gpu_tiles"": ""1"", ""op"": ""image"", ""path"": ""ptrs""}",405,1,block_random,1024,1685,43609,ptrs
tile_sweep_publication,image,1d,sparse,5,20,2,cpu_source,cpu_us,1,0,0,1,271828550,2,1,1,1000000,1000000,4,1,0,4.677331,/pscratch/sd/r/rchanani/realm/build_pm_deppart/tests/benchmark -ll:gpu 1 -ll:cpu 1 -ll:fsize 8192 -dp:workers 1 -dp:hpool 256 -nocheck -block_random -block_volume 1024 -d1 1 -d2 1 image -n 1000000 -e 1000000 -p 1 -s 4 -f 5 -b 20,"{""buffer_size"": ""20"", ""cpu_us"": ""41347"", ""d1"": ""1"", ""d2"": ""1"", ""gpu_us"": ""31262"", ""num_edges"": ""1000000"", ""num_nodes"": ""1000000"", ""num_pieces"": ""1"", ""num_spaces"": ""4"", ""op"": ""image"", ""sparse_factor"": ""5""}","{""d1"": ""1"", ""d2"": ""1"", ""gpu_host_fallback"": ""0"", ""gpu_input_rects"": ""1"", ""gpu_oom_backoffs"": ""0"", ""gpu_scratch_bytes"": ""271828550"", ""gpu_tiles"": ""1"", ""op"": ""image"", ""path"": ""ptrs""}",406,2,block_random,1024,31262,41347,ptrs
tile_sweep_publication,image,1d,sparse,5,20,2,gpu_source,gpu_us,1,0,0,1,271828550,2,1,1,1000000,1000000,4,1,0,4.461541,/pscratch/sd/r/rchanani/realm/build_pm_deppart/tests/benchmark -ll:gpu 1 -ll:cpu 1 -ll:fsize 8192 -dp:workers 1 -dp:hpool 256 -nocheck -block_random -block_volume 1024 -dp:noisectopt -d1 1 -d2 1 image -n 1000000 -e 1000000 -p 1 -s 4 -f 5 -b 20,"{""buffer_size"": ""20"", ""cpu_us"": ""43766"", ""d1"": ""1"", ""d2"": ""1"", ""gpu_us"": ""3084"", ""num_edges"": ""1000000"", ""num_nodes"": ""1000000"", ""num_pieces"": ""1"", ""num_spaces"": ""4"", ""op"": ""image"", ""sparse_factor"": ""5""}","{""d1"": ""1"", ""d2"": ""1"", ""gpu_host_fallback"": ""0"", ""gpu_input_rects"": ""1"", ""gpu_oom_backoffs"": ""0"", ""gpu_scratch_bytes"": ""271828550"", ""gpu_tiles"": ""1"", ""op"": ""image"", ""path"": ""ptrs""}",407,3,block_random,1024,3084,43766,ptrs
tile_sweep_publication,image,1d,sparse,5,25,2,cpu_source,cpu_us,1,0,0,1,335980748,2,1,1,1000000,1000000,4,1,0,4.517474,/pscratch/sd/r/rchanani/realm/build_pm_deppart/tests/benchmark -ll:gpu 1 -ll:cpu 1 -ll:fsize 8192 -dp:workers 1 -dp:hpool 256 -nocheck -block_random -block_volume 1024 -d1 1 -d2 1 image -n 1000000 -e 1000000 -p 1 -s 4 -f 5 -b 25,"{""buffer_size"": ""25"", ""cpu_us"": ""41518"", ""d1"": ""1"", ""d2"": ""1"", ""gpu_us"": ""31668"", ""num_edges"": ""1000000"", ""num_nodes"": ""1000000"", ""num_pieces"": ""1"", ""num_spaces"": ""4"", ""op"": ""image"", ""sparse_factor"": ""5""}","{""d1"": ""1"", ""d2"": ""1"", ""gpu_host_fallback"": ""0"", ""gpu_input_rects"": ""1"", ""gpu_oom_backoffs"": ""0"", ""gpu_scratch_bytes"": ""335980748"", ""gpu_tiles"": ""1"", ""op"": ""image"", ""path"": ""ptrs""}",408,0,block_random,1024,31668,41518,ptrs
tile_sweep_publication,image,1d,sparse,5,25,2,gpu_source,gpu_us,1,0,0,1,335980748,2,1,1,1000000,1000000,4,1,0,4.593992,/pscratch/sd/r/rchanani/realm/build_pm_deppart/tests/benchmark -ll:gpu 1 -ll:cpu 1 -ll:fsize 8192 -dp:workers 1 -dp:hpool 256 -nocheck -block_random -block_volume 1024 -dp:noisectopt -d1 1 -d2 1 image -n 1000000 -e 1000000 -p 1 -s 4 -f 5 -b 25,"{""buffer_size"": ""25"", ""cpu_us"": ""43890"", ""d1"": ""1"", ""d2"": ""1"", ""gpu_us"": ""3028"", ""num_edges"": ""1000000"", ""num_nodes"": ""1000000"", ""num_pieces"": ""1"", ""num_spaces"": ""4"", ""op"": ""image"", ""sparse_factor"": ""5""}","{""d1"": ""1"", ""d2"": ""1"", ""gpu_host_fallback"": ""0"", ""gpu_input_rects"": ""1"", ""gpu_oom_backoffs"": ""0"", ""gpu_scratch_bytes"": ""335980748"", ""gpu_tiles"": ""1"", ""op"": ""image"", ""path"": ""ptrs""}",409,1,block_random,1024,3028,43890,ptrs
tile_sweep_publication,image,1d,sparse,5,30,2,cpu_source,cpu_us,1,0,0,1,400132945,2,1,1,1000000,1000000,4,1,0,4.690783,/pscratch/sd/r/rchanani/realm/build_pm_deppart/tests/benchmark -ll:gpu 1 -ll:cpu 1 -ll:fsize 8192 -dp:workers 1 -dp:hpool 256 -nocheck -block_random -block_volume 1024 -d1 1 -d2 1 image -n 1000000 -e 1000000 -p 1 -s 4 -f 5 -b 30,"{""buffer_size"": ""30"", ""cpu_us"": ""42529"", ""d1"": ""1"", ""d2"": ""1"", ""gpu_us"": ""31770"", ""num_edges"": ""1000000"", ""num_nodes"": ""1000000"", ""num_pieces"": ""1"", ""num_spaces"": ""4"", ""op"": ""image"", ""sparse_factor"": ""5""}","{""d1"": ""1"", ""d2"": ""1"", ""gpu_host_fallback"": ""0"", ""gpu_input_rects"": ""1"", ""gpu_oom_backoffs"": ""0"", ""gpu_scratch_bytes"": ""400132945"", ""gpu_tiles"": ""1"", ""op"": ""image"", ""path"": ""ptrs""}",410,2,block_random,1024,31770,42529,ptrs
tile_sweep_publication,image,1d,sparse,5,30,2,gpu_source,gpu_us,1,0,0,1,400132945,2,1,1,1000000,1000000,4,1,0,4.445856,/pscratch/sd/r/rchanani/realm/build_pm_deppart/tests/benchmark -ll:gpu 1 -ll:cpu 1 -ll:fsize 8192 -dp:workers 1 -dp:hpool 256 -nocheck -block_random -block_volume 1024 -dp:noisectopt -d1 1 -d2 1 image -n 1000000 -e 1000000 -p 1 -s 4 -f 5 -b 30,"{""buffer_size"": ""30"", ""cpu_us"": ""43754"", ""d1"": ""1"", ""d2"": ""1"", ""gpu_us"": ""3070"", ""num_edges"": ""1000000"", ""num_nodes"": ""1000000"", ""num_pieces"": ""1"", ""num_spaces"": ""4"", ""op"": ""image"", ""sparse_factor"": ""5""}","{""d1"": ""1"", ""d2"": ""1"", ""gpu_host_fallback"": ""0"", ""gpu_input_rects"": ""1"", ""gpu_oom_backoffs"": ""0"", ""gpu_scratch_bytes"": ""400132945"", ""gpu_tiles"": ""1"", ""op"": ""image"", ""path"": ""ptrs""}",411,3,block_random,1024,3070,43754,ptrs
tile_sweep_publication,image,1d,sparse,5,40,2,cpu_source,cpu_us,1,0,0,1,528437340,2,1,1,1000000,1000000,4,1,0,4.504139,/pscratch/sd/r/rchanani/realm/build_pm_deppart/tests/benchmark -ll:gpu 1 -ll:cpu 1 -ll:fsize 8192 -dp:workers 1 -dp:hpool 256 -nocheck -block_random -block_volume 1024 -d1 1 -d2 1 image -n 1000000 -e 1000000 -p 1 -s 4 -f 5 -b 40,"{""buffer_size"": ""40"", ""cpu_us"": ""41265"", ""d1"": ""1"", ""d2"": ""1"", ""gpu_us"": ""31183"", ""num_edges"": ""1000000"", ""num_nodes"": ""1000000"", ""num_pieces"": ""1"", ""num_spaces"": ""4"", ""op"": ""image"", ""sparse_factor"": ""5""}","{""d1"": ""1"", ""d2"": ""1"", ""gpu_host_fallback"": ""0"", ""gpu_input_rects"": ""1"", ""gpu_oom_backoffs"": ""0"", ""gpu_scratch_bytes"": ""528437340"", ""gpu_tiles"": ""1"", ""op"": ""image"", ""path"": ""ptrs""}",412,0,block_random,1024,31183,41265,ptrs
tile_sweep_publication,image,1d,sparse,5,40,2,gpu_source,gpu_us,1,0,0,1,528437340,2,1,1,1000000,1000000,4,1,0,4.732017,/pscratch/sd/r/rchanani/realm/build_pm_deppart/tests/benchmark -ll:gpu 1 -ll:cpu 1 -ll:fsize 8192 -dp:workers 1 -dp:hpool 256 -nocheck -block_random -block_volume 1024 -dp:noisectopt -d1 1 -d2 1 image -n 1000000 -e 1000000 -p 1 -s 4 -f 5 -b 40,"{""buffer_size"": ""40"", ""cpu_us"": ""43830"", ""d1"": ""1"", ""d2"": ""1"", ""gpu_us"": ""3103"", ""num_edges"": ""1000000"", ""num_nodes"": ""1000000"", ""num_pieces"": ""1"", ""num_spaces"": ""4"", ""op"": ""image"", ""sparse_factor"": ""5""}","{""d1"": ""1"", ""d2"": ""1"", ""gpu_host_fallback"": ""0"", ""gpu_input_rects"": ""1"", ""gpu_oom_backoffs"": ""0"", ""gpu_scratch_bytes"": ""528437340"", ""gpu_tiles"": ""1"", ""op"": ""image"", ""path"": ""ptrs""}",413,1,block_random,1024,3103,43830,ptrs
tile_sweep_publication,image,1d,sparse,5,50,2,cpu_source,cpu_us,1,0,0,1,656741736,2,1,1,1000000,1000000,4,1,0,4.754147,/pscratch/sd/r/rchanani/realm/build_pm_deppart/tests/benchmark -ll:gpu 1 -ll:cpu 1 -ll:fsize 8192 -dp:workers 1 -dp:hpool 256 -nocheck -block_random -block_volume 1024 -d1 1 -d2 1 image -n 1000000 -e 1000000 -p 1 -s 4 -f 5 -b 50,"{""buffer_size"": ""50"", ""cpu_us"": ""44196"", ""d1"": ""1"", ""d2"": ""1"", ""gpu_us"": ""31433"", ""num_edges"": ""1000000"", ""num_nodes"": ""1000000"", ""num_pieces"": ""1"", ""num_spaces"": ""4"", ""op"": ""image"", ""sparse_factor"": ""5""}","{""d1"": ""1"", ""d2"": ""1"", ""gpu_host_fallback"": ""0"", ""gpu_input_rects"": ""1"", ""gpu_oom_backoffs"": ""0"", ""gpu_scratch_bytes"": ""656741736"", ""gpu_tiles"": ""1"", ""op"": ""image"", ""path"": ""ptrs""}",414,2,block_random,1024,31433,44196,ptrs
tile_sweep_publication,image,1d,sparse,5,50,2,gpu_source,gpu_us,1,0,0,1,656741736,2,1,1,1000000,1000000,4,1,0,4.453549,/pscratch/sd/r/rchanani/realm/build_pm_deppart/tests/benchmark -ll:gpu 1 -ll:cpu 1 -ll:fsize 8192 -dp:workers 1 -dp:hpool 256 -nocheck -block_random -block_volume 1024 -dp:noisectopt -d1 1 -d2 1 image -n 1000000 -e 1000000 -p 1 -s 4 -f 5 -b 50,"{""buffer_size"": ""50"", ""cpu_us"": ""43721"", ""d1"": ""1"", ""d2"": ""1"", ""gpu_us"": ""2992"", ""num_edges"": ""1000000"", ""num_nodes"": ""1000000"", ""num_pieces"": ""1"", ""num_spaces"": ""4"", ""op"": ""image"", ""sparse_factor"": ""5""}","{""d1"": ""1"", ""d2"": ""1"", ""gpu_host_fallback"": ""0"", ""gpu_input_rects"": ""1"", ""gpu_oom_backoffs"": ""0"", ""gpu_scratch_bytes"": ""656741736"", ""gpu_tiles"": ""1"", ""op"": ""image"", ""path"": ""ptrs""}",415,3,block_random,1024,2992,43721,ptrs
tile_sweep_publication,image,1d,sparse,5,75,2,cpu_source,cpu_us,1,0,0,1,977502724,2,1,1,1000000,1000000,4,1,0,4.522080,/pscratch/sd/r/rchanani/realm/build_pm_deppart/tests/benchmark -ll:gpu 1 -ll:cpu 1 -ll:fsize 8192 -dp:workers 1 -dp:hpool 256 -nocheck -block_random -block_volume 1024 -d1 1 -d2 1 image -n 1000000 -e 1000000 -p 1 -s 4 -f 5 -b 75,"{""buffer_size"": ""75"", ""cpu_us"": ""41531"", ""d1"": ""1"", ""d2"": ""1"", ""gpu_us"": ""31176"", ""num_edges"": ""1000000"", ""num_nodes"": ""1000000"", ""num_pieces"": ""1"", ""num_spaces"": ""4"", ""op"": ""image"", ""sparse_factor"": ""5""}","{""d1"": ""1"", ""d2"": ""1"", ""gpu_host_fallback"": ""0"", ""gpu_input_rects"": ""1"", ""gpu_oom_backoffs"": ""0"", ""gpu_scratch_bytes"": ""977502724"", ""gpu_tiles"": ""1"", ""op"": ""image"", ""path"": ""ptrs""}",416,0,block_random,1024,31176,41531,ptrs
tile_sweep_publication,image,1d,sparse,5,75,2,gpu_source,gpu_us,1,0,0,1,977502724,2,1,1,1000000,1000000,4,1,0,4.733094,/pscratch/sd/r/rchanani/realm/build_pm_deppart/tests/benchmark -ll:gpu 1 -ll:cpu 1 -ll:fsize 8192 -dp:workers 1 -dp:hpool 256 -nocheck -block_random -block_volume 1024 -dp:noisectopt -d1 1 -d2 1 image -n 1000000 -e 1000000 -p 1 -s 4 -f 5 -b 75,"{""buffer_size"": ""75"", ""cpu_us"": ""44686"", ""d1"": ""1"", ""d2"": ""1"", ""gpu_us"": ""3252"", ""num_edges"": ""1000000"", ""num_nodes"": ""1000000"", ""num_pieces"": ""1"", ""num_spaces"": ""4"", ""op"": ""image"", ""sparse_factor"": ""5""}","{""d1"": ""1"", ""d2"": ""1"", ""gpu_host_fallback"": ""0"", ""gpu_input_rects"": ""1"", ""gpu_oom_backoffs"": ""0"", ""gpu_scratch_bytes"": ""977502724"", ""gpu_tiles"": ""1"", ""op"": ""image"", ""path"": ""ptrs""}",417,1,block_random,1024,3252,44686,ptrs
tile_sweep_publication,image,1d,sparse,5,100,2,cpu_source,cpu_us,1,0,0,1,1298263712,2,1,1,1000000,1000000,4,1,0,4.730279,/pscratch/sd/r/rchanani/realm/build_pm_deppart/tests/benchmark -ll:gpu 1 -ll:cpu 1 -ll:fsize 8192 -dp:workers 1 -dp:hpool 256 -nocheck -block_random -block_volume 1024 -d1 1 -d2 1 image -n 1000000 -e 1000000 -p 1 -s 4 -f 5 -b 100,"{""buffer_size"": ""100"", ""cpu_us"": ""41561"", ""d1"": ""1"", ""d2"": ""1"", ""gpu_us"": ""30850"", ""num_edges"": ""1000000"", ""num_nodes"": ""1000000"", ""num_pieces"": ""1"", ""num_spaces"": ""4"", ""op"": ""image"", ""sparse_factor"": ""5""}","{""d1"": ""1"", ""d2"": ""1"", ""gpu_host_fallback"": ""0"", ""gpu_input_rects"": ""1"", ""gpu_oom_backoffs"": ""0"", ""gpu_scratch_bytes"": ""1298263712"", ""gpu_tiles"": ""1"", ""op"": ""image"", ""path"": ""ptrs""}",418,2,block_random,1024,30850,41561,ptrs
tile_sweep_publication,image,1d,sparse,5,100,2,gpu_source,gpu_us,1,0,0,1,1298263712,2,1,1,1000000,1000000,4,1,0,4.454622,/pscratch/sd/r/rchanani/realm/build_pm_deppart/tests/benchmark -ll:gpu 1 -ll:cpu 1 -ll:fsize 8192 -dp:workers 1 -dp:hpool 256 -nocheck -block_random -block_volume 1024 -dp:noisectopt -d1 1 -d2 1 image -n 1000000 -e 1000000 -p 1 -s 4 -f 5 -b 100,"{""buffer_size"": ""100"", ""cpu_us"": ""44358"", ""d1"": ""1"", ""d2"": ""1"", ""gpu_us"": ""2512"", ""num_edges"": ""1000000"", ""num_nodes"": ""1000000"", ""num_pieces"": ""1"", ""num_spaces"": ""4"", ""op"": ""image"", ""sparse_factor"": ""5""}","{""d1"": ""1"", ""d2"": ""1"", ""gpu_host_fallback"": ""0"", ""gpu_input_rects"": ""1"", ""gpu_oom_backoffs"": ""0"", ""gpu_scratch_bytes"": ""1298263712"", ""gpu_tiles"": ""1"", ""op"": ""image"", ""path"": ""ptrs""}",419,3,block_random,1024,2512,44358,ptrs
tile_sweep_publication,image,2d,dense,1,1,2,cpu_source,cpu_us,32,104,1,32,21200001,2,2,2,1000,1000,4,1,0,1.434787,/pscratch/sd/r/rchanani/realm/build_pm_deppart/tests/benchmark -ll:gpu 1 -ll:cpu 1 -ll:fsize 8192 -dp:workers 1 -dp:hpool 256 -nocheck -block_random -block_volume 1024 -d1 2 -d2 2 image -n 1000 -e 1000 -p 1 -s 4 -f 1 -b 1,"{""buffer_size"": ""1"", ""cpu_us"": ""249499"", ""d1"": ""2"", ""d2"": ""2"", ""gpu_us"": ""152783"", ""num_edges"": ""1000"", ""num_nodes"": ""1000"", ""num_pieces"": ""1"", ""num_spaces"": ""4"", ""op"": ""image"", ""sparse_factor"": ""1""}","{""d1"": ""2"", ""d2"": ""2"", ""gpu_host_fallback"": ""1"", ""gpu_input_rects"": ""32"", ""gpu_oom_backoffs"": ""104"", ""gpu_scratch_bytes"": ""21200001"", ""gpu_tiles"": ""32"", ""op"": ""image"", ""path"": ""ptrs""}",420,0,block_random,1024,152783,249499,ptrs
tile_sweep_publication,image,2d,dense,1,1,2,gpu_source,gpu_us,32,104,1,32,21200001,2,2,2,1000,1000,4,1,0,1.600543,/pscratch/sd/r/rchanani/realm/build_pm_deppart/tests/benchmark -ll:gpu 1 -ll:cpu 1 -ll:fsize 8192 -dp:workers 1 -dp:hpool 256 -nocheck -block_random -block_volume 1024 -dp:noisectopt -d1 2 -d2 2 image -n 1000 -e 1000 -p 1 -s 4 -f 1 -b 1,"{""buffer_size"": ""1"", ""cpu_us"": ""249406"", ""d1"": ""2"", ""d2"": ""2"", ""gpu_us"": ""150216"", ""num_edges"": ""1000"", ""num_nodes"": ""1000"", ""num_pieces"": ""1"", ""num_spaces"": ""4"", ""op"": ""image"", ""sparse_factor"": ""1""}","{""d1"": ""2"", ""d2"": ""2"", ""gpu_host_fallback"": ""1"", ""gpu_input_rects"": ""32"", ""gpu_oom_backoffs"": ""104"", ""gpu_scratch_bytes"": ""21200001"", ""gpu_tiles"": ""32"", ""op"": ""image"", ""path"": ""ptrs""}",421,1,block_random,1024,150216,249406,ptrs
tile_sweep_publication,image,2d,dense,1,2,2,cpu_source,cpu_us,16,39,1,16,40400002,2,2,2,1000,1000,4,1,0,1.564884,/pscratch/sd/r/rchanani/realm/build_pm_deppart/tests/benchmark -ll:gpu 1 -ll:cpu 1 -ll:fsize 8192 -dp:workers 1 -dp:hpool 256 -nocheck -block_random -block_volume 1024 -d1 2 -d2 2 image -n 1000 -e 1000 -p 1 -s 4 -f 1 -b 2,"{""buffer_size"": ""2"", ""cpu_us"": ""250218"", ""d1"": ""2"", ""d2"": ""2"", ""gpu_us"": ""125367"", ""num_edges"": ""1000"", ""num_nodes"": ""1000"", ""num_pieces"": ""1"", ""num_spaces"": ""4"", ""op"": ""image"", ""sparse_factor"": ""1""}","{""d1"": ""2"", ""d2"": ""2"", ""gpu_host_fallback"": ""1"", ""gpu_input_rects"": ""16"", ""gpu_oom_backoffs"": ""39"", ""gpu_scratch_bytes"": ""40400002"", ""gpu_tiles"": ""16"", ""op"": ""image"", ""path"": ""ptrs""}",422,2,block_random,1024,125367,250218,ptrs
tile_sweep_publication,image,2d,dense,1,2,2,gpu_source,gpu_us,16,39,1,16,40400002,2,2,2,1000,1000,4,1,0,1.400319,/pscratch/sd/r/rchanani/realm/build_pm_deppart/tests/benchmark -ll:gpu 1 -ll:cpu 1 -ll:fsize 8192 -dp:workers 1 -dp:hpool 256 -nocheck -block_random -block_volume 1024 -dp:noisectopt -d1 2 -d2 2 image -n 1000 -e 1000 -p 1 -s 4 -f 1 -b 2,"{""buffer_size"": ""2"", ""cpu_us"": ""252929"", ""d1"": ""2"", ""d2"": ""2"", ""gpu_us"": ""124398"", ""num_edges"": ""1000"", ""num_nodes"": ""1000"", ""num_pieces"": ""1"", ""num_spaces"": ""4"", ""op"": ""image"", ""sparse_factor"": ""1""}","{""d1"": ""2"", ""d2"": ""2"", ""gpu_host_fallback"": ""1"", ""gpu_input_rects"": ""16"", ""gpu_oom_backoffs"": ""39"", ""gpu_scratch_bytes"": ""40400002"", ""gpu_tiles"": ""16"", ""op"": ""image"", ""path"": ""ptrs""}",423,3,block_random,1024,124398,252929,ptrs
tile_sweep_publication,image,2d,dense,1,3,2,cpu_source,cpu_us,8,14,1,8,59600003,2,2,2,1000,1000,4,1,0,1.382354,/pscratch/sd/r/rchanani/realm/build_pm_deppart/tests/benchmark -ll:gpu 1 -ll:cpu 1 -ll:fsize 8192 -dp:workers 1 -dp:hpool 256 -nocheck -block_random -block_volume 1024 -d1 2 -d2 2 image -n 1000 -e 1000 -p 1 -s 4 -f 1 -b 3,"{""buffer_size"": ""3"", ""cpu_us"": ""251678"", ""d1"": ""2"", ""d2"": ""2"", ""gpu_us"": ""123268"", ""num_edges"": ""1000"", ""num_nodes"": ""1000"", ""num_pieces"": ""1"", ""num_spaces"": ""4"", ""op"": ""image"", ""sparse_factor"": ""1""}","{""d1"": ""2"", ""d2"": ""2"", ""gpu_host_fallback"": ""1"", ""gpu_input_rects"": ""8"", ""gpu_oom_backoffs"": ""14"", ""gpu_scratch_bytes"": ""59600003"", ""gpu_tiles"": ""8"", ""op"": ""image"", ""path"": ""ptrs""}",424,0,block_random,1024,123268,251678,ptrs
tile_sweep_publication,image,2d,dense,1,3,2,gpu_source,gpu_us,8,14,1,8,59600003,2,2,2,1000,1000,4,1,0,1.592519,/pscratch/sd/r/rchanani/realm/build_pm_deppart/tests/benchmark -ll:gpu 1 -ll:cpu 1 -ll:fsize 8192 -dp:workers 1 -dp:hpool 256 -nocheck -block_random -block_volume 1024 -dp:noisectopt -d1 2 -d2 2 image -n 1000 -e 1000 -p 1 -s 4 -f 1 -b 3,"{""buffer_size"": ""3"", ""cpu_us"": ""249323"", ""d1"": ""2"", ""d2"": ""2"", ""gpu_us"": ""123930"", ""num_edges"": ""1000"", ""num_nodes"": ""1000"", ""num_pieces"": ""1"", ""num_spaces"": ""4"", ""op"": ""image"", ""sparse_factor"": ""1""}","{""d1"": ""2"", ""d2"": ""2"", ""gpu_host_fallback"": ""1"", ""gpu_input_rects"": ""8"", ""gpu_oom_backoffs"": ""14"", ""gpu_scratch_bytes"": ""59600003"", ""gpu_tiles"": ""8"", ""op"": ""image"", ""path"": ""ptrs""}",425,1,block_random,1024,123930,249323,ptrs
tile_sweep_publication,image,2d,dense,1,4,2,cpu_source,cpu_us,8,14,1,8,78800005,2,2,2,1000,1000,4,1,0,1.616930,/pscratch/sd/r/rchanani/realm/build_pm_deppart/tests/benchmark -ll:gpu 1 -ll:cpu 1 -ll:fsize 8192 -dp:workers 1 -dp:hpool 256 -nocheck -block_random -block_volume 1024 -d1 2 -d2 2 image -n 1000 -e 1000 -p 1 -s 4 -f 1 -b 4,"{""buffer_size"": ""4"", ""cpu_us"": ""251174"", ""d1"": ""2"", ""d2"": ""2"", ""gpu_us"": ""123821"", ""num_edges"": ""1000"", ""num_nodes"": ""1000"", ""num_pieces"": ""1"", ""num_spaces"": ""4"", ""op"": ""image"", ""sparse_factor"": ""1""}","{""d1"": ""2"", ""d2"": ""2"", ""gpu_host_fallback"": ""1"", ""gpu_input_rects"": ""8"", ""gpu_oom_backoffs"": ""14"", ""gpu_scratch_bytes"": ""78800005"", ""gpu_tiles"": ""8"", ""op"": ""image"", ""path"": ""ptrs""}",426,2,block_random,1024,123821,251174,ptrs
tile_sweep_publication,image,2d,dense,1,4,2,gpu_source,gpu_us,8,14,1,8,78800005,2,2,2,1000,1000,4,1,0,1.405072,/pscratch/sd/r/rchanani/realm/build_pm_deppart/tests/benchmark -ll:gpu 1 -ll:cpu 1 -ll:fsize 8192 -dp:workers 1 -dp:hpool 256 -nocheck -block_random -block_volume 1024 -dp:noisectopt -d1 2 -d2 2 image -n 1000 -e 1000 -p 1 -s 4 -f 1 -b 4,"{""buffer_size"": ""4"", ""cpu_us"": ""249615"", ""d1"": ""2"", ""d2"": ""2"", ""gpu_us"": ""121737"", ""num_edges"": ""1000"", ""num_nodes"": ""1000"", ""num_pieces"": ""1"", ""num_spaces"": ""4"", ""op"": ""image"", ""sparse_factor"": ""1""}","{""d1"": ""2"", ""d2"": ""2"", ""gpu_host_fallback"": ""1"", ""gpu_input_rects"": ""8"", ""gpu_oom_backoffs"": ""14"", ""gpu_scratch_bytes"": ""78800005"", ""gpu_tiles"": ""8"", ""op"": ""image"", ""path"": ""ptrs""}",427,3,block_random,1024,121737,249615,ptrs
tile_sweep_publication,image,2d,dense,1,5,2,cpu_source,cpu_us,8,14,1,8,98000006,2,2,2,1000,1000,4,1,0,1.401921,/pscratch/sd/r/rchanani/realm/build_pm_deppart/tests/benchmark -ll:gpu 1 -ll:cpu 1 -ll:fsize 8192 -dp:workers 1 -dp:hpool 256 -nocheck -block_random -block_volume 1024 -d1 2 -d2 2 image -n 1000 -e 1000 -p 1 -s 4 -f 1 -b 5,"{""buffer_size"": ""5"", ""cpu_us"": ""250692"", ""d1"": ""2"", ""d2"": ""2"", ""gpu_us"": ""122085"", ""num_edges"": ""1000"", ""num_nodes"": ""1000"", ""num_pieces"": ""1"", ""num_spaces"": ""4"", ""op"": ""image"", ""sparse_factor"": ""1""}","{""d1"": ""2"", ""d2"": ""2"", ""gpu_host_fallback"": ""1"", ""gpu_input_rects"": ""8"", ""gpu_oom_backoffs"": ""14"", ""gpu_scratch_bytes"": ""98000006"", ""gpu_tiles"": ""8"", ""op"": ""image"", ""path"": ""ptrs""}",428,0,block_random,1024,122085,250692,ptrs
tile_sweep_publication,image,2d,dense,1,5,2,gpu_source,gpu_us,8,14,1,8,98000006,2,2,2,1000,1000,4,1,0,1.569697,/pscratch/sd/r/rchanani/realm/build_pm_deppart/tests/benchmark -ll:gpu 1 -ll:cpu 1 -ll:fsize 8192 -dp:workers 1 -dp:hpool 256 -nocheck -block_random -block_volume 1024 -dp:noisectopt -d1 2 -d2 2 image -n 1000 -e 1000 -p 1 -s 4 -f 1 -b 5,"{""buffer_size"": ""5"", ""cpu_us"": ""251333"", ""d1"": ""2"", ""d2"": ""2"", ""gpu_us"": ""123790"", ""num_edges"": ""1000"", ""num_nodes"": ""1000"", ""num_pieces"": ""1"", ""num_spaces"": ""4"", ""op"": ""image"", ""sparse_factor"": ""1""}","{""d1"": ""2"", ""d2"": ""2"", ""gpu_host_fallback"": ""1"", ""gpu_input_rects"": ""8"", ""gpu_oom_backoffs"": ""14"", ""gpu_scratch_bytes"": ""98000006"", ""gpu_tiles"": ""8"", ""op"": ""image"", ""path"": ""ptrs""}",429,1,block_random,1024,123790,251333,ptrs
tile_sweep_publication,image,2d,dense,1,7,2,cpu_source,cpu_us,4,5,1,4,136400008,2,2,2,1000,1000,4,1,0,1.513469,/pscratch/sd/r/rchanani/realm/build_pm_deppart/tests/benchmark -ll:gpu 1 -ll:cpu 1 -ll:fsize 8192 -dp:workers 1 -dp:hpool 256 -nocheck -block_random -block_volume 1024 -d1 2 -d2 2 image -n 1000 -e 1000 -p 1 -s 4 -f 1 -b 7,"{""buffer_size"": ""7"", ""cpu_us"": ""253173"", ""d1"": ""2"", ""d2"": ""2"", ""gpu_us"": ""92015"", ""num_edges"": ""1000"", ""num_nodes"": ""1000"", ""num_pieces"": ""1"", ""num_spaces"": ""4"", ""op"": ""image"", ""sparse_factor"": ""1""}","{""d1"": ""2"", ""d2"": ""2"", ""gpu_host_fallback"": ""1"", ""gpu_input_rects"": ""4"", ""gpu_oom_backoffs"": ""5"", ""gpu_scratch_bytes"": ""136400008"", ""gpu_tiles"": ""4"", ""op"": ""image"", ""path"": ""ptrs""}",430,2,block_random,1024,92015,253173,ptrs
tile_sweep_publication,image,2d,dense,1,7,2,gpu_source,gpu_us,4,5,1,4,136400008,2,2,2,1000,1000,4,1,0,1.314112,/pscratch/sd/r/rchanani/realm/build_pm_deppart/tests/benchmark -ll:gpu 1 -ll:cpu 1 -ll:fsize 8192 -dp:workers 1 -dp:hpool 256 -nocheck -block_random -block_volume 1024 -dp:noisectopt -d1 2 -d2 2 image -n 1000 -e 1000 -p 1 -s 4 -f 1 -b 7,"{""buffer_size"": ""7"", ""cpu_us"": ""249027"", ""d1"": ""2"", ""d2"": ""2"", ""gpu_us"": ""87764"", ""num_edges"": ""1000"", ""num_nodes"": ""1000"", ""num_pieces"": ""1"", ""num_spaces"": ""4"", ""op"": ""image"", ""sparse_factor"": ""1""}","{""d1"": ""2"", ""d2"": ""2"", ""gpu_host_fallback"": ""1"", ""gpu_input_rects"": ""4"", ""gpu_oom_backoffs"": ""5"", ""gpu_scratch_bytes"": ""136400008"", ""gpu_tiles"": ""4"", ""op"": ""image"", ""path"": ""ptrs""}",431,3,block_random,1024,87764,249027,ptrs
tile_sweep_publication,image,2d,dense,1,10,2,cpu_source,cpu_us,4,5,1,4,194000012,2,2,2,1000,1000,4,1,0,1.302731,/pscratch/sd/r/rchanani/realm/build_pm_deppart/tests/benchmark -ll:gpu 1 -ll:cpu 1 -ll:fsize 8192 -dp:workers 1 -dp:hpool 256 -nocheck -block_random -block_volume 1024 -d1 2 -d2 2 image -n 1000 -e 1000 -p 1 -s 4 -f 1 -b 10,"{""buffer_size"": ""10"", ""cpu_us"": ""247246"", ""d1"": ""2"", ""d2"": ""2"", ""gpu_us"": ""88756"", ""num_edges"": ""1000"", ""num_nodes"": ""1000"", ""num_pieces"": ""1"", ""num_spaces"": ""4"", ""op"": ""image"", ""sparse_factor"": ""1""}","{""d1"": ""2"", ""d2"": ""2"", ""gpu_host_fallback"": ""1"", ""gpu_input_rects"": ""4"", ""gpu_oom_backoffs"": ""5"", ""gpu_scratch_bytes"": ""194000012"", ""gpu_tiles"": ""4"", ""op"": ""image"", ""path"": ""ptrs""}",432,0,block_random,1024,88756,247246,ptrs
tile_sweep_publication,image,2d,dense,1,10,2,gpu_source,gpu_us,4,5,1,4,194000012,2,2,2,1000,1000,4,1,0,1.514192,/pscratch/sd/r/rchanani/realm/build_pm_deppart/tests/benchmark -ll:gpu 1 -ll:cpu 1 -ll:fsize 8192 -dp:workers 1 -dp:hpool 256 -nocheck -block_random -block_volume 1024 -dp:noisectopt -d1 2 -d2 2 image -n 1000 -e 1000 -p 1 -s 4 -f 1 -b 10,"{""buffer_size"": ""10"", ""cpu_us"": ""249593"", ""d1"": ""2"", ""d2"": ""2"", ""gpu_us"": ""90236"", ""num_edges"": ""1000"", ""num_nodes"": ""1000"", ""num_pieces"": ""1"", ""num_spaces"": ""4"", ""op"": ""image"", ""sparse_factor"": ""1""}","{""d1"": ""2"", ""d2"": ""2"", ""gpu_host_fallback"": ""1"", ""gpu_input_rects"": ""4"", ""gpu_oom_backoffs"": ""5"", ""gpu_scratch_bytes"": ""194000012"", ""gpu_tiles"": ""4"", ""op"": ""image"", ""path"": ""ptrs""}",433,1,block_random,1024,90236,249593,ptrs
tile_sweep_publication,image,2d,dense,1,15,2,cpu_source,cpu_us,2,2,1,2,290000019,2,2,2,1000,1000,4,1,0,1.392590,/pscratch/sd/r/rchanani/realm/build_pm_deppart/tests/benchmark -ll:gpu 1 -ll:cpu 1 -ll:fsize 8192 -dp:workers 1 -dp:hpool 256 -nocheck -block_random -block_volume 1024 -d1 2 -d2 2 image -n 1000 -e 1000 -p 1 -s 4 -f 1 -b 15,"{""buffer_size"": ""15"", ""cpu_us"": ""249006"", ""d1"": ""2"", ""d2"": ""2"", ""gpu_us"": ""60174"", ""num_edges"": ""1000"", ""num_nodes"": ""1000"", ""num_pieces"": ""1"", ""num_spaces"": ""4"", ""op"": ""image"", ""sparse_factor"": ""1""}","{""d1"": ""2"", ""d2"": ""2"", ""gpu_host_fallback"": ""1"", ""gpu_input_rects"": ""2"", ""gpu_oom_backoffs"": ""2"", ""gpu_scratch_bytes"": ""290000019"", ""gpu_tiles"": ""2"", ""op"": ""image"", ""path"": ""ptrs""}",434,2,block_random,1024,60174,249006,ptrs
tile_sweep_publication,image,2d,dense,1,15,2,gpu_source,gpu_us,2,2,1,2,290000019,2,2,2,1000,1000,4,1,0,1.263838,/pscratch/sd/r/rchanani/realm/build_pm_deppart/tests/benchmark -ll:gpu 1 -ll:cpu 1 -ll:fsize 8192 -dp:workers 1 -dp:hpool 256 -nocheck -block_random -block_volume 1024 -dp:noisectopt -d1 2 -d2 2 image -n 1000 -e 1000 -p 1 -s 4 -f 1 -b 15,"{""buffer_size"": ""15"", ""cpu_us"": ""248063"", ""d1"": ""2"", ""d2"": ""2"", ""gpu_us"": ""59600"", ""num_edges"": ""1000"", ""num_nodes"": ""1000"", ""num_pieces"": ""1"", ""num_spaces"": ""4"", ""op"": ""image"", ""sparse_factor"": ""1""}","{""d1"": ""2"", ""d2"": ""2"", ""gpu_host_fallback"": ""1"", ""gpu_input_rects"": ""2"", ""gpu_oom_backoffs"": ""2"", ""gpu_scratch_bytes"": ""290000019"", ""gpu_tiles"": ""2"", ""op"": ""image"", ""path"": ""ptrs""}",435,3,block_random,1024,59600,248063,ptrs
tile_sweep_publication,image,2d,dense,1,20,2,cpu_source,cpu_us,2,2,1,2,386000025,2,2,2,1000,1000,4,1,0,1.250784,/pscratch/sd/r/rchanani/realm/build_pm_deppart/tests/benchmark -ll:gpu 1 -ll:cpu 1 -ll:fsize 8192 -dp:workers 1 -dp:hpool 256 -nocheck -block_random -block_volume 1024 -d1 2 -d2 2 image -n 1000 -e 1000 -p 1 -s 4 -f 1 -b 20,"{""buffer_size"": ""20"", ""cpu_us"": ""248821"", ""d1"": ""2"", ""d2"": ""2"", ""gpu_us"": ""60413"", ""num_edges"": ""1000"", ""num_nodes"": ""1000"", ""num_pieces"": ""1"", ""num_spaces"": ""4"", ""op"": ""image"", ""sparse_factor"": ""1""}","{""d1"": ""2"", ""d2"": ""2"", ""gpu_host_fallback"": ""1"", ""gpu_input_rects"": ""2"", ""gpu_oom_backoffs"": ""2"", ""gpu_scratch_bytes"": ""386000025"", ""gpu_tiles"": ""2"", ""op"": ""image"", ""path"": ""ptrs""}",436,0,block_random,1024,60413,248821,ptrs
tile_sweep_publication,image,2d,dense,1,20,2,gpu_source,gpu_us,2,2,1,2,386000025,2,2,2,1000,1000,4,1,0,1.379396,/pscratch/sd/r/rchanani/realm/build_pm_deppart/tests/benchmark -ll:gpu 1 -ll:cpu 1 -ll:fsize 8192 -dp:workers 1 -dp:hpool 256 -nocheck -block_random -block_volume 1024 -dp:noisectopt -d1 2 -d2 2 image -n 1000 -e 1000 -p 1 -s 4 -f 1 -b 20,"{""buffer_size"": ""20"", ""cpu_us"": ""251442"", ""d1"": ""2"", ""d2"": ""2"", ""gpu_us"": ""59923"", ""num_edges"": ""1000"", ""num_nodes"": ""1000"", ""num_pieces"": ""1"", ""num_spaces"": ""4"", ""op"": ""image"", ""sparse_factor"": ""1""}","{""d1"": ""2"", ""d2"": ""2"", ""gpu_host_fallback"": ""1"", ""gpu_input_rects"": ""2"", ""gpu_oom_backoffs"": ""2"", ""gpu_scratch_bytes"": ""386000025"", ""gpu_tiles"": ""2"", ""op"": ""image"", ""path"": ""ptrs""}",437,1,block_random,1024,59923,251442,ptrs
tile_sweep_publication,image,2d,dense,1,25,2,cpu_source,cpu_us,1,0,0,1,482000032,2,2,2,1000,1000,4,1,0,1.359223,/pscratch/sd/r/rchanani/realm/build_pm_deppart/tests/benchmark -ll:gpu 1 -ll:cpu 1 -ll:fsize 8192 -dp:workers 1 -dp:hpool 256 -nocheck -block_random -block_volume 1024 -d1 2 -d2 2 image -n 1000 -e 1000 -p 1 -s 4 -f 1 -b 25,"{""buffer_size"": ""25"", ""cpu_us"": ""249932"", ""d1"": ""2"", ""d2"": ""2"", ""gpu_us"": ""19822"", ""num_edges"": ""1000"", ""num_nodes"": ""1000"", ""num_pieces"": ""1"", ""num_spaces"": ""4"", ""op"": ""image"", ""sparse_factor"": ""1""}","{""d1"": ""2"", ""d2"": ""2"", ""gpu_host_fallback"": ""0"", ""gpu_input_rects"": ""1"", ""gpu_oom_backoffs"": ""0"", ""gpu_scratch_bytes"": ""482000032"", ""gpu_tiles"": ""1"", ""op"": ""image"", ""path"": ""ptrs""}",438,2,block_random,1024,19822,249932,ptrs
tile_sweep_publication,image,2d,dense,1,25,2,gpu_source,gpu_us,1,0,0,1,482000032,2,2,2,1000,1000,4,1,0,1.181238,/pscratch/sd/r/rchanani/realm/build_pm_deppart/tests/benchmark -ll:gpu 1 -ll:cpu 1 -ll:fsize 8192 -dp:workers 1 -dp:hpool 256 -nocheck -block_random -block_volume 1024 -dp:noisectopt -d1 2 -d2 2 image -n 1000 -e 1000 -p 1 -s 4 -f 1 -b 25,"{""buffer_size"": ""25"", ""cpu_us"": ""250967"", ""d1"": ""2"", ""d2"": ""2"", ""gpu_us"": ""3309"", ""num_edges"": ""1000"", ""num_nodes"": ""1000"", ""num_pieces"": ""1"", ""num_spaces"": ""4"", ""op"": ""image"", ""sparse_factor"": ""1""}","{""d1"": ""2"", ""d2"": ""2"", ""gpu_host_fallback"": ""0"", ""gpu_input_rects"": ""1"", ""gpu_oom_backoffs"": ""0"", ""gpu_scratch_bytes"": ""482000032"", ""gpu_tiles"": ""1"", ""op"": ""image"", ""path"": ""ptrs""}",439,3,block_random,1024,3309,250967,ptrs
tile_sweep_publication,image,2d,dense,1,30,2,cpu_source,cpu_us,1,0,0,1,578000038,2,2,2,1000,1000,4,1,0,1.165793,/pscratch/sd/r/rchanani/realm/build_pm_deppart/tests/benchmark -ll:gpu 1 -ll:cpu 1 -ll:fsize 8192 -dp:workers 1 -dp:hpool 256 -nocheck -block_random -block_volume 1024 -d1 2 -d2 2 image -n 1000 -e 1000 -p 1 -s 4 -f 1 -b 30,"{""buffer_size"": ""30"", ""cpu_us"": ""250522"", ""d1"": ""2"", ""d2"": ""2"", ""gpu_us"": ""19904"", ""num_edges"": ""1000"", ""num_nodes"": ""1000"", ""num_pieces"": ""1"", ""num_spaces"": ""4"", ""op"": ""image"", ""sparse_factor"": ""1""}","{""d1"": ""2"", ""d2"": ""2"", ""gpu_host_fallback"": ""0"", ""gpu_input_rects"": ""1"", ""gpu_oom_backoffs"": ""0"", ""gpu_scratch_bytes"": ""578000038"", ""gpu_tiles"": ""1"", ""op"": ""image"", ""path"": ""ptrs""}",440,0,block_random,1024,19904,250522,ptrs
tile_sweep_publication,image,2d,dense,1,30,2,gpu_source,gpu_us,1,0,0,1,578000038,2,2,2,1000,1000,4,1,0,1.386355,/pscratch/sd/r/rchanani/realm/build_pm_deppart/tests/benchmark -ll:gpu 1 -ll:cpu 1 -ll:fsize 8192 -dp:workers 1 -dp:hpool 256 -nocheck -block_random -block_volume 1024 -dp:noisectopt -d1 2 -d2 2 image -n 1000 -e 1000 -p 1 -s 4 -f 1 -b 30,"{""buffer_size"": ""30"", ""cpu_us"": ""252761"", ""d1"": ""2"", ""d2"": ""2"", ""gpu_us"": ""3121"", ""num_edges"": ""1000"", ""num_nodes"": ""1000"", ""num_pieces"": ""1"", ""num_spaces"": ""4"", ""op"": ""image"", ""sparse_factor"": ""1""}","{""d1"": ""2"", ""d2"": ""2"", ""gpu_host_fallback"": ""0"", ""gpu_input_rects"": ""1"", ""gpu_oom_backoffs"": ""0"", ""gpu_scratch_bytes"": ""578000038"", ""gpu_tiles"": ""1"", ""op"": ""image"", ""path"": ""ptrs""}",441,1,block_random,1024,3121,252761,ptrs
tile_sweep_publication,image,2d,dense,1,40,2,cpu_source,cpu_us,1,0,0,1,770000051,2,2,2,1000,1000,4,1,0,1.427872,/pscratch/sd/r/rchanani/realm/build_pm_deppart/tests/benchmark -ll:gpu 1 -ll:cpu 1 -ll:fsize 8192 -dp:workers 1 -dp:hpool 256 -nocheck -block_random -block_volume 1024 -d1 2 -d2 2 image -n 1000 -e 1000 -p 1 -s 4 -f 1 -b 40,"{""buffer_size"": ""40"", ""cpu_us"": ""250326"", ""d1"": ""2"", ""d2"": ""2"", ""gpu_us"": ""20038"", ""num_edges"": ""1000"", ""num_nodes"": ""1000"", ""num_pieces"": ""1"", ""num_spaces"": ""4"", ""op"": ""image"", ""sparse_factor"": ""1""}","{""d1"": ""2"", ""d2"": ""2"", ""gpu_host_fallback"": ""0"", ""gpu_input_rects"": ""1"", ""gpu_oom_backoffs"": ""0"", ""gpu_scratch_bytes"": ""770000051"", ""gpu_tiles"": ""1"", ""op"": ""image"", ""path"": ""ptrs""}",442,2,block_random,1024,20038,250326,ptrs
tile_sweep_publication,image,2d,dense,1,40,2,gpu_source,gpu_us,1,0,0,1,770000051,2,2,2,1000,1000,4,1,0,1.154796,/pscratch/sd/r/rchanani/realm/build_pm_deppart/tests/benchmark -ll:gpu 1 -ll:cpu 1 -ll:fsize 8192 -dp:workers 1 -dp:hpool 256 -nocheck -block_random -block_volume 1024 -dp:noisectopt -d1 2 -d2 2 image -n 1000 -e 1000 -p 1 -s 4 -f 1 -b 40,"{""buffer_size"": ""40"", ""cpu_us"": ""249095"", ""d1"": ""2"", ""d2"": ""2"", ""gpu_us"": ""3315"", ""num_edges"": ""1000"", ""num_nodes"": ""1000"", ""num_pieces"": ""1"", ""num_spaces"": ""4"", ""op"": ""image"", ""sparse_factor"": ""1""}","{""d1"": ""2"", ""d2"": ""2"", ""gpu_host_fallback"": ""0"", ""gpu_input_rects"": ""1"", ""gpu_oom_backoffs"": ""0"", ""gpu_scratch_bytes"": ""770000051"", ""gpu_tiles"": ""1"", ""op"": ""image"", ""path"": ""ptrs""}",443,3,block_random,1024,3315,249095,ptrs
tile_sweep_publication,image,2d,dense,1,50,2,cpu_source,cpu_us,1,0,0,1,962000064,2,2,2,1000,1000,4,1,0,1.176311,/pscratch/sd/r/rchanani/realm/build_pm_deppart/tests/benchmark -ll:gpu 1 -ll:cpu 1 -ll:fsize 8192 -dp:workers 1 -dp:hpool 256 -nocheck -block_random -block_volume 1024 -d1 2 -d2 2 image -n 1000 -e 1000 -p 1 -s 4 -f 1 -b 50,"{""buffer_size"": ""50"", ""cpu_us"": ""250025"", ""d1"": ""2"", ""d2"": ""2"", ""gpu_us"": ""20195"", ""num_edges"": ""1000"", ""num_nodes"": ""1000"", ""num_pieces"": ""1"", ""num_spaces"": ""4"", ""op"": ""image"", ""sparse_factor"": ""1""}","{""d1"": ""2"", ""d2"": ""2"", ""gpu_host_fallback"": ""0"", ""gpu_input_rects"": ""1"", ""gpu_oom_backoffs"": ""0"", ""gpu_scratch_bytes"": ""962000064"", ""gpu_tiles"": ""1"", ""op"": ""image"", ""path"": ""ptrs""}",444,0,block_random,1024,20195,250025,ptrs
tile_sweep_publication,image,2d,dense,1,50,2,gpu_source,gpu_us,1,0,0,1,962000064,2,2,2,1000,1000,4,1,0,1.456110,/pscratch/sd/r/rchanani/realm/build_pm_deppart/tests/benchmark -ll:gpu 1 -ll:cpu 1 -ll:fsize 8192 -dp:workers 1 -dp:hpool 256 -nocheck -block_random -block_volume 1024 -dp:noisectopt -d1 2 -d2 2 image -n 1000 -e 1000 -p 1 -s 4 -f 1 -b 50,"{""buffer_size"": ""50"", ""cpu_us"": ""248597"", ""d1"": ""2"", ""d2"": ""2"", ""gpu_us"": ""3103"", ""num_edges"": ""1000"", ""num_nodes"": ""1000"", ""num_pieces"": ""1"", ""num_spaces"": ""4"", ""op"": ""image"", ""sparse_factor"": ""1""}","{""d1"": ""2"", ""d2"": ""2"", ""gpu_host_fallback"": ""0"", ""gpu_input_rects"": ""1"", ""gpu_oom_backoffs"": ""0"", ""gpu_scratch_bytes"": ""962000064"", ""gpu_tiles"": ""1"", ""op"": ""image"", ""path"": ""ptrs""}",445,1,block_random,1024,3103,248597,ptrs
tile_sweep_publication,image,2d,dense,1,75,2,cpu_source,cpu_us,1,0,0,1,1442000096,2,2,2,1000,1000,4,1,0,1.354342,/pscratch/sd/r/rchanani/realm/build_pm_deppart/tests/benchmark -ll:gpu 1 -ll:cpu 1 -ll:fsize 8192 -dp:workers 1 -dp:hpool 256 -nocheck -block_random -block_volume 1024 -d1 2 -d2 2 image -n 1000 -e 1000 -p 1 -s 4 -f 1 -b 75,"{""buffer_size"": ""75"", ""cpu_us"": ""254695"", ""d1"": ""2"", ""d2"": ""2"", ""gpu_us"": ""19703"", ""num_edges"": ""1000"", ""num_nodes"": ""1000"", ""num_pieces"": ""1"", ""num_spaces"": ""4"", ""op"": ""image"", ""sparse_factor"": ""1""}","{""d1"": ""2"", ""d2"": ""2"", ""gpu_host_fallback"": ""0"", ""gpu_input_rects"": ""1"", ""gpu_oom_backoffs"": ""0"", ""gpu_scratch_bytes"": ""1442000096"", ""gpu_tiles"": ""1"", ""op"": ""image"", ""path"": ""ptrs""}",446,2,block_random,1024,19703,254695,ptrs
tile_sweep_publication,image,2d,dense,1,75,2,gpu_source,gpu_us,1,0,0,1,1442000096,2,2,2,1000,1000,4,1,0,1.155212,/pscratch/sd/r/rchanani/realm/build_pm_deppart/tests/benchmark -ll:gpu 1 -ll:cpu 1 -ll:fsize 8192 -dp:workers 1 -dp:hpool 256 -nocheck -block_random -block_volume 1024 -dp:noisectopt -d1 2 -d2 2 image -n 1000 -e 1000 -p 1 -s 4 -f 1 -b 75,"{""buffer_size"": ""75"", ""cpu_us"": ""250053"", ""d1"": ""2"", ""d2"": ""2"", ""gpu_us"": ""3255"", ""num_edges"": ""1000"", ""num_nodes"": ""1000"", ""num_pieces"": ""1"", ""num_spaces"": ""4"", ""op"": ""image"", ""sparse_factor"": ""1""}","{""d1"": ""2"", ""d2"": ""2"", ""gpu_host_fallback"": ""0"", ""gpu_input_rects"": ""1"", ""gpu_oom_backoffs"": ""0"", ""gpu_scratch_bytes"": ""1442000096"", ""gpu_tiles"": ""1"", ""op"": ""image"", ""path"": ""ptrs""}",447,3,block_random,1024,3255,250053,ptrs
tile_sweep_publication,image,2d,dense,1,100,2,cpu_source,cpu_us,1,0,0,1,1922000128,2,2,2,1000,1000,4,1,0,1.191593,/pscratch/sd/r/rchanani/realm/build_pm_deppart/tests/benchmark -ll:gpu 1 -ll:cpu 1 -ll:fsize 8192 -dp:workers 1 -dp:hpool 256 -nocheck -block_random -block_volume 1024 -d1 2 -d2 2 image -n 1000 -e 1000 -p 1 -s 4 -f 1 -b 100,"{""buffer_size"": ""100"", ""cpu_us"": ""260175"", ""d1"": ""2"", ""d2"": ""2"", ""gpu_us"": ""19751"", ""num_edges"": ""1000"", ""num_nodes"": ""1000"", ""num_pieces"": ""1"", ""num_spaces"": ""4"", ""op"": ""image"", ""sparse_factor"": ""1""}","{""d1"": ""2"", ""d2"": ""2"", ""gpu_host_fallback"": ""0"", ""gpu_input_rects"": ""1"", ""gpu_oom_backoffs"": ""0"", ""gpu_scratch_bytes"": ""1922000128"", ""gpu_tiles"": ""1"", ""op"": ""image"", ""path"": ""ptrs""}",448,0,block_random,1024,19751,260175,ptrs
tile_sweep_publication,image,2d,dense,1,100,2,gpu_source,gpu_us,1,0,0,1,1922000128,2,2,2,1000,1000,4,1,0,1.188357,/pscratch/sd/r/rchanani/realm/build_pm_deppart/tests/benchmark -ll:gpu 1 -ll:cpu 1 -ll:fsize 8192 -dp:workers 1 -dp:hpool 256 -nocheck -block_random -block_volume 1024 -dp:noisectopt -d1 2 -d2 2 image -n 1000 -e 1000 -p 1 -s 4 -f 1 -b 100,"{""buffer_size"": ""100"", ""cpu_us"": ""250072"", ""d1"": ""2"", ""d2"": ""2"", ""gpu_us"": ""3278"", ""num_edges"": ""1000"", ""num_nodes"": ""1000"", ""num_pieces"": ""1"", ""num_spaces"": ""4"", ""op"": ""image"", ""sparse_factor"": ""1""}","{""d1"": ""2"", ""d2"": ""2"", ""gpu_host_fallback"": ""0"", ""gpu_input_rects"": ""1"", ""gpu_oom_backoffs"": ""0"", ""gpu_scratch_bytes"": ""1922000128"", ""gpu_tiles"": ""1"", ""op"": ""image"", ""path"": ""ptrs""}",449,1,block_random,1024,3278,250072,ptrs
tile_sweep_publication,image,2d,sparse,5,1,2,cpu_source,cpu_us,1,0,0,1,38202417,2,2,2,1000,1000,4,1,0,43.139166,/pscratch/sd/r/rchanani/realm/build_pm_deppart/tests/benchmark -ll:gpu 1 -ll:cpu 1 -ll:fsize 8192 -dp:workers 1 -dp:hpool 256 -nocheck -block_random -block_volume 1024 -d1 2 -d2 2 image -n 1000 -e 1000 -p 1 -s 4 -f 5 -b 1,"{""buffer_size"": ""1"", ""cpu_us"": ""20133737"", ""d1"": ""2"", ""d2"": ""2"", ""gpu_us"": ""10894426"", ""num_edges"": ""1000"", ""num_nodes"": ""1000"", ""num_pieces"": ""1"", ""num_spaces"": ""4"", ""op"": ""image"", ""sparse_factor"": ""5""}","{""d1"": ""2"", ""d2"": ""2"", ""gpu_host_fallback"": ""0"", ""gpu_input_rects"": ""1"", ""gpu_oom_backoffs"": ""0"", ""gpu_scratch_bytes"": ""38202417"", ""gpu_tiles"": ""1"", ""op"": ""image"", ""path"": ""ptrs""}",450,2,block_random,1024,10894426,20133737,ptrs
tile_sweep_publication,image,2d,sparse,5,1,2,gpu_source,gpu_us,1,0,0,1,38202417,2,2,2,1000,1000,4,1,0,20.965140,/pscratch/sd/r/rchanani/realm/build_pm_deppart/tests/benchmark -ll:gpu 1 -ll:cpu 1 -ll:fsize 8192 -dp:workers 1 -dp:hpool 256 -nocheck -block_random -block_volume 1024 -dp:noisectopt -d1 2 -d2 2 image -n 1000 -e 1000 -p 1 -s 4 -f 5 -b 1,"{""buffer_size"": ""1"", ""cpu_us"": ""19926006"", ""d1"": ""2"", ""d2"": ""2"", ""gpu_us"": ""2028"", ""num_edges"": ""1000"", ""num_nodes"": ""1000"", ""num_pieces"": ""1"", ""num_spaces"": ""4"", ""op"": ""image"", ""sparse_factor"": ""5""}","{""d1"": ""2"", ""d2"": ""2"", ""gpu_host_fallback"": ""0"", ""gpu_input_rects"": ""1"", ""gpu_oom_backoffs"": ""0"", ""gpu_scratch_bytes"": ""38202417"", ""gpu_tiles"": ""1"", ""op"": ""image"", ""path"": ""ptrs""}",451,3,block_random,1024,2028,19926006,ptrs
tile_sweep_publication,image,2d,sparse,5,2,2,cpu_source,cpu_us,1,0,0,1,57460707,2,2,2,1000,1000,4,1,0,42.732679,/pscratch/sd/r/rchanani/realm/build_pm_deppart/tests/benchmark -ll:gpu 1 -ll:cpu 1 -ll:fsize 8192 -dp:workers 1 -dp:hpool 256 -nocheck -block_random -block_volume 1024 -d1 2 -d2 2 image -n 1000 -e 1000 -p 1 -s 4 -f 5 -b 2,"{""buffer_size"": ""2"", ""cpu_us"": ""20039389"", ""d1"": ""2"", ""d2"": ""2"", ""gpu_us"": ""10823017"", ""num_edges"": ""1000"", ""num_nodes"": ""1000"", ""num_pieces"": ""1"", ""num_spaces"": ""4"", ""op"": ""image"", ""sparse_factor"": ""5""}","{""d1"": ""2"", ""d2"": ""2"", ""gpu_host_fallback"": ""0"", ""gpu_input_rects"": ""1"", ""gpu_oom_backoffs"": ""0"", ""gpu_scratch_bytes"": ""57460707"", ""gpu_tiles"": ""1"", ""op"": ""image"", ""path"": ""ptrs""}",452,0,block_random,1024,10823017,20039389,ptrs
tile_sweep_publication,image,2d,sparse,5,2,2,gpu_source,gpu_us,1,0,0,1,57460707,2,2,2,1000,1000,4,1,0,21.225139,/pscratch/sd/r/rchanani/realm/build_pm_deppart/tests/benchmark -ll:gpu 1 -ll:cpu 1 -ll:fsize 8192 -dp:workers 1 -dp:hpool 256 -nocheck -block_random -block_volume 1024 -dp:noisectopt -d1 2 -d2 2 image -n 1000 -e 1000 -p 1 -s 4 -f 5 -b 2,"{""buffer_size"": ""2"", ""cpu_us"": ""19941623"", ""d1"": ""2"", ""d2"": ""2"", ""gpu_us"": ""2120"", ""num_edges"": ""1000"", ""num_nodes"": ""1000"", ""num_pieces"": ""1"", ""num_spaces"": ""4"", ""op"": ""image"", ""sparse_factor"": ""5""}","{""d1"": ""2"", ""d2"": ""2"", ""gpu_host_fallback"": ""0"", ""gpu_input_rects"": ""1"", ""gpu_oom_backoffs"": ""0"", ""gpu_scratch_bytes"": ""57460707"", ""gpu_tiles"": ""1"", ""op"": ""image"", ""path"": ""ptrs""}",453,1,block_random,1024,2120,19941623,ptrs
tile_sweep_publication,image,2d,sparse,5,3,2,cpu_source,cpu_us,1,0,0,1,76718996,2,2,2,1000,1000,4,1,0,43.248411,/pscratch/sd/r/rchanani/realm/build_pm_deppart/tests/benchmark -ll:gpu 1 -ll:cpu 1 -ll:fsize 8192 -dp:workers 1 -dp:hpool 256 -nocheck -block_random -block_volume 1024 -d1 2 -d2 2 image -n 1000 -e 1000 -p 1 -s 4 -f 5 -b 3,"{""buffer_size"": ""3"", ""cpu_us"": ""20124956"", ""d1"": ""2"", ""d2"": ""2"", ""gpu_us"": ""10909134"", ""num_edges"": ""1000"", ""num_nodes"": ""1000"", ""num_pieces"": ""1"", ""num_spaces"": ""4"", ""op"": ""image"", ""sparse_factor"": ""5""}","{""d1"": ""2"", ""d2"": ""2"", ""gpu_host_fallback"": ""0"", ""gpu_input_rects"": ""1"", ""gpu_oom_backoffs"": ""0"", ""gpu_scratch_bytes"": ""76718996"", ""gpu_tiles"": ""1"", ""op"": ""image"", ""path"": ""ptrs""}",454,2,block_random,1024,10909134,20124956,ptrs
tile_sweep_publication,image,2d,sparse,5,3,2,gpu_source,gpu_us,1,0,0,1,76718996,2,2,2,1000,1000,4,1,0,20.935604,/pscratch/sd/r/rchanani/realm/build_pm_deppart/tests/benchmark -ll:gpu 1 -ll:cpu 1 -ll:fsize 8192 -dp:workers 1 -dp:hpool 256 -nocheck -block_random -block_volume 1024 -dp:noisectopt -d1 2 -d2 2 image -n 1000 -e 1000 -p 1 -s 4 -f 5 -b 3,"{""buffer_size"": ""3"", ""cpu_us"": ""19924551"", ""d1"": ""2"", ""d2"": ""2"", ""gpu_us"": ""2150"", ""num_edges"": ""1000"", ""num_nodes"": ""1000"", ""num_pieces"": ""1"", ""num_spaces"": ""4"", ""op"": ""image"", ""sparse_factor"": ""5""}","{""d1"": ""2"", ""d2"": ""2"", ""gpu_host_fallback"": ""0"", ""gpu_input_rects"": ""1"", ""gpu_oom_backoffs"": ""0"", ""gpu_scratch_bytes"": ""76718996"", ""gpu_tiles"": ""1"", ""op"": ""image"", ""path"": ""ptrs""}",455,3,block_random,1024,2150,19924551,ptrs
tile_sweep_publication,image,2d,sparse,5,4,2,cpu_source,cpu_us,1,0,0,1,95977286,2,2,2,1000,1000,4,1,0,42.557891,/pscratch/sd/r/rchanani/realm/build_pm_deppart/tests/benchmark -ll:gpu 1 -ll:cpu 1 -ll:fsize 8192 -dp:workers 1 -dp:hpool 256 -nocheck -block_random -block_volume 1024 -d1 2 -d2 2 image -n 1000 -e 1000 -p 1 -s 4 -f 5 -b 4,"{""buffer_size"": ""4"", ""cpu_us"": ""19923937"", ""d1"": ""2"", ""d2"": ""2"", ""gpu_us"": ""10794460"", ""num_edges"": ""1000"", ""num_nodes"": ""1000"", ""num_pieces"": ""1"", ""num_spaces"": ""4"", ""op"": ""image"", ""sparse_factor"": ""5""}","{""d1"": ""2"", ""d2"": ""2"", ""gpu_host_fallback"": ""0"", ""gpu_input_rects"": ""1"", ""gpu_oom_backoffs"": ""0"", ""gpu_scratch_bytes"": ""95977286"", ""gpu_tiles"": ""1"", ""op"": ""image"", ""path"": ""ptrs""}",456,0,block_random,1024,10794460,19923937,ptrs
tile_sweep_publication,image,2d,sparse,5,4,2,gpu_source,gpu_us,1,0,0,1,95977286,2,2,2,1000,1000,4,1,0,21.204434,/pscratch/sd/r/rchanani/realm/build_pm_deppart/tests/benchmark -ll:gpu 1 -ll:cpu 1 -ll:fsize 8192 -dp:workers 1 -dp:hpool 256 -nocheck -block_random -block_volume 1024 -dp:noisectopt -d1 2 -d2 2 image -n 1000 -e 1000 -p 1 -s 4 -f 5 -b 4,"{""buffer_size"": ""4"", ""cpu_us"": ""20003335"", ""d1"": ""2"", ""d2"": ""2"", ""gpu_us"": ""2065"", ""num_edges"": ""1000"", ""num_nodes"": ""1000"", ""num_pieces"": ""1"", ""num_spaces"": ""4"", ""op"": ""image"", ""sparse_factor"": ""5""}","{""d1"": ""2"", ""d2"": ""2"", ""gpu_host_fallback"": ""0"", ""gpu_input_rects"": ""1"", ""gpu_oom_backoffs"": ""0"", ""gpu_scratch_bytes"": ""95977286"", ""gpu_tiles"": ""1"", ""op"": ""image"", ""path"": ""ptrs""}",457,1,block_random,1024,2065,20003335,ptrs
tile_sweep_publication,image,2d,sparse,5,5,2,cpu_source,cpu_us,1,0,0,1,115235576,2,2,2,1000,1000,4,1,0,43.081207,/pscratch/sd/r/rchanani/realm/build_pm_deppart/tests/benchmark -ll:gpu 1 -ll:cpu 1 -ll:fsize 8192 -dp:workers 1 -dp:hpool 256 -nocheck -block_random -block_volume 1024 -d1 2 -d2 2 image -n 1000 -e 1000 -p 1 -s 4 -f 5 -b 5,"{""buffer_size"": ""5"", ""cpu_us"": ""20124003"", ""d1"": ""2"", ""d2"": ""2"", ""gpu_us"": ""10884374"", ""num_edges"": ""1000"", ""num_nodes"": ""1000"", ""num_pieces"": ""1"", ""num_spaces"": ""4"", ""op"": ""image"", ""sparse_factor"": ""5""}","{""d1"": ""2"", ""d2"": ""2"", ""gpu_host_fallback"": ""0"", ""gpu_input_rects"": ""1"", ""gpu_oom_backoffs"": ""0"", ""gpu_scratch_bytes"": ""115235576"", ""gpu_tiles"": ""1"", ""op"": ""image"", ""path"": ""ptrs""}",458,2,block_random,1024,10884374,20124003,ptrs
tile_sweep_publication,image,2d,sparse,5,5,2,gpu_source,gpu_us,1,0,0,1,115235576,2,2,2,1000,1000,4,1,0,21.026852,/pscratch/sd/r/rchanani/realm/build_pm_deppart/tests/benchmark -ll:gpu 1 -ll:cpu 1 -ll:fsize 8192 -dp:workers 1 -dp:hpool 256 -nocheck -block_random -block_volume 1024 -dp:noisectopt -d1 2 -d2 2 image -n 1000 -e 1000 -p 1 -s 4 -f 5 -b 5,"{""buffer_size"": ""5"", ""cpu_us"": ""19962428"", ""d1"": ""2"", ""d2"": ""2"", ""gpu_us"": ""2521"", ""num_edges"": ""1000"", ""num_nodes"": ""1000"", ""num_pieces"": ""1"", ""num_spaces"": ""4"", ""op"": ""image"", ""sparse_factor"": ""5""}","{""d1"": ""2"", ""d2"": ""2"", ""gpu_host_fallback"": ""0"", ""gpu_input_rects"": ""1"", ""gpu_oom_backoffs"": ""0"", ""gpu_scratch_bytes"": ""115235576"", ""gpu_tiles"": ""1"", ""op"": ""image"", ""path"": ""ptrs""}",459,3,block_random,1024,2521,19962428,ptrs
tile_sweep_publication,image,2d,sparse,5,7,2,cpu_source,cpu_us,1,0,0,1,153752155,2,2,2,1000,1000,4,1,0,42.695018,/pscratch/sd/r/rchanani/realm/build_pm_deppart/tests/benchmark -ll:gpu 1 -ll:cpu 1 -ll:fsize 8192 -dp:workers 1 -dp:hpool 256 -nocheck -block_random -block_volume 1024 -d1 2 -d2 2 image -n 1000 -e 1000 -p 1 -s 4 -f 5 -b 7,"{""buffer_size"": ""7"", ""cpu_us"": ""19964082"", ""d1"": ""2"", ""d2"": ""2"", ""gpu_us"": ""10845284"", ""num_edges"": ""1000"", ""num_nodes"": ""1000"", ""num_pieces"": ""1"", ""num_spaces"": ""4"", ""op"": ""image"", ""sparse_factor"": ""5""}","{""d1"": ""2"", ""d2"": ""2"", ""gpu_host_fallback"": ""0"", ""gpu_input_rects"": ""1"", ""gpu_oom_backoffs"": ""0"", ""gpu_scratch_bytes"": ""153752155"", ""gpu_tiles"": ""1"", ""op"": ""image"", ""path"": ""ptrs""}",460,0,block_random,1024,10845284,19964082,ptrs
tile_sweep_publication,image,2d,sparse,5,7,2,gpu_source,gpu_us,1,0,0,1,153752155,2,2,2,1000,1000,4,1,0,21.235242,/pscratch/sd/r/rchanani/realm/build_pm_deppart/tests/benchmark -ll:gpu 1 -ll:cpu 1 -ll:fsize 8192 -dp:workers 1 -dp:hpool 256 -nocheck -block_random -block_volume 1024 -dp:noisectopt -d1 2 -d2 2 image -n 1000 -e 1000 -p 1 -s 4 -f 5 -b 7,"{""buffer_size"": ""7"", ""cpu_us"": ""20079655"", ""d1"": ""2"", ""d2"": ""2"", ""gpu_us"": ""2004"", ""num_edges"": ""1000"", ""num_nodes"": ""1000"", ""num_pieces"": ""1"", ""num_spaces"": ""4"", ""op"": ""image"", ""sparse_factor"": ""5""}","{""d1"": ""2"", ""d2"": ""2"", ""gpu_host_fallback"": ""0"", ""gpu_input_rects"": ""1"", ""gpu_oom_backoffs"": ""0"", ""gpu_scratch_bytes"": ""153752155"", ""gpu_tiles"": ""1"", ""op"": ""image"", ""path"": ""ptrs""}",461,1,block_random,1024,2004,20079655,ptrs
tile_sweep_publication,image,2d,sparse,5,10,2,cpu_source,cpu_us,1,0,0,1,211527024,2,2,2,1000,1000,4,1,0,43.172637,/pscratch/sd/r/rchanani/realm/build_pm_deppart/tests/benchmark -ll:gpu 1 -ll:cpu 1 -ll:fsize 8192 -dp:workers 1 -dp:hpool 256 -nocheck -block_random -block_volume 1024 -d1 2 -d2 2 image -n 1000 -e 1000 -p 1 -s 4 -f 5 -b 10,"{""buffer_size"": ""10"", ""cpu_us"": ""20024544"", ""d1"": ""2"", ""d2"": ""2"", ""gpu_us"": ""10857995"", ""num_edges"": ""1000"", ""num_nodes"": ""1000"", ""num_pieces"": ""1"", ""num_spaces"": ""4"", ""op"": ""image"", ""sparse_factor"": ""5""}","{""d1"": ""2"", ""d2"": ""2"", ""gpu_host_fallback"": ""0"", ""gpu_input_rects"": ""1"", ""gpu_oom_backoffs"": ""0"", ""gpu_scratch_bytes"": ""211527024"", ""gpu_tiles"": ""1"", ""op"": ""image"", ""path"": ""ptrs""}",462,2,block_random,1024,10857995,20024544,ptrs
tile_sweep_publication,image,2d,sparse,5,10,2,gpu_source,gpu_us,1,0,0,1,211527024,2,2,2,1000,1000,4,1,0,21.019482,/pscratch/sd/r/rchanani/realm/build_pm_deppart/tests/benchmark -ll:gpu 1 -ll:cpu 1 -ll:fsize 8192 -dp:workers 1 -dp:hpool 256 -nocheck -block_random -block_volume 1024 -dp:noisectopt -d1 2 -d2 2 image -n 1000 -e 1000 -p 1 -s 4 -f 5 -b 10,"{""buffer_size"": ""10"", ""cpu_us"": ""19985768"", ""d1"": ""2"", ""d2"": ""2"", ""gpu_us"": ""2034"", ""num_edges"": ""1000"", ""num_nodes"": ""1000"", ""num_pieces"": ""1"", ""num_spaces"": ""4"", ""op"": ""image"", ""sparse_factor"": ""5""}","{""d1"": ""2"", ""d2"": ""2"", ""gpu_host_fallback"": ""0"", ""gpu_input_rects"": ""1"", ""gpu_oom_backoffs"": ""0"", ""gpu_scratch_bytes"": ""211527024"", ""gpu_tiles"": ""1"", ""op"": ""image"", ""path"": ""ptrs""}",463,3,block_random,1024,2034,19985768,ptrs
tile_sweep_publication,image,2d,sparse,5,15,2,cpu_source,cpu_us,1,0,0,1,307818472,2,2,2,1000,1000,4,1,0,42.657062,/pscratch/sd/r/rchanani/realm/build_pm_deppart/tests/benchmark -ll:gpu 1 -ll:cpu 1 -ll:fsize 8192 -dp:workers 1 -dp:hpool 256 -nocheck -block_random -block_volume 1024 -d1 2 -d2 2 image -n 1000 -e 1000 -p 1 -s 4 -f 5 -b 15,"{""buffer_size"": ""15"", ""cpu_us"": ""19945541"", ""d1"": ""2"", ""d2"": ""2"", ""gpu_us"": ""10841428"", ""num_edges"": ""1000"", ""num_nodes"": ""1000"", ""num_pieces"": ""1"", ""num_spaces"": ""4"", ""op"": ""image"", ""sparse_factor"": ""5""}","{""d1"": ""2"", ""d2"": ""2"", ""gpu_host_fallback"": ""0"", ""gpu_input_rects"": ""1"", ""gpu_oom_backoffs"": ""0"", ""gpu_scratch_bytes"": ""307818472"", ""gpu_tiles"": ""1"", ""op"": ""image"", ""path"": ""ptrs""}",464,0,block_random,1024,10841428,19945541,ptrs
tile_sweep_publication,image,2d,sparse,5,15,2,gpu_source,gpu_us,1,0,0,1,307818472,2,2,2,1000,1000,4,1,0,21.195969,/pscratch/sd/r/rchanani/realm/build_pm_deppart/tests/benchmark -ll:gpu 1 -ll:cpu 1 -ll:fsize 8192 -dp:workers 1 -dp:hpool 256 -nocheck -block_random -block_volume 1024 -dp:noisectopt -d1 2 -d2 2 image -n 1000 -e 1000 -p 1 -s 4 -f 5 -b 15,"{""buffer_size"": ""15"", ""cpu_us"": ""19955196"", ""d1"": ""2"", ""d2"": ""2"", ""gpu_us"": ""2031"", ""num_edges"": ""1000"", ""num_nodes"": ""1000"", ""num_pieces"": ""1"", ""num_spaces"": ""4"", ""op"": ""image"", ""sparse_factor"": ""5""}","{""d1"": ""2"", ""d2"": ""2"", ""gpu_host_fallback"": ""0"", ""gpu_input_rects"": ""1"", ""gpu_oom_backoffs"": ""0"", ""gpu_scratch_bytes"": ""307818472"", ""gpu_tiles"": ""1"", ""op"": ""image"", ""path"": ""ptrs""}",465,1,block_random,1024,2031,19955196,ptrs
tile_sweep_publication,image,2d,sparse,5,20,2,cpu_source,cpu_us,1,0,0,1,404109920,2,2,2,1000,1000,4,1,0,42.980025,/pscratch/sd/r/rchanani/realm/build_pm_deppart/tests/benchmark -ll:gpu 1 -ll:cpu 1 -ll:fsize 8192 -dp:workers 1 -dp:hpool 256 -nocheck -block_random -block_volume 1024 -d1 2 -d2 2 image -n 1000 -e 1000 -p 1 -s 4 -f 5 -b 20,"{""buffer_size"": ""20"", ""cpu_us"": ""20061077"", ""d1"": ""2"", ""d2"": ""2"", ""gpu_us"": ""10888618"", ""num_edges"": ""1000"", ""num_nodes"": ""1000"", ""num_pieces"": ""1"", ""num_spaces"": ""4"", ""op"": ""image"", ""sparse_factor"": ""5""}","{""d1"": ""2"", ""d2"": ""2"", ""gpu_host_fallback"": ""0"", ""gpu_input_rects"": ""1"", ""gpu_oom_backoffs"": ""0"", ""gpu_scratch_bytes"": ""404109920"", ""gpu_tiles"": ""1"", ""op"": ""image"", ""path"": ""ptrs""}",466,2,block_random,1024,10888618,20061077,ptrs
tile_sweep_publication,image,2d,sparse,5,20,2,gpu_source,gpu_us,1,0,0,1,404109920,2,2,2,1000,1000,4,1,0,20.943718,/pscratch/sd/r/rchanani/realm/build_pm_deppart/tests/benchmark -ll:gpu 1 -ll:cpu 1 -ll:fsize 8192 -dp:workers 1 -dp:hpool 256 -nocheck -block_random -block_volume 1024 -dp:noisectopt -d1 2 -d2 2 image -n 1000 -e 1000 -p 1 -s 4 -f 5 -b 20,"{""buffer_size"": ""20"", ""cpu_us"": ""19910816"", ""d1"": ""2"", ""d2"": ""2"", ""gpu_us"": ""2093"", ""num_edges"": ""1000"", ""num_nodes"": ""1000"", ""num_pieces"": ""1"", ""num_spaces"": ""4"", ""op"": ""image"", ""sparse_factor"": ""5""}","{""d1"": ""2"", ""d2"": ""2"", ""gpu_host_fallback"": ""0"", ""gpu_input_rects"": ""1"", ""gpu_oom_backoffs"": ""0"", ""gpu_scratch_bytes"": ""404109920"", ""gpu_tiles"": ""1"", ""op"": ""image"", ""path"": ""ptrs""}",467,3,block_random,1024,2093,19910816,ptrs
tile_sweep_publication,image,2d,sparse,5,25,2,cpu_source,cpu_us,1,0,0,1,500401368,2,2,2,1000,1000,4,1,0,42.726985,/pscratch/sd/r/rchanani/realm/build_pm_deppart/tests/benchmark -ll:gpu 1 -ll:cpu 1 -ll:fsize 8192 -dp:workers 1 -dp:hpool 256 -nocheck -block_random -block_volume 1024 -d1 2 -d2 2 image -n 1000 -e 1000 -p 1 -s 4 -f 5 -b 25,"{""buffer_size"": ""25"", ""cpu_us"": ""19997413"", ""d1"": ""2"", ""d2"": ""2"", ""gpu_us"": ""10863985"", ""num_edges"": ""1000"", ""num_nodes"": ""1000"", ""num_pieces"": ""1"", ""num_spaces"": ""4"", ""op"": ""image"", ""sparse_factor"": ""5""}","{""d1"": ""2"", ""d2"": ""2"", ""gpu_host_fallback"": ""0"", ""gpu_input_rects"": ""1"", ""gpu_oom_backoffs"": ""0"", ""gpu_scratch_bytes"": ""500401368"", ""gpu_tiles"": ""1"", ""op"": ""image"", ""path"": ""ptrs""}",468,0,block_random,1024,10863985,19997413,ptrs
tile_sweep_publication,image,2d,sparse,5,25,2,gpu_source,gpu_us,1,0,0,1,500401368,2,2,2,1000,1000,4,1,0,21.260996,/pscratch/sd/r/rchanani/realm/build_pm_deppart/tests/benchmark -ll:gpu 1 -ll:cpu 1 -ll:fsize 8192 -dp:workers 1 -dp:hpool 256 -nocheck -block_random -block_volume 1024 -dp:noisectopt -d1 2 -d2 2 image -n 1000 -e 1000 -p 1 -s 4 -f 5 -b 25,"{""buffer_size"": ""25"", ""cpu_us"": ""20027220"", ""d1"": ""2"", ""d2"": ""2"", ""gpu_us"": ""2174"", ""num_edges"": ""1000"", ""num_nodes"": ""1000"", ""num_pieces"": ""1"", ""num_spaces"": ""4"", ""op"": ""image"", ""sparse_factor"": ""5""}","{""d1"": ""2"", ""d2"": ""2"", ""gpu_host_fallback"": ""0"", ""gpu_input_rects"": ""1"", ""gpu_oom_backoffs"": ""0"", ""gpu_scratch_bytes"": ""500401368"", ""gpu_tiles"": ""1"", ""op"": ""image"", ""path"": ""ptrs""}",469,1,block_random,1024,2174,20027220,ptrs
tile_sweep_publication,image,2d,sparse,5,30,2,cpu_source,cpu_us,1,0,0,1,596692816,2,2,2,1000,1000,4,1,0,43.061216,/pscratch/sd/r/rchanani/realm/build_pm_deppart/tests/benchmark -ll:gpu 1 -ll:cpu 1 -ll:fsize 8192 -dp:workers 1 -dp:hpool 256 -nocheck -block_random -block_volume 1024 -d1 2 -d2 2 image -n 1000 -e 1000 -p 1 -s 4 -f 5 -b 30,"{""buffer_size"": ""30"", ""cpu_us"": ""20114203"", ""d1"": ""2"", ""d2"": ""2"", ""gpu_us"": ""10876019"", ""num_edges"": ""1000"", ""num_nodes"": ""1000"", ""num_pieces"": ""1"", ""num_spaces"": ""4"", ""op"": ""image"", ""sparse_factor"": ""5""}","{""d1"": ""2"", ""d2"": ""2"", ""gpu_host_fallback"": ""0"", ""gpu_input_rects"": ""1"", ""gpu_oom_backoffs"": ""0"", ""gpu_scratch_bytes"": ""596692816"", ""gpu_tiles"": ""1"", ""op"": ""image"", ""path"": ""ptrs""}",470,2,block_random,1024,10876019,20114203,ptrs
tile_sweep_publication,image,2d,sparse,5,30,2,gpu_source,gpu_us,1,0,0,1,596692816,2,2,2,1000,1000,4,1,0,21.136567,/pscratch/sd/r/rchanani/realm/build_pm_deppart/tests/benchmark -ll:gpu 1 -ll:cpu 1 -ll:fsize 8192 -dp:workers 1 -dp:hpool 256 -nocheck -block_random -block_volume 1024 -dp:noisectopt -d1 2 -d2 2 image -n 1000 -e 1000 -p 1 -s 4 -f 5 -b 30,"{""buffer_size"": ""30"", ""cpu_us"": ""20099355"", ""d1"": ""2"", ""d2"": ""2"", ""gpu_us"": ""2116"", ""num_edges"": ""1000"", ""num_nodes"": ""1000"", ""num_pieces"": ""1"", ""num_spaces"": ""4"", ""op"": ""image"", ""sparse_factor"": ""5""}","{""d1"": ""2"", ""d2"": ""2"", ""gpu_host_fallback"": ""0"", ""gpu_input_rects"": ""1"", ""gpu_oom_backoffs"": ""0"", ""gpu_scratch_bytes"": ""596692816"", ""gpu_tiles"": ""1"", ""op"": ""image"", ""path"": ""ptrs""}",471,3,block_random,1024,2116,20099355,ptrs
tile_sweep_publication,image,2d,sparse,5,40,2,cpu_source,cpu_us,1,0,0,1,789275712,2,2,2,1000,1000,4,1,0,42.687074,/pscratch/sd/r/rchanani/realm/build_pm_deppart/tests/benchmark -ll:gpu 1 -ll:cpu 1 -ll:fsize 8192 -dp:workers 1 -dp:hpool 256 -nocheck -block_random -block_volume 1024 -d1 2 -d2 2 image -n 1000 -e 1000 -p 1 -s 4 -f 5 -b 40,"{""buffer_size"": ""40"", ""cpu_us"": ""20011412"", ""d1"": ""2"", ""d2"": ""2"", ""gpu_us"": ""10834304"", ""num_edges"": ""1000"", ""num_nodes"": ""1000"", ""num_pieces"": ""1"", ""num_spaces"": ""4"", ""op"": ""image"", ""sparse_factor"": ""5""}","{""d1"": ""2"", ""d2"": ""2"", ""gpu_host_fallback"": ""0"", ""gpu_input_rects"": ""1"", ""gpu_oom_backoffs"": ""0"", ""gpu_scratch_bytes"": ""789275712"", ""gpu_tiles"": ""1"", ""op"": ""image"", ""path"": ""ptrs""}",472,0,block_random,1024,10834304,20011412,ptrs
tile_sweep_publication,image,2d,sparse,5,40,2,gpu_source,gpu_us,1,0,0,1,789275712,2,2,2,1000,1000,4,1,0,21.237452,/pscratch/sd/r/rchanani/realm/build_pm_deppart/tests/benchmark -ll:gpu 1 -ll:cpu 1 -ll:fsize 8192 -dp:workers 1 -dp:hpool 256 -nocheck -block_random -block_volume 1024 -dp:noisectopt -d1 2 -d2 2 image -n 1000 -e 1000 -p 1 -s 4 -f 5 -b 40,"{""buffer_size"": ""40"", ""cpu_us"": ""19988126"", ""d1"": ""2"", ""d2"": ""2"", ""gpu_us"": ""2166"", ""num_edges"": ""1000"", ""num_nodes"": ""1000"", ""num_pieces"": ""1"", ""num_spaces"": ""4"", ""op"": ""image"", ""sparse_factor"": ""5""}","{""d1"": ""2"", ""d2"": ""2"", ""gpu_host_fallback"": ""0"", ""gpu_input_rects"": ""1"", ""gpu_oom_backoffs"": ""0"", ""gpu_scratch_bytes"": ""789275712"", ""gpu_tiles"": ""1"", ""op"": ""image"", ""path"": ""ptrs""}",473,1,block_random,1024,2166,19988126,ptrs
tile_sweep_publication,image,2d,sparse,5,50,2,cpu_source,cpu_us,1,0,0,1,981858608,2,2,2,1000,1000,4,1,0,42.959172,/pscratch/sd/r/rchanani/realm/build_pm_deppart/tests/benchmark -ll:gpu 1 -ll:cpu 1 -ll:fsize 8192 -dp:workers 1 -dp:hpool 256 -nocheck -block_random -block_volume 1024 -d1 2 -d2 2 image -n 1000 -e 1000 -p 1 -s 4 -f 5 -b 50,"{""buffer_size"": ""50"", ""cpu_us"": ""20051032"", ""d1"": ""2"", ""d2"": ""2"", ""gpu_us"": ""10867312"", ""num_edges"": ""1000"", ""num_nodes"": ""1000"", ""num_pieces"": ""1"", ""num_spaces"": ""4"", ""op"": ""image"", ""sparse_factor"": ""5""}","{""d1"": ""2"", ""d2"": ""2"", ""gpu_host_fallback"": ""0"", ""gpu_input_rects"": ""1"", ""gpu_oom_backoffs"": ""0"", ""gpu_scratch_bytes"": ""981858608"", ""gpu_tiles"": ""1"", ""op"": ""image"", ""path"": ""ptrs""}",474,2,block_random,1024,10867312,20051032,ptrs
tile_sweep_publication,image,2d,sparse,5,50,2,gpu_source,gpu_us,1,0,0,1,981858608,2,2,2,1000,1000,4,1,0,21.015371,/pscratch/sd/r/rchanani/realm/build_pm_deppart/tests/benchmark -ll:gpu 1 -ll:cpu 1 -ll:fsize 8192 -dp:workers 1 -dp:hpool 256 -nocheck -block_random -block_volume 1024 -dp:noisectopt -d1 2 -d2 2 image -n 1000 -e 1000 -p 1 -s 4 -f 5 -b 50,"{""buffer_size"": ""50"", ""cpu_us"": ""19980961"", ""d1"": ""2"", ""d2"": ""2"", ""gpu_us"": ""2101"", ""num_edges"": ""1000"", ""num_nodes"": ""1000"", ""num_pieces"": ""1"", ""num_spaces"": ""4"", ""op"": ""image"", ""sparse_factor"": ""5""}","{""d1"": ""2"", ""d2"": ""2"", ""gpu_host_fallback"": ""0"", ""gpu_input_rects"": ""1"", ""gpu_oom_backoffs"": ""0"", ""gpu_scratch_bytes"": ""981858608"", ""gpu_tiles"": ""1"", ""op"": ""image"", ""path"": ""ptrs""}",475,3,block_random,1024,2101,19980961,ptrs
tile_sweep_publication,image,2d,sparse,5,75,2,cpu_source,cpu_us,1,0,0,1,1463315848,2,2,2,1000,1000,4,1,0,42.846393,/pscratch/sd/r/rchanani/realm/build_pm_deppart/tests/benchmark -ll:gpu 1 -ll:cpu 1 -ll:fsize 8192 -dp:workers 1 -dp:hpool 256 -nocheck -block_random -block_volume 1024 -d1 2 -d2 2 image -n 1000 -e 1000 -p 1 -s 4 -f 5 -b 75,"{""buffer_size"": ""75"", ""cpu_us"": ""19942018"", ""d1"": ""2"", ""d2"": ""2"", ""gpu_us"": ""10854601"", ""num_edges"": ""1000"", ""num_nodes"": ""1000"", ""num_pieces"": ""1"", ""num_spaces"": ""4"", ""op"": ""image"", ""sparse_factor"": ""5""}","{""d1"": ""2"", ""d2"": ""2"", ""gpu_host_fallback"": ""0"", ""gpu_input_rects"": ""1"", ""gpu_oom_backoffs"": ""0"", ""gpu_scratch_bytes"": ""1463315848"", ""gpu_tiles"": ""1"", ""op"": ""image"", ""path"": ""ptrs""}",476,0,block_random,1024,10854601,19942018,ptrs
tile_sweep_publication,image,2d,sparse,5,75,2,gpu_source,gpu_us,1,0,0,1,1463315848,2,2,2,1000,1000,4,1,0,21.191058,/pscratch/sd/r/rchanani/realm/build_pm_deppart/tests/benchmark -ll:gpu 1 -ll:cpu 1 -ll:fsize 8192 -dp:workers 1 -dp:hpool 256 -nocheck -block_random -block_volume 1024 -dp:noisectopt -d1 2 -d2 2 image -n 1000 -e 1000 -p 1 -s 4 -f 5 -b 75,"{""buffer_size"": ""75"", ""cpu_us"": ""19952234"", ""d1"": ""2"", ""d2"": ""2"", ""gpu_us"": ""2063"", ""num_edges"": ""1000"", ""num_nodes"": ""1000"", ""num_pieces"": ""1"", ""num_spaces"": ""4"", ""op"": ""image"", ""sparse_factor"": ""5""}","{""d1"": ""2"", ""d2"": ""2"", ""gpu_host_fallback"": ""0"", ""gpu_input_rects"": ""1"", ""gpu_oom_backoffs"": ""0"", ""gpu_scratch_bytes"": ""1463315848"", ""gpu_tiles"": ""1"", ""op"": ""image"", ""path"": ""ptrs""}",477,1,block_random,1024,2063,19952234,ptrs
tile_sweep_publication,image,2d,sparse,5,100,2,cpu_source,cpu_us,1,0,0,1,1944773088,2,2,2,1000,1000,4,1,0,43.188463,/pscratch/sd/r/rchanani/realm/build_pm_deppart/tests/benchmark -ll:gpu 1 -ll:cpu 1 -ll:fsize 8192 -dp:workers 1 -dp:hpool 256 -nocheck -block_random -block_volume 1024 -d1 2 -d2 2 image -n 1000 -e 1000 -p 1 -s 4 -f 5 -b 100,"{""buffer_size"": ""100"", ""cpu_us"": ""20122012"", ""d1"": ""2"", ""d2"": ""2"", ""gpu_us"": ""10957208"", ""num_edges"": ""1000"", ""num_nodes"": ""1000"", ""num_pieces"": ""1"", ""num_spaces"": ""4"", ""op"": ""image"", ""sparse_factor"": ""5""}","{""d1"": ""2"", ""d2"": ""2"", ""gpu_host_fallback"": ""0"", ""gpu_input_rects"": ""1"", ""gpu_oom_backoffs"": ""0"", ""gpu_scratch_bytes"": ""1944773088"", ""gpu_tiles"": ""1"", ""op"": ""image"", ""path"": ""ptrs""}",478,2,block_random,1024,10957208,20122012,ptrs
tile_sweep_publication,image,2d,sparse,5,100,2,gpu_source,gpu_us,1,0,0,1,1944773088,2,2,2,1000,1000,4,1,0,20.979592,/pscratch/sd/r/rchanani/realm/build_pm_deppart/tests/benchmark -ll:gpu 1 -ll:cpu 1 -ll:fsize 8192 -dp:workers 1 -dp:hpool 256 -nocheck -block_random -block_volume 1024 -dp:noisectopt -d1 2 -d2 2 image -n 1000 -e 1000 -p 1 -s 4 -f 5 -b 100,"{""buffer_size"": ""100"", ""cpu_us"": ""19938533"", ""d1"": ""2"", ""d2"": ""2"", ""gpu_us"": ""2042"", ""num_edges"": ""1000"", ""num_nodes"": ""1000"", ""num_pieces"": ""1"", ""num_spaces"": ""4"", ""op"": ""image"", ""sparse_factor"": ""5""}","{""d1"": ""2"", ""d2"": ""2"", ""gpu_host_fallback"": ""0"", ""gpu_input_rects"": ""1"", ""gpu_oom_backoffs"": ""0"", ""gpu_scratch_bytes"": ""1944773088"", ""gpu_tiles"": ""1"", ""op"": ""image"", ""path"": ""ptrs""}",479,3,block_random,1024,2042,19938533,ptrs
tile_sweep_publication,image,3d,dense,1,1,2,cpu_source,cpu_us,32,104,1,32,27600001,2,3,3,100,100,4,1,0,7.576798,/pscratch/sd/r/rchanani/realm/build_pm_deppart/tests/benchmark -ll:gpu 1 -ll:cpu 1 -ll:fsize 8192 -dp:workers 1 -dp:hpool 256 -nocheck -block_random -block_volume 1024 -d1 3 -d2 3 image -n 100 -e 100 -p 1 -s 4 -f 1 -b 1,"{""buffer_size"": ""1"", ""cpu_us"": ""4611967"", ""d1"": ""3"", ""d2"": ""3"", ""gpu_us"": ""1037011"", ""num_edges"": ""100"", ""num_nodes"": ""100"", ""num_pieces"": ""1"", ""num_spaces"": ""4"", ""op"": ""image"", ""sparse_factor"": ""1""}","{""d1"": ""3"", ""d2"": ""3"", ""gpu_host_fallback"": ""1"", ""gpu_input_rects"": ""32"", ""gpu_oom_backoffs"": ""104"", ""gpu_scratch_bytes"": ""27600001"", ""gpu_tiles"": ""32"", ""op"": ""image"", ""path"": ""ptrs""}",480,0,block_random,1024,1037011,4611967,ptrs
tile_sweep_publication,image,3d,dense,1,1,2,gpu_source,gpu_us,32,104,1,32,27600001,2,3,3,100,100,4,1,0,7.871720,/pscratch/sd/r/rchanani/realm/build_pm_deppart/tests/benchmark -ll:gpu 1 -ll:cpu 1 -ll:fsize 8192 -dp:workers 1 -dp:hpool 256 -nocheck -block_random -block_volume 1024 -dp:noisectopt -d1 3 -d2 3 image -n 100 -e 100 -p 1 -s 4 -f 1 -b 1,"{""buffer_size"": ""1"", ""cpu_us"": ""4613309"", ""d1"": ""3"", ""d2"": ""3"", ""gpu_us"": ""1030412"", ""num_edges"": ""100"", ""num_nodes"": ""100"", ""num_pieces"": ""1"", ""num_spaces"": ""4"", ""op"": ""image"", ""sparse_factor"": ""1""}","{""d1"": ""3"", ""d2"": ""3"", ""gpu_host_fallback"": ""1"", ""gpu_input_rects"": ""32"", ""gpu_oom_backoffs"": ""104"", ""gpu_scratch_bytes"": ""27600001"", ""gpu_tiles"": ""32"", ""op"": ""image"", ""path"": ""ptrs""}",481,1,block_random,1024,1030412,4613309,ptrs
tile_sweep_publication,image,3d,dense,1,2,2,cpu_source,cpu_us,16,39,1,16,53200003,2,3,3,100,100,4,1,0,8.738636,/pscratch/sd/r/rchanani/realm/build_pm_deppart/tests/benchmark -ll:gpu 1 -ll:cpu 1 -ll:fsize 8192 -dp:workers 1 -dp:hpool 256 -nocheck -block_random -block_volume 1024 -d1 3 -d2 3 image -n 100 -e 100 -p 1 -s 4 -f 1 -b 2,"{""buffer_size"": ""2"", ""cpu_us"": ""4632116"", ""d1"": ""3"", ""d2"": ""3"", ""gpu_us"": ""1500600"", ""num_edges"": ""100"", ""num_nodes"": ""100"", ""num_pieces"": ""1"", ""num_spaces"": ""4"", ""op"": ""image"", ""sparse_factor"": ""1""}","{""d1"": ""3"", ""d2"": ""3"", ""gpu_host_fallback"": ""1"", ""gpu_input_rects"": ""16"", ""gpu_oom_backoffs"": ""39"", ""gpu_scratch_bytes"": ""53200003"", ""gpu_tiles"": ""16"", ""op"": ""image"", ""path"": ""ptrs""}",482,2,block_random,1024,1500600,4632116,ptrs
tile_sweep_publication,image,3d,dense,1,2,2,gpu_source,gpu_us,16,39,1,16,53200003,2,3,3,100,100,4,1,0,8.435340,/pscratch/sd/r/rchanani/realm/build_pm_deppart/tests/benchmark -ll:gpu 1 -ll:cpu 1 -ll:fsize 8192 -dp:workers 1 -dp:hpool 256 -nocheck -block_random -block_volume 1024 -dp:noisectopt -d1 3 -d2 3 image -n 100 -e 100 -p 1 -s 4 -f 1 -b 2,"{""buffer_size"": ""2"", ""cpu_us"": ""4575007"", ""d1"": ""3"", ""d2"": ""3"", ""gpu_us"": ""1484437"", ""num_edges"": ""100"", ""num_nodes"": ""100"", ""num_pieces"": ""1"", ""num_spaces"": ""4"", ""op"": ""image"", ""sparse_factor"": ""1""}","{""d1"": ""3"", ""d2"": ""3"", ""gpu_host_fallback"": ""1"", ""gpu_input_rects"": ""16"", ""gpu_oom_backoffs"": ""39"", ""gpu_scratch_bytes"": ""53200003"", ""gpu_tiles"": ""16"", ""op"": ""image"", ""path"": ""ptrs""}",483,3,block_random,1024,1484437,4575007,ptrs
tile_sweep_publication,image,3d,dense,1,3,2,cpu_source,cpu_us,8,14,1,8,78800005,2,3,3,100,100,4,1,0,8.263971,/pscratch/sd/r/rchanani/realm/build_pm_deppart/tests/benchmark -ll:gpu 1 -ll:cpu 1 -ll:fsize 8192 -dp:workers 1 -dp:hpool 256 -nocheck -block_random -block_volume 1024 -d1 3 -d2 3 image -n 100 -e 100 -p 1 -s 4 -f 1 -b 3,"{""buffer_size"": ""3"", ""cpu_us"": ""4567598"", ""d1"": ""3"", ""d2"": ""3"", ""gpu_us"": ""1401542"", ""num_edges"": ""100"", ""num_nodes"": ""100"", ""num_pieces"": ""1"", ""num_spaces"": ""4"", ""op"": ""image"", ""sparse_factor"": ""1""}","{""d1"": ""3"", ""d2"": ""3"", ""gpu_host_fallback"": ""1"", ""gpu_input_rects"": ""8"", ""gpu_oom_backoffs"": ""14"", ""gpu_scratch_bytes"": ""78800005"", ""gpu_tiles"": ""8"", ""op"": ""image"", ""path"": ""ptrs""}",484,0,block_random,1024,1401542,4567598,ptrs
tile_sweep_publication,image,3d,dense,1,3,2,gpu_source,gpu_us,8,14,1,8,78800005,2,3,3,100,100,4,1,0,8.506290,/pscratch/sd/r/rchanani/realm/build_pm_deppart/tests/benchmark -ll:gpu 1 -ll:cpu 1 -ll:fsize 8192 -dp:workers 1 -dp:hpool 256 -nocheck -block_random -block_volume 1024 -dp:noisectopt -d1 3 -d2 3 image -n 100 -e 100 -p 1 -s 4 -f 1 -b 3,"{""buffer_size"": ""3"", ""cpu_us"": ""4633361"", ""d1"": ""3"", ""d2"": ""3"", ""gpu_us"": ""1400166"", ""num_edges"": ""100"", ""num_nodes"": ""100"", ""num_pieces"": ""1"", ""num_spaces"": ""4"", ""op"": ""image"", ""sparse_factor"": ""1""}","{""d1"": ""3"", ""d2"": ""3"", ""gpu_host_fallback"": ""1"", ""gpu_input_rects"": ""8"", ""gpu_oom_backoffs"": ""14"", ""gpu_scratch_bytes"": ""78800005"", ""gpu_tiles"": ""8"", ""op"": ""image"", ""path"": ""ptrs""}",485,1,block_random,1024,1400166,4633361,ptrs
tile_sweep_publication,image,3d,dense,1,4,2,cpu_source,cpu_us,8,14,1,8,104400007,2,3,3,100,100,4,1,0,8.534786,/pscratch/sd/r/rchanani/realm/build_pm_deppart/tests/benchmark -ll:gpu 1 -ll:cpu 1 -ll:fsize 8192 -dp:workers 1 -dp:hpool 256 -nocheck -block_random -block_volume 1024 -d1 3 -d2 3 image -n 100 -e 100 -p 1 -s 4 -f 1 -b 4,"{""buffer_size"": ""4"", ""cpu_us"": ""4652978"", ""d1"": ""3"", ""d2"": ""3"", ""gpu_us"": ""1414647"", ""num_edges"": ""100"", ""num_nodes"": ""100"", ""num_pieces"": ""1"", ""num_spaces"": ""4"", ""op"": ""image"", ""sparse_factor"": ""1""}","{""d1"": ""3"", ""d2"": ""3"", ""gpu_host_fallback"": ""1"", ""gpu_input_rects"": ""8"", ""gpu_oom_backoffs"": ""14"", ""gpu_scratch_bytes"": ""104400007"", ""gpu_tiles"": ""8"", ""op"": ""image"", ""path"": ""ptrs""}",486,2,block_random,1024,1414647,4652978,ptrs
tile_sweep_publication,image,3d,dense,1,4,2,gpu_source,gpu_us,8,14,1,8,104400007,2,3,3,100,100,4,1,0,8.330733,/pscratch/sd/r/rchanani/realm/build_pm_deppart/tests/benchmark -ll:gpu 1 -ll:cpu 1 -ll:fsize 8192 -dp:workers 1 -dp:hpool 256 -nocheck -block_random -block_volume 1024 -dp:noisectopt -d1 3 -d2 3 image -n 100 -e 100 -p 1 -s 4 -f 1 -b 4,"{""buffer_size"": ""4"", ""cpu_us"": ""4590593"", ""d1"": ""3"", ""d2"": ""3"", ""gpu_us"": ""1401532"", ""num_edges"": ""100"", ""num_nodes"": ""100"", ""num_pieces"": ""1"", ""num_spaces"": ""4"", ""op"": ""image"", ""sparse_factor"": ""1""}","{""d1"": ""3"", ""d2"": ""3"", ""gpu_host_fallback"": ""1"", ""gpu_input_rects"": ""8"", ""gpu_oom_backoffs"": ""14"", ""gpu_scratch_bytes"": ""104400007"", ""gpu_tiles"": ""8"", ""op"": ""image"", ""path"": ""ptrs""}",487,3,block_random,1024,1401532,4590593,ptrs
tile_sweep_publication,image,3d,dense,1,5,2,cpu_source,cpu_us,8,14,1,8,130000009,2,3,3,100,100,4,1,0,8.224021,/pscratch/sd/r/rchanani/realm/build_pm_deppart/tests/benchmark -ll:gpu 1 -ll:cpu 1 -ll:fsize 8192 -dp:workers 1 -dp:hpool 256 -nocheck -block_random -block_volume 1024 -d1 3 -d2 3 image -n 100 -e 100 -p 1 -s 4 -f 1 -b 5,"{""buffer_size"": ""5"", ""cpu_us"": ""4565827"", ""d1"": ""3"", ""d2"": ""3"", ""gpu_us"": ""1399692"", ""num_edges"": ""100"", ""num_nodes"": ""100"", ""num_pieces"": ""1"", ""num_spaces"": ""4"", ""op"": ""image"", ""sparse_factor"": ""1""}","{""d1"": ""3"", ""d2"": ""3"", ""gpu_host_fallback"": ""1"", ""gpu_input_rects"": ""8"", ""gpu_oom_backoffs"": ""14"", ""gpu_scratch_bytes"": ""130000009"", ""gpu_tiles"": ""8"", ""op"": ""image"", ""path"": ""ptrs""}",488,0,block_random,1024,1399692,4565827,ptrs
tile_sweep_publication,image,3d,dense,1,5,2,gpu_source,gpu_us,8,14,1,8,130000009,2,3,3,100,100,4,1,0,8.513565,/pscratch/sd/r/rchanani/realm/build_pm_deppart/tests/benchmark -ll:gpu 1 -ll:cpu 1 -ll:fsize 8192 -dp:workers 1 -dp:hpool 256 -nocheck -block_random -block_volume 1024 -dp:noisectopt -d1 3 -d2 3 image -n 100 -e 100 -p 1 -s 4 -f 1 -b 5,"{""buffer_size"": ""5"", ""cpu_us"": ""4606649"", ""d1"": ""3"", ""d2"": ""3"", ""gpu_us"": ""1410164"", ""num_edges"": ""100"", ""num_nodes"": ""100"", ""num_pieces"": ""1"", ""num_spaces"": ""4"", ""op"": ""image"", ""sparse_factor"": ""1""}","{""d1"": ""3"", ""d2"": ""3"", ""gpu_host_fallback"": ""1"", ""gpu_input_rects"": ""8"", ""gpu_oom_backoffs"": ""14"", ""gpu_scratch_bytes"": ""130000009"", ""gpu_tiles"": ""8"", ""op"": ""image"", ""path"": ""ptrs""}",489,1,block_random,1024,1410164,4606649,ptrs
tile_sweep_publication,image,3d,dense,1,7,2,cpu_source,cpu_us,4,5,1,4,181200013,2,3,3,100,100,4,1,0,9.562609,/pscratch/sd/r/rchanani/realm/build_pm_deppart/tests/benchmark -ll:gpu 1 -ll:cpu 1 -ll:fsize 8192 -dp:workers 1 -dp:hpool 256 -nocheck -block_random -block_volume 1024 -d1 3 -d2 3 image -n 100 -e 100 -p 1 -s 4 -f 1 -b 7,"{""buffer_size"": ""7"", ""cpu_us"": ""4642665"", ""d1"": ""3"", ""d2"": ""3"", ""gpu_us"": ""1920287"", ""num_edges"": ""100"", ""num_nodes"": ""100"", ""num_pieces"": ""1"", ""num_spaces"": ""4"", ""op"": ""image"", ""sparse_factor"": ""1""}","{""d1"": ""3"", ""d2"": ""3"", ""gpu_host_fallback"": ""1"", ""gpu_input_rects"": ""4"", ""gpu_oom_backoffs"": ""5"", ""gpu_scratch_bytes"": ""181200013"", ""gpu_tiles"": ""4"", ""op"": ""image"", ""path"": ""ptrs""}",490,2,block_random,1024,1920287,4642665,ptrs
tile_sweep_publication,image,3d,dense,1,7,2,gpu_source,gpu_us,4,5,1,4,181200013,2,3,3,100,100,4,1,0,9.302686,/pscratch/sd/r/rchanani/realm/build_pm_deppart/tests/benchmark -ll:gpu 1 -ll:cpu 1 -ll:fsize 8192 -dp:workers 1 -dp:hpool 256 -nocheck -block_random -block_volume 1024 -dp:noisectopt -d1 3 -d2 3 image -n 100 -e 100 -p 1 -s 4 -f 1 -b 7,"{""buffer_size"": ""7"", ""cpu_us"": ""4654551"", ""d1"": ""3"", ""d2"": ""3"", ""gpu_us"": ""1889547"", ""num_edges"": ""100"", ""num_nodes"": ""100"", ""num_pieces"": ""1"", ""num_spaces"": ""4"", ""op"": ""image"", ""sparse_factor"": ""1""}","{""d1"": ""3"", ""d2"": ""3"", ""gpu_host_fallback"": ""1"", ""gpu_input_rects"": ""4"", ""gpu_oom_backoffs"": ""5"", ""gpu_scratch_bytes"": ""181200013"", ""gpu_tiles"": ""4"", ""op"": ""image"", ""path"": ""ptrs""}",491,3,block_random,1024,1889547,4654551,ptrs
tile_sweep_publication,image,3d,dense,1,10,2,cpu_source,cpu_us,4,5,1,4,258000019,2,3,3,100,100,4,1,0,9.243313,/pscratch/sd/r/rchanani/realm/build_pm_deppart/tests/benchmark -ll:gpu 1 -ll:cpu 1 -ll:fsize 8192 -dp:workers 1 -dp:hpool 256 -nocheck -block_random -block_volume 1024 -d1 3 -d2 3 image -n 100 -e 100 -p 1 -s 4 -f 1 -b 10,"{""buffer_size"": ""10"", ""cpu_us"": ""4562667"", ""d1"": ""3"", ""d2"": ""3"", ""gpu_us"": ""1913933"", ""num_edges"": ""100"", ""num_nodes"": ""100"", ""num_pieces"": ""1"", ""num_spaces"": ""4"", ""op"": ""image"", ""sparse_factor"": ""1""}","{""d1"": ""3"", ""d2"": ""3"", ""gpu_host_fallback"": ""1"", ""gpu_input_rects"": ""4"", ""gpu_oom_backoffs"": ""5"", ""gpu_scratch_bytes"": ""258000019"", ""gpu_tiles"": ""4"", ""op"": ""image"", ""path"": ""ptrs""}",492,0,block_random,1024,1913933,4562667,ptrs
tile_sweep_publication,image,3d,dense,1,10,2,gpu_source,gpu_us,4,5,1,4,258000019,2,3,3,100,100,4,1,0,9.696535,/pscratch/sd/r/rchanani/realm/build_pm_deppart/tests/benchmark -ll:gpu 1 -ll:cpu 1 -ll:fsize 8192 -dp:workers 1 -dp:hpool 256 -nocheck -block_random -block_volume 1024 -dp:noisectopt -d1 3 -d2 3 image -n 100 -e 100 -p 1 -s 4 -f 1 -b 10,"{""buffer_size"": ""10"", ""cpu_us"": ""4648881"", ""d1"": ""3"", ""d2"": ""3"", ""gpu_us"": ""1915174"", ""num_edges"": ""100"", ""num_nodes"": ""100"", ""num_pieces"": ""1"", ""num_spaces"": ""4"", ""op"": ""image"", ""sparse_factor"": ""1""}","{""d1"": ""3"", ""d2"": ""3"", ""gpu_host_fallback"": ""1"", ""gpu_input_rects"": ""4"", ""gpu_oom_backoffs"": ""5"", ""gpu_scratch_bytes"": ""258000019"", ""gpu_tiles"": ""4"", ""op"": ""image"", ""path"": ""ptrs""}",493,1,block_random,1024,1915174,4648881,ptrs
tile_sweep_publication,image,3d,dense,1,15,2,cpu_source,cpu_us,2,2,1,2,386000028,2,3,3,100,100,4,1,0,8.791031,/pscratch/sd/r/rchanani/realm/build_pm_deppart/tests/benchmark -ll:gpu 1 -ll:cpu 1 -ll:fsize 8192 -dp:workers 1 -dp:hpool 256 -nocheck -block_random -block_volume 1024 -d1 3 -d2 3 image -n 100 -e 100 -p 1 -s 4 -f 1 -b 15,"{""buffer_size"": ""15"", ""cpu_us"": ""4641233"", ""d1"": ""3"", ""d2"": ""3"", ""gpu_us"": ""1558141"", ""num_edges"": ""100"", ""num_nodes"": ""100"", ""num_pieces"": ""1"", ""num_spaces"": ""4"", ""op"": ""image"", ""sparse_factor"": ""1""}","{""d1"": ""3"", ""d2"": ""3"", ""gpu_host_fallback"": ""1"", ""gpu_input_rects"": ""2"", ""gpu_oom_backoffs"": ""2"", ""gpu_scratch_bytes"": ""386000028"", ""gpu_tiles"": ""2"", ""op"": ""image"", ""path"": ""ptrs""}",494,2,block_random,1024,1558141,4641233,ptrs
tile_sweep_publication,image,3d,dense,1,15,2,gpu_source,gpu_us,2,2,1,2,386000028,2,3,3,100,100,4,1,0,8.600181,/pscratch/sd/r/rchanani/realm/build_pm_deppart/tests/benchmark -ll:gpu 1 -ll:cpu 1 -ll:fsize 8192 -dp:workers 1 -dp:hpool 256 -nocheck -block_random -block_volume 1024 -dp:noisectopt -d1 3 -d2 3 image -n 100 -e 100 -p 1 -s 4 -f 1 -b 15,"{""buffer_size"": ""15"", ""cpu_us"": ""4594201"", ""d1"": ""3"", ""d2"": ""3"", ""gpu_us"": ""1549631"", ""num_edges"": ""100"", ""num_nodes"": ""100"", ""num_pieces"": ""1"", ""num_spaces"": ""4"", ""op"": ""image"", ""sparse_factor"": ""1""}","{""d1"": ""3"", ""d2"": ""3"", ""gpu_host_fallback"": ""1"", ""gpu_input_rects"": ""2"", ""gpu_oom_backoffs"": ""2"", ""gpu_scratch_bytes"": ""386000028"", ""gpu_tiles"": ""2"", ""op"": ""image"", ""path"": ""ptrs""}",495,3,block_random,1024,1549631,4594201,ptrs
tile_sweep_publication,image,3d,dense,1,20,2,cpu_source,cpu_us,2,2,1,2,514000038,2,3,3,100,100,4,1,0,8.594126,/pscratch/sd/r/rchanani/realm/build_pm_deppart/tests/benchmark -ll:gpu 1 -ll:cpu 1 -ll:fsize 8192 -dp:workers 1 -dp:hpool 256 -nocheck -block_random -block_volume 1024 -d1 3 -d2 3 image -n 100 -e 100 -p 1 -s 4 -f 1 -b 20,"{""buffer_size"": ""20"", ""cpu_us"": ""4586388"", ""d1"": ""3"", ""d2"": ""3"", ""gpu_us"": ""1553649"", ""num_edges"": ""100"", ""num_nodes"": ""100"", ""num_pieces"": ""1"", ""num_spaces"": ""4"", ""op"": ""image"", ""sparse_factor"": ""1""}","{""d1"": ""3"", ""d2"": ""3"", ""gpu_host_fallback"": ""1"", ""gpu_input_rects"": ""2"", ""gpu_oom_backoffs"": ""2"", ""gpu_scratch_bytes"": ""514000038"", ""gpu_tiles"": ""2"", ""op"": ""image"", ""path"": ""ptrs""}",496,0,block_random,1024,1553649,4586388,ptrs
tile_sweep_publication,image,3d,dense,1,20,2,gpu_source,gpu_us,2,2,1,2,514000038,2,3,3,100,100,4,1,0,8.772463,/pscratch/sd/r/rchanani/realm/build_pm_deppart/tests/benchmark -ll:gpu 1 -ll:cpu 1 -ll:fsize 8192 -dp:workers 1 -dp:hpool 256 -nocheck -block_random -block_volume 1024 -dp:noisectopt -d1 3 -d2 3 image -n 100 -e 100 -p 1 -s 4 -f 1 -b 20,"{""buffer_size"": ""20"", ""cpu_us"": ""4599443"", ""d1"": ""3"", ""d2"": ""3"", ""gpu_us"": ""1561065"", ""num_edges"": ""100"", ""num_nodes"": ""100"", ""num_pieces"": ""1"", ""num_spaces"": ""4"", ""op"": ""image"", ""sparse_factor"": ""1""}","{""d1"": ""3"", ""d2"": ""3"", ""gpu_host_fallback"": ""1"", ""gpu_input_rects"": ""2"", ""gpu_oom_backoffs"": ""2"", ""gpu_scratch_bytes"": ""514000038"", ""gpu_tiles"": ""2"", ""op"": ""image"", ""path"": ""ptrs""}",497,1,block_random,1024,1561065,4599443,ptrs
tile_sweep_publication,image,3d,dense,1,25,2,cpu_source,cpu_us,1,0,0,1,642000048,2,3,3,100,100,4,1,0,6.816904,/pscratch/sd/r/rchanani/realm/build_pm_deppart/tests/benchmark -ll:gpu 1 -ll:cpu 1 -ll:fsize 8192 -dp:workers 1 -dp:hpool 256 -nocheck -block_random -block_volume 1024 -d1 3 -d2 3 image -n 100 -e 100 -p 1 -s 4 -f 1 -b 25,"{""buffer_size"": ""25"", ""cpu_us"": ""4586816"", ""d1"": ""3"", ""d2"": ""3"", ""gpu_us"": ""585857"", ""num_edges"": ""100"", ""num_nodes"": ""100"", ""num_pieces"": ""1"", ""num_spaces"": ""4"", ""op"": ""image"", ""sparse_factor"": ""1""}","{""d1"": ""3"", ""d2"": ""3"", ""gpu_host_fallback"": ""0"", ""gpu_input_rects"": ""1"", ""gpu_oom_backoffs"": ""0"", ""gpu_scratch_bytes"": ""642000048"", ""gpu_tiles"": ""1"", ""op"": ""image"", ""path"": ""ptrs""}",498,2,block_random,1024,585857,4586816,ptrs
tile_sweep_publication,image,3d,dense,1,25,2,gpu_source,gpu_us,1,0,0,1,642000048,2,3,3,100,100,4,1,0,5.528536,/pscratch/sd/r/rchanani/realm/build_pm_deppart/tests/benchmark -ll:gpu 1 -ll:cpu 1 -ll:fsize 8192 -dp:workers 1 -dp:hpool 256 -nocheck -block_random -block_volume 1024 -dp:noisectopt -d1 3 -d2 3 image -n 100 -e 100 -p 1 -s 4 -f 1 -b 25,"{""buffer_size"": ""25"", ""cpu_us"": ""4617908"", ""d1"": ""3"", ""d2"": ""3"", ""gpu_us"": ""6531"", ""num_edges"": ""100"", ""num_nodes"": ""100"", ""num_pieces"": ""1"", ""num_spaces"": ""4"", ""op"": ""image"", ""sparse_factor"": ""1""}","{""d1"": ""3"", ""d2"": ""3"", ""gpu_host_fallback"": ""0"", ""gpu_input_rects"": ""1"", ""gpu_oom_backoffs"": ""0"", ""gpu_scratch_bytes"": ""642000048"", ""gpu_tiles"": ""1"", ""op"": ""image"", ""path"": ""ptrs""}",499,3,block_random,1024,6531,4617908,ptrs
tile_sweep_publication,image,3d,dense,1,30,2,cpu_source,cpu_us,1,0,0,1,770000057,2,3,3,100,100,4,1,0,6.740745,/pscratch/sd/r/rchanani/realm/build_pm_deppart/tests/benchmark -ll:gpu 1 -ll:cpu 1 -ll:fsize 8192 -dp:workers 1 -dp:hpool 256 -nocheck -block_random -block_volume 1024 -d1 3 -d2 3 image -n 100 -e 100 -p 1 -s 4 -f 1 -b 30,"{""buffer_size"": ""30"", ""cpu_us"": ""4659023"", ""d1"": ""3"", ""d2"": ""3"", ""gpu_us"": ""579703"", ""num_edges"": ""100"", ""num_nodes"": ""100"", ""num_pieces"": ""1"", ""num_spaces"": ""4"", ""op"": ""image"", ""sparse_factor"": ""1""}","{""d1"": ""3"", ""d2"": ""3"", ""gpu_host_fallback"": ""0"", ""gpu_input_rects"": ""1"", ""gpu_oom_backoffs"": ""0"", ""gpu_scratch_bytes"": ""770000057"", ""gpu_tiles"": ""1"", ""op"": ""image"", ""path"": ""ptrs""}",500,0,block_random,1024,579703,4659023,ptrs
tile_sweep_publication,image,3d,dense,1,30,2,gpu_source,gpu_us,1,0,0,1,770000057,2,3,3,100,100,4,1,0,5.751006,/pscratch/sd/r/rchanani/realm/build_pm_deppart/tests/benchmark -ll:gpu 1 -ll:cpu 1 -ll:fsize 8192 -dp:workers 1 -dp:hpool 256 -nocheck -block_random -block_volume 1024 -dp:noisectopt -d1 3 -d2 3 image -n 100 -e 100 -p 1 -s 4 -f 1 -b 30,"{""buffer_size"": ""30"", ""cpu_us"": ""4729212"", ""d1"": ""3"", ""d2"": ""3"", ""gpu_us"": ""6607"", ""num_edges"": ""100"", ""num_nodes"": ""100"", ""num_pieces"": ""1"", ""num_spaces"": ""4"", ""op"": ""image"", ""sparse_factor"": ""1""}","{""d1"": ""3"", ""d2"": ""3"", ""gpu_host_fallback"": ""0"", ""gpu_input_rects"": ""1"", ""gpu_oom_backoffs"": ""0"", ""gpu_scratch_bytes"": ""770000057"", ""gpu_tiles"": ""1"", ""op"": ""image"", ""path"": ""ptrs""}",501,1,block_random,1024,6607,4729212,ptrs
tile_sweep_publication,image,3d,dense,1,40,2,cpu_source,cpu_us,1,0,0,1,1026000076,2,3,3,100,100,4,1,0,6.885876,/pscratch/sd/r/rchanani/realm/build_pm_deppart/tests/benchmark -ll:gpu 1 -ll:cpu 1 -ll:fsize 8192 -dp:workers 1 -dp:hpool 256 -nocheck -block_random -block_volume 1024 -d1 3 -d2 3 image -n 100 -e 100 -p 1 -s 4 -f 1 -b 40,"{""buffer_size"": ""40"", ""cpu_us"": ""4623716"", ""d1"": ""3"", ""d2"": ""3"", ""gpu_us"": ""585716"", ""num_edges"": ""100"", ""num_nodes"": ""100"", ""num_pieces"": ""1"", ""num_spaces"": ""4"", ""op"": ""image"", ""sparse_factor"": ""1""}","{""d1"": ""3"", ""d2"": ""3"", ""gpu_host_fallback"": ""0"", ""gpu_input_rects"": ""1"", ""gpu_oom_backoffs"": ""0"", ""gpu_scratch_bytes"": ""1026000076"", ""gpu_tiles"": ""1"", ""op"": ""image"", ""path"": ""ptrs""}",502,2,block_random,1024,585716,4623716,ptrs
tile_sweep_publication,image,3d,dense,1,40,2,gpu_source,gpu_us,1,0,0,1,1026000076,2,3,3,100,100,4,1,0,5.507466,/pscratch/sd/r/rchanani/realm/build_pm_deppart/tests/benchmark -ll:gpu 1 -ll:cpu 1 -ll:fsize 8192 -dp:workers 1 -dp:hpool 256 -nocheck -block_random -block_volume 1024 -dp:noisectopt -d1 3 -d2 3 image -n 100 -e 100 -p 1 -s 4 -f 1 -b 40,"{""buffer_size"": ""40"", ""cpu_us"": ""4593406"", ""d1"": ""3"", ""d2"": ""3"", ""gpu_us"": ""6535"", ""num_edges"": ""100"", ""num_nodes"": ""100"", ""num_pieces"": ""1"", ""num_spaces"": ""4"", ""op"": ""image"", ""sparse_factor"": ""1""}","{""d1"": ""3"", ""d2"": ""3"", ""gpu_host_fallback"": ""0"", ""gpu_input_rects"": ""1"", ""gpu_oom_backoffs"": ""0"", ""gpu_scratch_bytes"": ""1026000076"", ""gpu_tiles"": ""1"", ""op"": ""image"", ""path"": ""ptrs""}",503,3,block_random,1024,6535,4593406,ptrs
tile_sweep_publication,image,3d,dense,1,50,2,cpu_source,cpu_us,1,0,0,1,1282000096,2,3,3,100,100,4,1,0,6.619002,/pscratch/sd/r/rchanani/realm/build_pm_deppart/tests/benchmark -ll:gpu 1 -ll:cpu 1 -ll:fsize 8192 -dp:workers 1 -dp:hpool 256 -nocheck -block_random -block_volume 1024 -d1 3 -d2 3 image -n 100 -e 100 -p 1 -s 4 -f 1 -b 50,"{""buffer_size"": ""50"", ""cpu_us"": ""4570097"", ""d1"": ""3"", ""d2"": ""3"", ""gpu_us"": ""581888"", ""num_edges"": ""100"", ""num_nodes"": ""100"", ""num_pieces"": ""1"", ""num_spaces"": ""4"", ""op"": ""image"", ""sparse_factor"": ""1""}","{""d1"": ""3"", ""d2"": ""3"", ""gpu_host_fallback"": ""0"", ""gpu_input_rects"": ""1"", ""gpu_oom_backoffs"": ""0"", ""gpu_scratch_bytes"": ""1282000096"", ""gpu_tiles"": ""1"", ""op"": ""image"", ""path"": ""ptrs""}",504,0,block_random,1024,581888,4570097,ptrs
tile_sweep_publication,image,3d,dense,1,50,2,gpu_source,gpu_us,1,0,0,1,1282000096,2,3,3,100,100,4,1,0,5.780940,/pscratch/sd/r/rchanani/realm/build_pm_deppart/tests/benchmark -ll:gpu 1 -ll:cpu 1 -ll:fsize 8192 -dp:workers 1 -dp:hpool 256 -nocheck -block_random -block_volume 1024 -dp:noisectopt -d1 3 -d2 3 image -n 100 -e 100 -p 1 -s 4 -f 1 -b 50,"{""buffer_size"": ""50"", ""cpu_us"": ""4654063"", ""d1"": ""3"", ""d2"": ""3"", ""gpu_us"": ""6612"", ""num_edges"": ""100"", ""num_nodes"": ""100"", ""num_pieces"": ""1"", ""num_spaces"": ""4"", ""op"": ""image"", ""sparse_factor"": ""1""}","{""d1"": ""3"", ""d2"": ""3"", ""gpu_host_fallback"": ""0"", ""gpu_input_rects"": ""1"", ""gpu_oom_backoffs"": ""0"", ""gpu_scratch_bytes"": ""1282000096"", ""gpu_tiles"": ""1"", ""op"": ""image"", ""path"": ""ptrs""}",505,1,block_random,1024,6612,4654063,ptrs
tile_sweep_publication,image,3d,dense,1,75,2,cpu_source,cpu_us,1,0,0,1,1922000144,2,3,3,100,100,4,1,0,6.948216,/pscratch/sd/r/rchanani/realm/build_pm_deppart/tests/benchmark -ll:gpu 1 -ll:cpu 1 -ll:fsize 8192 -dp:workers 1 -dp:hpool 256 -nocheck -block_random -block_volume 1024 -d1 3 -d2 3 image -n 100 -e 100 -p 1 -s 4 -f 1 -b 75,"{""buffer_size"": ""75"", ""cpu_us"": ""4627465"", ""d1"": ""3"", ""d2"": ""3"", ""gpu_us"": ""585422"", ""num_edges"": ""100"", ""num_nodes"": ""100"", ""num_pieces"": ""1"", ""num_spaces"": ""4"", ""op"": ""image"", ""sparse_factor"": ""1""}","{""d1"": ""3"", ""d2"": ""3"", ""gpu_host_fallback"": ""0"", ""gpu_input_rects"": ""1"", ""gpu_oom_backoffs"": ""0"", ""gpu_scratch_bytes"": ""1922000144"", ""gpu_tiles"": ""1"", ""op"": ""image"", ""path"": ""ptrs""}",506,2,block_random,1024,585422,4627465,ptrs
tile_sweep_publication,image,3d,dense,1,75,2,gpu_source,gpu_us,1,0,0,1,1922000144,2,3,3,100,100,4,1,0,5.502809,/pscratch/sd/r/rchanani/realm/build_pm_deppart/tests/benchmark -ll:gpu 1 -ll:cpu 1 -ll:fsize 8192 -dp:workers 1 -dp:hpool 256 -nocheck -block_random -block_volume 1024 -dp:noisectopt -d1 3 -d2 3 image -n 100 -e 100 -p 1 -s 4 -f 1 -b 75,"{""buffer_size"": ""75"", ""cpu_us"": ""4603079"", ""d1"": ""3"", ""d2"": ""3"", ""gpu_us"": ""6676"", ""num_edges"": ""100"", ""num_nodes"": ""100"", ""num_pieces"": ""1"", ""num_spaces"": ""4"", ""op"": ""image"", ""sparse_factor"": ""1""}","{""d1"": ""3"", ""d2"": ""3"", ""gpu_host_fallback"": ""0"", ""gpu_input_rects"": ""1"", ""gpu_oom_backoffs"": ""0"", ""gpu_scratch_bytes"": ""1922000144"", ""gpu_tiles"": ""1"", ""op"": ""image"", ""path"": ""ptrs""}",507,3,block_random,1024,6676,4603079,ptrs
tile_sweep_publication,image,3d,dense,1,100,2,cpu_source,cpu_us,1,0,0,1,2562000192,2,3,3,100,100,4,1,0,6.600788,/pscratch/sd/r/rchanani/realm/build_pm_deppart/tests/benchmark -ll:gpu 1 -ll:cpu 1 -ll:fsize 8192 -dp:workers 1 -dp:hpool 256 -nocheck -block_random -block_volume 1024 -d1 3 -d2 3 image -n 100 -e 100 -p 1 -s 4 -f 1 -b 100,"{""buffer_size"": ""100"", ""cpu_us"": ""4581990"", ""d1"": ""3"", ""d2"": ""3"", ""gpu_us"": ""586906"", ""num_edges"": ""100"", ""num_nodes"": ""100"", ""num_pieces"": ""1"", ""num_spaces"": ""4"", ""op"": ""image"", ""sparse_factor"": ""1""}","{""d1"": ""3"", ""d2"": ""3"", ""gpu_host_fallback"": ""0"", ""gpu_input_rects"": ""1"", ""gpu_oom_backoffs"": ""0"", ""gpu_scratch_bytes"": ""2562000192"", ""gpu_tiles"": ""1"", ""op"": ""image"", ""path"": ""ptrs""}",508,0,block_random,1024,586906,4581990,ptrs
tile_sweep_publication,image,3d,dense,1,100,2,gpu_source,gpu_us,1,0,0,1,2562000192,2,3,3,100,100,4,1,0,5.739145,/pscratch/sd/r/rchanani/realm/build_pm_deppart/tests/benchmark -ll:gpu 1 -ll:cpu 1 -ll:fsize 8192 -dp:workers 1 -dp:hpool 256 -nocheck -block_random -block_volume 1024 -dp:noisectopt -d1 3 -d2 3 image -n 100 -e 100 -p 1 -s 4 -f 1 -b 100,"{""buffer_size"": ""100"", ""cpu_us"": ""4701184"", ""d1"": ""3"", ""d2"": ""3"", ""gpu_us"": ""6583"", ""num_edges"": ""100"", ""num_nodes"": ""100"", ""num_pieces"": ""1"", ""num_spaces"": ""4"", ""op"": ""image"", ""sparse_factor"": ""1""}","{""d1"": ""3"", ""d2"": ""3"", ""gpu_host_fallback"": ""0"", ""gpu_input_rects"": ""1"", ""gpu_oom_backoffs"": ""0"", ""gpu_scratch_bytes"": ""2562000192"", ""gpu_tiles"": ""1"", ""op"": ""image"", ""path"": ""ptrs""}",509,1,block_random,1024,6583,4701184,ptrs
tile_sweep_publication,image,3d,sparse,5,1,2,cpu_source,cpu_us,1,0,0,1,48138234,2,3,3,100,100,4,1,0,81.985844,/pscratch/sd/r/rchanani/realm/build_pm_deppart/tests/benchmark -ll:gpu 1 -ll:cpu 1 -ll:fsize 8192 -dp:workers 1 -dp:hpool 256 -nocheck -block_random -block_volume 1024 -d1 3 -d2 3 image -n 100 -e 100 -p 1 -s 4 -f 5 -b 1,"{""buffer_size"": ""1"", ""cpu_us"": ""37567691"", ""d1"": ""3"", ""d2"": ""3"", ""gpu_us"": ""21574135"", ""num_edges"": ""100"", ""num_nodes"": ""100"", ""num_pieces"": ""1"", ""num_spaces"": ""4"", ""op"": ""image"", ""sparse_factor"": ""5""}","{""d1"": ""3"", ""d2"": ""3"", ""gpu_host_fallback"": ""0"", ""gpu_input_rects"": ""1"", ""gpu_oom_backoffs"": ""0"", ""gpu_scratch_bytes"": ""48138234"", ""gpu_tiles"": ""1"", ""op"": ""image"", ""path"": ""ptrs""}",510,2,block_random,1024,21574135,37567691,ptrs
tile_sweep_publication,image,3d,sparse,5,1,2,gpu_source,gpu_us,1,0,0,1,48138234,2,3,3,100,100,4,1,0,38.253220,/pscratch/sd/r/rchanani/realm/build_pm_deppart/tests/benchmark -ll:gpu 1 -ll:cpu 1 -ll:fsize 8192 -dp:workers 1 -dp:hpool 256 -nocheck -block_random -block_volume 1024 -dp:noisectopt -d1 3 -d2 3 image -n 100 -e 100 -p 1 -s 4 -f 5 -b 1,"{""buffer_size"": ""1"", ""cpu_us"": ""37224938"", ""d1"": ""3"", ""d2"": ""3"", ""gpu_us"": ""3892"", ""num_edges"": ""100"", ""num_nodes"": ""100"", ""num_pieces"": ""1"", ""num_spaces"": ""4"", ""op"": ""image"", ""sparse_factor"": ""5""}","{""d1"": ""3"", ""d2"": ""3"", ""gpu_host_fallback"": ""0"", ""gpu_input_rects"": ""1"", ""gpu_oom_backoffs"": ""0"", ""gpu_scratch_bytes"": ""48138234"", ""gpu_tiles"": ""1"", ""op"": ""image"", ""path"": ""ptrs""}",511,3,block_random,1024,3892,37224938,ptrs
tile_sweep_publication,image,3d,sparse,5,2,2,cpu_source,cpu_us,1,0,0,1,73822437,2,3,3,100,100,4,1,0,80.863731,/pscratch/sd/r/rchanani/realm/build_pm_deppart/tests/benchmark -ll:gpu 1 -ll:cpu 1 -ll:fsize 8192 -dp:workers 1 -dp:hpool 256 -nocheck -block_random -block_volume 1024 -d1 3 -d2 3 image -n 100 -e 100 -p 1 -s 4 -f 5 -b 2,"{""buffer_size"": ""2"", ""cpu_us"": ""37202491"", ""d1"": ""3"", ""d2"": ""3"", ""gpu_us"": ""21350262"", ""num_edges"": ""100"", ""num_nodes"": ""100"", ""num_pieces"": ""1"", ""num_spaces"": ""4"", ""op"": ""image"", ""sparse_factor"": ""5""}","{""d1"": ""3"", ""d2"": ""3"", ""gpu_host_fallback"": ""0"", ""gpu_input_rects"": ""1"", ""gpu_oom_backoffs"": ""0"", ""gpu_scratch_bytes"": ""73822437"", ""gpu_tiles"": ""1"", ""op"": ""image"", ""path"": ""ptrs""}",512,0,block_random,1024,21350262,37202491,ptrs
tile_sweep_publication,image,3d,sparse,5,2,2,gpu_source,gpu_us,1,0,0,1,73822437,2,3,3,100,100,4,1,0,38.648113,/pscratch/sd/r/rchanani/realm/build_pm_deppart/tests/benchmark -ll:gpu 1 -ll:cpu 1 -ll:fsize 8192 -dp:workers 1 -dp:hpool 256 -nocheck -block_random -block_volume 1024 -dp:noisectopt -d1 3 -d2 3 image -n 100 -e 100 -p 1 -s 4 -f 5 -b 2,"{""buffer_size"": ""2"", ""cpu_us"": ""37372333"", ""d1"": ""3"", ""d2"": ""3"", ""gpu_us"": ""3703"", ""num_edges"": ""100"", ""num_nodes"": ""100"", ""num_pieces"": ""1"", ""num_spaces"": ""4"", ""op"": ""image"", ""sparse_factor"": ""5""}","{""d1"": ""3"", ""d2"": ""3"", ""gpu_host_fallback"": ""0"", ""gpu_input_rects"": ""1"", ""gpu_oom_backoffs"": ""0"", ""gpu_scratch_bytes"": ""73822437"", ""gpu_tiles"": ""1"", ""op"": ""image"", ""path"": ""ptrs""}",513,1,block_random,1024,3703,37372333,ptrs
tile_sweep_publication,image,3d,sparse,5,3,2,cpu_source,cpu_us,1,0,0,1,99506639,2,3,3,100,100,4,1,0,81.746071,/pscratch/sd/r/rchanani/realm/build_pm_deppart/tests/benchmark -ll:gpu 1 -ll:cpu 1 -ll:fsize 8192 -dp:workers 1 -dp:hpool 256 -nocheck -block_random -block_volume 1024 -d1 3 -d2 3 image -n 100 -e 100 -p 1 -s 4 -f 5 -b 3,"{""buffer_size"": ""3"", ""cpu_us"": ""37477888"", ""d1"": ""3"", ""d2"": ""3"", ""gpu_us"": ""21540310"", ""num_edges"": ""100"", ""num_nodes"": ""100"", ""num_pieces"": ""1"", ""num_spaces"": ""4"", ""op"": ""image"", ""sparse_factor"": ""5""}","{""d1"": ""3"", ""d2"": ""3"", ""gpu_host_fallback"": ""0"", ""gpu_input_rects"": ""1"", ""gpu_oom_backoffs"": ""0"", ""gpu_scratch_bytes"": ""99506639"", ""gpu_tiles"": ""1"", ""op"": ""image"", ""path"": ""ptrs""}",514,2,block_random,1024,21540310,37477888,ptrs
tile_sweep_publication,image,3d,sparse,5,3,2,gpu_source,gpu_us,1,0,0,1,99506639,2,3,3,100,100,4,1,0,38.295331,/pscratch/sd/r/rchanani/realm/build_pm_deppart/tests/benchmark -ll:gpu 1 -ll:cpu 1 -ll:fsize 8192 -dp:workers 1 -dp:hpool 256 -nocheck -block_random -block_volume 1024 -dp:noisectopt -d1 3 -d2 3 image -n 100 -e 100 -p 1 -s 4 -f 5 -b 3,"{""buffer_size"": ""3"", ""cpu_us"": ""37266552"", ""d1"": ""3"", ""d2"": ""3"", ""gpu_us"": ""3823"", ""num_edges"": ""100"", ""num_nodes"": ""100"", ""num_pieces"": ""1"", ""num_spaces"": ""4"", ""op"": ""image"", ""sparse_factor"": ""5""}","{""d1"": ""3"", ""d2"": ""3"", ""gpu_host_fallback"": ""0"", ""gpu_input_rects"": ""1"", ""gpu_oom_backoffs"": ""0"", ""gpu_scratch_bytes"": ""99506639"", ""gpu_tiles"": ""1"", ""op"": ""image"", ""path"": ""ptrs""}",515,3,block_random,1024,3823,37266552,ptrs
tile_sweep_publication,image,3d,sparse,5,4,2,cpu_source,cpu_us,1,0,0,1,125190842,2,3,3,100,100,4,1,0,81.132829,/pscratch/sd/r/rchanani/realm/build_pm_deppart/tests/benchmark -ll:gpu 1 -ll:cpu 1 -ll:fsize 8192 -dp:workers 1 -dp:hpool 256 -nocheck -block_random -block_volume 1024 -d1 3 -d2 3 image -n 100 -e 100 -p 1 -s 4 -f 5 -b 4,"{""buffer_size"": ""4"", ""cpu_us"": ""37289346"", ""d1"": ""3"", ""d2"": ""3"", ""gpu_us"": ""21418410"", ""num_edges"": ""100"", ""num_nodes"": ""100"", ""num_pieces"": ""1"", ""num_spaces"": ""4"", ""op"": ""image"", ""sparse_factor"": ""5""}","{""d1"": ""3"", ""d2"": ""3"", ""gpu_host_fallback"": ""0"", ""gpu_input_rects"": ""1"", ""gpu_oom_backoffs"": ""0"", ""gpu_scratch_bytes"": ""125190842"", ""gpu_tiles"": ""1"", ""op"": ""image"", ""path"": ""ptrs""}",516,0,block_random,1024,21418410,37289346,ptrs
tile_sweep_publication,image,3d,sparse,5,4,2,gpu_source,gpu_us,1,0,0,1,125190842,2,3,3,100,100,4,1,0,38.678939,/pscratch/sd/r/rchanani/realm/build_pm_deppart/tests/benchmark -ll:gpu 1 -ll:cpu 1 -ll:fsize 8192 -dp:workers 1 -dp:hpool 256 -nocheck -block_random -block_volume 1024 -dp:noisectopt -d1 3 -d2 3 image -n 100 -e 100 -p 1 -s 4 -f 5 -b 4,"{""buffer_size"": ""4"", ""cpu_us"": ""37426230"", ""d1"": ""3"", ""d2"": ""3"", ""gpu_us"": ""3739"", ""num_edges"": ""100"", ""num_nodes"": ""100"", ""num_pieces"": ""1"", ""num_spaces"": ""4"", ""op"": ""image"", ""sparse_factor"": ""5""}","{""d1"": ""3"", ""d2"": ""3"", ""gpu_host_fallback"": ""0"", ""gpu_input_rects"": ""1"", ""gpu_oom_backoffs"": ""0"", ""gpu_scratch_bytes"": ""125190842"", ""gpu_tiles"": ""1"", ""op"": ""image"", ""path"": ""ptrs""}",517,1,block_random,1024,3739,37426230,ptrs
tile_sweep_publication,image,3d,sparse,5,5,2,cpu_source,cpu_us,1,0,0,1,150875044,2,3,3,100,100,4,1,0,81.751430,/pscratch/sd/r/rchanani/realm/build_pm_deppart/tests/benchmark -ll:gpu 1 -ll:cpu 1 -ll:fsize 8192 -dp:workers 1 -dp:hpool 256 -nocheck -block_random -block_volume 1024 -d1 3 -d2 3 image -n 100 -e 100 -p 1 -s 4 -f 5 -b 5,"{""buffer_size"": ""5"", ""cpu_us"": ""37604149"", ""d1"": ""3"", ""d2"": ""3"", ""gpu_us"": ""21529732"", ""num_edges"": ""100"", ""num_nodes"": ""100"", ""num_pieces"": ""1"", ""num_spaces"": ""4"", ""op"": ""image"", ""sparse_factor"": ""5""}","{""d1"": ""3"", ""d2"": ""3"", ""gpu_host_fallback"": ""0"", ""gpu_input_rects"": ""1"", ""gpu_oom_backoffs"": ""0"", ""gpu_scratch_bytes"": ""150875044"", ""gpu_tiles"": ""1"", ""op"": ""image"", ""path"": ""ptrs""}",518,2,block_random,1024,21529732,37604149,ptrs
tile_sweep_publication,image,3d,sparse,5,5,2,gpu_source,gpu_us,1,0,0,1,150875044,2,3,3,100,100,4,1,0,38.256857,/pscratch/sd/r/rchanani/realm/build_pm_deppart/tests/benchmark -ll:gpu 1 -ll:cpu 1 -ll:fsize 8192 -dp:workers 1 -dp:hpool 256 -nocheck -block_random -block_volume 1024 -dp:noisectopt -d1 3 -d2 3 image -n 100 -e 100 -p 1 -s 4 -f 5 -b 5,"{""buffer_size"": ""5"", ""cpu_us"": ""37202604"", ""d1"": ""3"", ""d2"": ""3"", ""gpu_us"": ""3806"", ""num_edges"": ""100"", ""num_nodes"": ""100"", ""num_pieces"": ""1"", ""num_spaces"": ""4"", ""op"": ""image"", ""sparse_factor"": ""5""}","{""d1"": ""3"", ""d2"": ""3"", ""gpu_host_fallback"": ""0"", ""gpu_input_rects"": ""1"", ""gpu_oom_backoffs"": ""0"", ""gpu_scratch_bytes"": ""150875044"", ""gpu_tiles"": ""1"", ""op"": ""image"", ""path"": ""ptrs""}",519,3,block_random,1024,3806,37202604,ptrs
tile_sweep_publication,image,3d,sparse,5,7,2,cpu_source,cpu_us,1,0,0,1,202243449,2,3,3,100,100,4,1,0,80.909437,/pscratch/sd/r/rchanani/realm/build_pm_deppart/tests/benchmark -ll:gpu 1 -ll:cpu 1 -ll:fsize 8192 -dp:workers 1 -dp:hpool 256 -nocheck -block_random -block_volume 1024 -d1 3 -d2 3 image -n 100 -e 100 -p 1 -s 4 -f 5 -b 7,"{""buffer_size"": ""7"", ""cpu_us"": ""37153515"", ""d1"": ""3"", ""d2"": ""3"", ""gpu_us"": ""21390972"", ""num_edges"": ""100"", ""num_nodes"": ""100"", ""num_pieces"": ""1"", ""num_spaces"": ""4"", ""op"": ""image"", ""sparse_factor"": ""5""}","{""d1"": ""3"", ""d2"": ""3"", ""gpu_host_fallback"": ""0"", ""gpu_input_rects"": ""1"", ""gpu_oom_backoffs"": ""0"", ""gpu_scratch_bytes"": ""202243449"", ""gpu_tiles"": ""1"", ""op"": ""image"", ""path"": ""ptrs""}",520,0,block_random,1024,21390972,37153515,ptrs
tile_sweep_publication,image,3d,sparse,5,7,2,gpu_source,gpu_us,1,0,0,1,202243449,2,3,3,100,100,4,1,0,38.476088,/pscratch/sd/r/rchanani/realm/build_pm_deppart/tests/benchmark -ll:gpu 1 -ll:cpu 1 -ll:fsize 8192 -dp:workers 1 -dp:hpool 256 -nocheck -block_random -block_volume 1024 -dp:noisectopt -d1 3 -d2 3 image -n 100 -e 100 -p 1 -s 4 -f 5 -b 7,"{""buffer_size"": ""7"", ""cpu_us"": ""37346261"", ""d1"": ""3"", ""d2"": ""3"", ""gpu_us"": ""3480"", ""num_edges"": ""100"", ""num_nodes"": ""100"", ""num_pieces"": ""1"", ""num_spaces"": ""4"", ""op"": ""image"", ""sparse_factor"": ""5""}","{""d1"": ""3"", ""d2"": ""3"", ""gpu_host_fallback"": ""0"", ""gpu_input_rects"": ""1"", ""gpu_oom_backoffs"": ""0"", ""gpu_scratch_bytes"": ""202243449"", ""gpu_tiles"": ""1"", ""op"": ""image"", ""path"": ""ptrs""}",521,1,block_random,1024,3480,37346261,ptrs
tile_sweep_publication,image,3d,sparse,5,10,2,cpu_source,cpu_us,1,0,0,1,279296057,2,3,3,100,100,4,1,0,81.876890,/pscratch/sd/r/rchanani/realm/build_pm_deppart/tests/benchmark -ll:gpu 1 -ll:cpu 1 -ll:fsize 8192 -dp:workers 1 -dp:hpool 256 -nocheck -block_random -block_volume 1024 -d1 3 -d2 3 image -n 100 -e 100 -p 1 -s 4 -f 5 -b 10,"{""buffer_size"": ""10"", ""cpu_us"": ""37549084"", ""d1"": ""3"", ""d2"": ""3"", ""gpu_us"": ""21503374"", ""num_edges"": ""100"", ""num_nodes"": ""100"", ""num_pieces"": ""1"", ""num_spaces"": ""4"", ""op"": ""image"", ""sparse_factor"": ""5""}","{""d1"": ""3"", ""d2"": ""3"", ""gpu_host_fallback"": ""0"", ""gpu_input_rects"": ""1"", ""gpu_oom_backoffs"": ""0"", ""gpu_scratch_bytes"": ""279296057"", ""gpu_tiles"": ""1"", ""op"": ""image"", ""path"": ""ptrs""}",522,2,block_random,1024,21503374,37549084,ptrs
tile_sweep_publication,image,3d,sparse,5,10,2,gpu_source,gpu_us,1,0,0,1,279296057,2,3,3,100,100,4,1,0,38.204648,/pscratch/sd/r/rchanani/realm/build_pm_deppart/tests/benchmark -ll:gpu 1 -ll:cpu 1 -ll:fsize 8192 -dp:workers 1 -dp:hpool 256 -nocheck -block_random -block_volume 1024 -dp:noisectopt -d1 3 -d2 3 image -n 100 -e 100 -p 1 -s 4 -f 5 -b 10,"{""buffer_size"": ""10"", ""cpu_us"": ""37170401"", ""d1"": ""3"", ""d2"": ""3"", ""gpu_us"": ""3691"", ""num_edges"": ""100"", ""num_nodes"": ""100"", ""num_pieces"": ""1"", ""num_spaces"": ""4"", ""op"": ""image"", ""sparse_factor"": ""5""}","{""d1"": ""3"", ""d2"": ""3"", ""gpu_host_fallback"": ""0"", ""gpu_input_rects"": ""1"", ""gpu_oom_backoffs"": ""0"", ""gpu_scratch_bytes"": ""279296057"", ""gpu_tiles"": ""1"", ""op"": ""image"", ""path"": ""ptrs""}",523,3,block_random,1024,3691,37170401,ptrs
tile_sweep_publication,image,3d,sparse,5,15,2,cpu_source,cpu_us,1,0,0,1,407717070,2,3,3,100,100,4,1,0,80.972224,/pscratch/sd/r/rchanani/realm/build_pm_deppart/tests/benchmark -ll:gpu 1 -ll:cpu 1 -ll:fsize 8192 -dp:workers 1 -dp:hpool 256 -nocheck -block_random -block_volume 1024 -d1 3 -d2 3 image -n 100 -e 100 -p 1 -s 4 -f 5 -b 15,"{""buffer_size"": ""15"", ""cpu_us"": ""37230566"", ""d1"": ""3"", ""d2"": ""3"", ""gpu_us"": ""21353932"", ""num_edges"": ""100"", ""num_nodes"": ""100"", ""num_pieces"": ""1"", ""num_spaces"": ""4"", ""op"": ""image"", ""sparse_factor"": ""5""}","{""d1"": ""3"", ""d2"": ""3"", ""gpu_host_fallback"": ""0"", ""gpu_input_rects"": ""1"", ""gpu_oom_backoffs"": ""0"", ""gpu_scratch_bytes"": ""407717070"", ""gpu_tiles"": ""1"", ""op"": ""image"", ""path"": ""ptrs""}",524,0,block_random,1024,21353932,37230566,ptrs
tile_sweep_publication,image,3d,sparse,5,15,2,gpu_source,gpu_us,1,0,0,1,407717070,2,3,3,100,100,4,1,0,38.656614,/pscratch/sd/r/rchanani/realm/build_pm_deppart/tests/benchmark -ll:gpu 1 -ll:cpu 1 -ll:fsize 8192 -dp:workers 1 -dp:hpool 256 -nocheck -block_random -block_volume 1024 -dp:noisectopt -d1 3 -d2 3 image -n 100 -e 100 -p 1 -s 4 -f 5 -b 15,"{""buffer_size"": ""15"", ""cpu_us"": ""37497709"", ""d1"": ""3"", ""d2"": ""3"", ""gpu_us"": ""3540"", ""num_edges"": ""100"", ""num_nodes"": ""100"", ""num_pieces"": ""1"", ""num_spaces"": ""4"", ""op"": ""image"", ""sparse_factor"": ""5""}","{""d1"": ""3"", ""d2"": ""3"", ""gpu_host_fallback"": ""0"", ""gpu_input_rects"": ""1"", ""gpu_oom_backoffs"": ""0"", ""gpu_scratch_bytes"": ""407717070"", ""gpu_tiles"": ""1"", ""op"": ""image"", ""path"": ""ptrs""}",525,1,block_random,1024,3540,37497709,ptrs
tile_sweep_publication,image,3d,sparse,5,20,2,cpu_source,cpu_us,1,0,0,1,536138083,2,3,3,100,100,4,1,0,81.671644,/pscratch/sd/r/rchanani/realm/build_pm_deppart/tests/benchmark -ll:gpu 1 -ll:cpu 1 -ll:fsize 8192 -dp:workers 1 -dp:hpool 256 -nocheck -block_random -block_volume 1024 -d1 3 -d2 3 image -n 100 -e 100 -p 1 -s 4 -f 5 -b 20,"{""buffer_size"": ""20"", ""cpu_us"": ""37406677"", ""d1"": ""3"", ""d2"": ""3"", ""gpu_us"": ""21516755"", ""num_edges"": ""100"", ""num_nodes"": ""100"", ""num_pieces"": ""1"", ""num_spaces"": ""4"", ""op"": ""image"", ""sparse_factor"": ""5""}","{""d1"": ""3"", ""d2"": ""3"", ""gpu_host_fallback"": ""0"", ""gpu_input_rects"": ""1"", ""gpu_oom_backoffs"": ""0"", ""gpu_scratch_bytes"": ""536138083"", ""gpu_tiles"": ""1"", ""op"": ""image"", ""path"": ""ptrs""}",526,2,block_random,1024,21516755,37406677,ptrs
tile_sweep_publication,image,3d,sparse,5,20,2,gpu_source,gpu_us,1,0,0,1,536138083,2,3,3,100,100,4,1,0,38.204975,/pscratch/sd/r/rchanani/realm/build_pm_deppart/tests/benchmark -ll:gpu 1 -ll:cpu 1 -ll:fsize 8192 -dp:workers 1 -dp:hpool 256 -nocheck -block_random -block_volume 1024 -dp:noisectopt -d1 3 -d2 3 image -n 100 -e 100 -p 1 -s 4 -f 5 -b 20,"{""buffer_size"": ""20"", ""cpu_us"": ""37169015"", ""d1"": ""3"", ""d2"": ""3"", ""gpu_us"": ""3898"", ""num_edges"": ""100"", ""num_nodes"": ""100"", ""num_pieces"": ""1"", ""num_spaces"": ""4"", ""op"": ""image"", ""sparse_factor"": ""5""}","{""d1"": ""3"", ""d2"": ""3"", ""gpu_host_fallback"": ""0"", ""gpu_input_rects"": ""1"", ""gpu_oom_backoffs"": ""0"", ""gpu_scratch_bytes"": ""536138083"", ""gpu_tiles"": ""1"", ""op"": ""image"", ""path"": ""ptrs""}",527,3,block_random,1024,3898,37169015,ptrs
tile_sweep_publication,image,3d,sparse,5,25,2,cpu_source,cpu_us,1,0,0,1,664559096,2,3,3,100,100,4,1,0,80.967066,/pscratch/sd/r/rchanani/realm/build_pm_deppart/tests/benchmark -ll:gpu 1 -ll:cpu 1 -ll:fsize 8192 -dp:workers 1 -dp:hpool 256 -nocheck -block_random -block_volume 1024 -d1 3 -d2 3 image -n 100 -e 100 -p 1 -s 4 -f 5 -b 25,"{""buffer_size"": ""25"", ""cpu_us"": ""37181668"", ""d1"": ""3"", ""d2"": ""3"", ""gpu_us"": ""21410768"", ""num_edges"": ""100"", ""num_nodes"": ""100"", ""num_pieces"": ""1"", ""num_spaces"": ""4"", ""op"": ""image"", ""sparse_factor"": ""5""}","{""d1"": ""3"", ""d2"": ""3"", ""gpu_host_fallback"": ""0"", ""gpu_input_rects"": ""1"", ""gpu_oom_backoffs"": ""0"", ""gpu_scratch_bytes"": ""664559096"", ""gpu_tiles"": ""1"", ""op"": ""image"", ""path"": ""ptrs""}",528,0,block_random,1024,21410768,37181668,ptrs
tile_sweep_publication,image,3d,sparse,5,25,2,gpu_source,gpu_us,1,0,0,1,664559096,2,3,3,100,100,4,1,0,38.793303,/pscratch/sd/r/rchanani/realm/build_pm_deppart/tests/benchmark -ll:gpu 1 -ll:cpu 1 -ll:fsize 8192 -dp:workers 1 -dp:hpool 256 -nocheck -block_random -block_volume 1024 -dp:noisectopt -d1 3 -d2 3 image -n 100 -e 100 -p 1 -s 4 -f 5 -b 25,"{""buffer_size"": ""25"", ""cpu_us"": ""37440636"", ""d1"": ""3"", ""d2"": ""3"", ""gpu_us"": ""3614"", ""num_edges"": ""100"", ""num_nodes"": ""100"", ""num_pieces"": ""1"", ""num_spaces"": ""4"", ""op"": ""image"", ""sparse_factor"": ""5""}","{""d1"": ""3"", ""d2"": ""3"", ""gpu_host_fallback"": ""0"", ""gpu_input_rects"": ""1"", ""gpu_oom_backoffs"": ""0"", ""gpu_scratch_bytes"": ""664559096"", ""gpu_tiles"": ""1"", ""op"": ""image"", ""path"": ""ptrs""}",529,1,block_random,1024,3614,37440636,ptrs
tile_sweep_publication,image,3d,sparse,5,30,2,cpu_source,cpu_us,1,0,0,1,792980108,2,3,3,100,100,4,1,0,81.287529,/pscratch/sd/r/rchanani/realm/build_pm_deppart/tests/benchmark -ll:gpu 1 -ll:cpu 1 -ll:fsize 8192 -dp:workers 1 -dp:hpool 256 -nocheck -block_random -block_volume 1024 -d1 3 -d2 3 image -n 100 -e 100 -p 1 -s 4 -f 5 -b 30,"{""buffer_size"": ""30"", ""cpu_us"": ""37200539"", ""d1"": ""3"", ""d2"": ""3"", ""gpu_us"": ""21437025"", ""num_edges"": ""100"", ""num_nodes"": ""100"", ""num_pieces"": ""1"", ""num_spaces"": ""4"", ""op"": ""image"", ""sparse_factor"": ""5""}","{""d1"": ""3"", ""d2"": ""3"", ""gpu_host_fallback"": ""0"", ""gpu_input_rects"": ""1"", ""gpu_oom_backoffs"": ""0"", ""gpu_scratch_bytes"": ""792980108"", ""gpu_tiles"": ""1"", ""op"": ""image"", ""path"": ""ptrs""}",530,2,block_random,1024,21437025,37200539,ptrs
tile_sweep_publication,image,3d,sparse,5,30,2,gpu_source,gpu_us,1,0,0,1,792980108,2,3,3,100,100,4,1,0,38.184822,/pscratch/sd/r/rchanani/realm/build_pm_deppart/tests/benchmark -ll:gpu 1 -ll:cpu 1 -ll:fsize 8192 -dp:workers 1 -dp:hpool 256 -nocheck -block_random -block_volume 1024 -dp:noisectopt -d1 3 -d2 3 image -n 100 -e 100 -p 1 -s 4 -f 5 -b 30,"{""buffer_size"": ""30"", ""cpu_us"": ""37153675"", ""d1"": ""3"", ""d2"": ""3"", ""gpu_us"": ""3165"", ""num_edges"": ""100"", ""num_nodes"": ""100"", ""num_pieces"": ""1"", ""num_spaces"": ""4"", ""op"": ""image"", ""sparse_factor"": ""5""}","{""d1"": ""3"", ""d2"": ""3"", ""gpu_host_fallback"": ""0"", ""gpu_input_rects"": ""1"", ""gpu_oom_backoffs"": ""0"", ""gpu_scratch_bytes"": ""792980108"", ""gpu_tiles"": ""1"", ""op"": ""image"", ""path"": ""ptrs""}",531,3,block_random,1024,3165,37153675,ptrs
tile_sweep_publication,image,3d,sparse,5,40,2,cpu_source,cpu_us,1,0,0,1,1049822134,2,3,3,100,100,4,1,0,80.929263,/pscratch/sd/r/rchanani/realm/build_pm_deppart/tests/benchmark -ll:gpu 1 -ll:cpu 1 -ll:fsize 8192 -dp:workers 1 -dp:hpool 256 -nocheck -block_random -block_volume 1024 -d1 3 -d2 3 image -n 100 -e 100 -p 1 -s 4 -f 5 -b 40,"{""buffer_size"": ""40"", ""cpu_us"": ""37118566"", ""d1"": ""3"", ""d2"": ""3"", ""gpu_us"": ""21363723"", ""num_edges"": ""100"", ""num_nodes"": ""100"", ""num_pieces"": ""1"", ""num_spaces"": ""4"", ""op"": ""image"", ""sparse_factor"": ""5""}","{""d1"": ""3"", ""d2"": ""3"", ""gpu_host_fallback"": ""0"", ""gpu_input_rects"": ""1"", ""gpu_oom_backoffs"": ""0"", ""gpu_scratch_bytes"": ""1049822134"", ""gpu_tiles"": ""1"", ""op"": ""image"", ""path"": ""ptrs""}",532,0,block_random,1024,21363723,37118566,ptrs
tile_sweep_publication,image,3d,sparse,5,40,2,gpu_source,gpu_us,1,0,0,1,1049822134,2,3,3,100,100,4,1,0,38.690525,/pscratch/sd/r/rchanani/realm/build_pm_deppart/tests/benchmark -ll:gpu 1 -ll:cpu 1 -ll:fsize 8192 -dp:workers 1 -dp:hpool 256 -nocheck -block_random -block_volume 1024 -dp:noisectopt -d1 3 -d2 3 image -n 100 -e 100 -p 1 -s 4 -f 5 -b 40,"{""buffer_size"": ""40"", ""cpu_us"": ""37350772"", ""d1"": ""3"", ""d2"": ""3"", ""gpu_us"": ""3653"", ""num_edges"": ""100"", ""num_nodes"": ""100"", ""num_pieces"": ""1"", ""num_spaces"": ""4"", ""op"": ""image"", ""sparse_factor"": ""5""}","{""d1"": ""3"", ""d2"": ""3"", ""gpu_host_fallback"": ""0"", ""gpu_input_rects"": ""1"", ""gpu_oom_backoffs"": ""0"", ""gpu_scratch_bytes"": ""1049822134"", ""gpu_tiles"": ""1"", ""op"": ""image"", ""path"": ""ptrs""}",533,1,block_random,1024,3653,37350772,ptrs
tile_sweep_publication,image,3d,sparse,5,50,2,cpu_source,cpu_us,1,0,0,1,1306664160,2,3,3,100,100,4,1,0,82.151402,/pscratch/sd/r/rchanani/realm/build_pm_deppart/tests/benchmark -ll:gpu 1 -ll:cpu 1 -ll:fsize 8192 -dp:workers 1 -dp:hpool 256 -nocheck -block_random -block_volume 1024 -d1 3 -d2 3 image -n 100 -e 100 -p 1 -s 4 -f 5 -b 50,"{""buffer_size"": ""50"", ""cpu_us"": ""37444162"", ""d1"": ""3"", ""d2"": ""3"", ""gpu_us"": ""21639651"", ""num_edges"": ""100"", ""num_nodes"": ""100"", ""num_pieces"": ""1"", ""num_spaces"": ""4"", ""op"": ""image"", ""sparse_factor"": ""5""}","{""d1"": ""3"", ""d2"": ""3"", ""gpu_host_fallback"": ""0"", ""gpu_input_rects"": ""1"", ""gpu_oom_backoffs"": ""0"", ""gpu_scratch_bytes"": ""1306664160"", ""gpu_tiles"": ""1"", ""op"": ""image"", ""path"": ""ptrs""}",534,2,block_random,1024,21639651,37444162,ptrs
tile_sweep_publication,image,3d,sparse,5,50,2,gpu_source,gpu_us,1,0,0,1,1306664160,2,3,3,100,100,4,1,0,38.189178,/pscratch/sd/r/rchanani/realm/build_pm_deppart/tests/benchmark -ll:gpu 1 -ll:cpu 1 -ll:fsize 8192 -dp:workers 1 -dp:hpool 256 -nocheck -block_random -block_volume 1024 -dp:noisectopt -d1 3 -d2 3 image -n 100 -e 100 -p 1 -s 4 -f 5 -b 50,"{""buffer_size"": ""50"", ""cpu_us"": ""37150089"", ""d1"": ""3"", ""d2"": ""3"", ""gpu_us"": ""3882"", ""num_edges"": ""100"", ""num_nodes"": ""100"", ""num_pieces"": ""1"", ""num_spaces"": ""4"", ""op"": ""image"", ""sparse_factor"": ""5""}","{""d1"": ""3"", ""d2"": ""3"", ""gpu_host_fallback"": ""0"", ""gpu_input_rects"": ""1"", ""gpu_oom_backoffs"": ""0"", ""gpu_scratch_bytes"": ""1306664160"", ""gpu_tiles"": ""1"", ""op"": ""image"", ""path"": ""ptrs""}",535,3,block_random,1024,3882,37150089,ptrs
tile_sweep_publication,image,3d,sparse,5,75,2,cpu_source,cpu_us,1,0,0,1,1948769224,2,3,3,100,100,4,1,0,81.091903,/pscratch/sd/r/rchanani/realm/build_pm_deppart/tests/benchmark -ll:gpu 1 -ll:cpu 1 -ll:fsize 8192 -dp:workers 1 -dp:hpool 256 -nocheck -block_random -block_volume 1024 -d1 3 -d2 3 image -n 100 -e 100 -p 1 -s 4 -f 5 -b 75,"{""buffer_size"": ""75"", ""cpu_us"": ""37263196"", ""d1"": ""3"", ""d2"": ""3"", ""gpu_us"": ""21396493"", ""num_edges"": ""100"", ""num_nodes"": ""100"", ""num_pieces"": ""1"", ""num_spaces"": ""4"", ""op"": ""image"", ""sparse_factor"": ""5""}","{""d1"": ""3"", ""d2"": ""3"", ""gpu_host_fallback"": ""0"", ""gpu_input_rects"": ""1"", ""gpu_oom_backoffs"": ""0"", ""gpu_scratch_bytes"": ""1948769224"", ""gpu_tiles"": ""1"", ""op"": ""image"", ""path"": ""ptrs""}",536,0,block_random,1024,21396493,37263196,ptrs
tile_sweep_publication,image,3d,sparse,5,75,2,gpu_source,gpu_us,1,0,0,1,1948769224,2,3,3,100,100,4,1,0,38.635300,/pscratch/sd/r/rchanani/realm/build_pm_deppart/tests/benchmark -ll:gpu 1 -ll:cpu 1 -ll:fsize 8192 -dp:workers 1 -dp:hpool 256 -nocheck -block_random -block_volume 1024 -dp:noisectopt -d1 3 -d2 3 image -n 100 -e 100 -p 1 -s 4 -f 5 -b 75,"{""buffer_size"": ""75"", ""cpu_us"": ""37443468"", ""d1"": ""3"", ""d2"": ""3"", ""gpu_us"": ""3223"", ""num_edges"": ""100"", ""num_nodes"": ""100"", ""num_pieces"": ""1"", ""num_spaces"": ""4"", ""op"": ""image"", ""sparse_factor"": ""5""}","{""d1"": ""3"", ""d2"": ""3"", ""gpu_host_fallback"": ""0"", ""gpu_input_rects"": ""1"", ""gpu_oom_backoffs"": ""0"", ""gpu_scratch_bytes"": ""1948769224"", ""gpu_tiles"": ""1"", ""op"": ""image"", ""path"": ""ptrs""}",537,1,block_random,1024,3223,37443468,ptrs
tile_sweep_publication,image,3d,sparse,5,100,2,cpu_source,cpu_us,1,0,0,1,2590874288,2,3,3,100,100,4,1,0,81.753036,/pscratch/sd/r/rchanani/realm/build_pm_deppart/tests/benchmark -ll:gpu 1 -ll:cpu 1 -ll:fsize 8192 -dp:workers 1 -dp:hpool 256 -nocheck -block_random -block_volume 1024 -d1 3 -d2 3 image -n 100 -e 100 -p 1 -s 4 -f 5 -b 100,"{""buffer_size"": ""100"", ""cpu_us"": ""37463465"", ""d1"": ""3"", ""d2"": ""3"", ""gpu_us"": ""21571336"", ""num_edges"": ""100"", ""num_nodes"": ""100"", ""num_pieces"": ""1"", ""num_spaces"": ""4"", ""op"": ""image"", ""sparse_factor"": ""5""}","{""d1"": ""3"", ""d2"": ""3"", ""gpu_host_fallback"": ""0"", ""gpu_input_rects"": ""1"", ""gpu_oom_backoffs"": ""0"", ""gpu_scratch_bytes"": ""2590874288"", ""gpu_tiles"": ""1"", ""op"": ""image"", ""path"": ""ptrs""}",538,2,block_random,1024,21571336,37463465,ptrs
tile_sweep_publication,image,3d,sparse,5,100,2,gpu_source,gpu_us,1,0,0,1,2590874288,2,3,3,100,100,4,1,0,38.237954,/pscratch/sd/r/rchanani/realm/build_pm_deppart/tests/benchmark -ll:gpu 1 -ll:cpu 1 -ll:fsize 8192 -dp:workers 1 -dp:hpool 256 -nocheck -block_random -block_volume 1024 -dp:noisectopt -d1 3 -d2 3 image -n 100 -e 100 -p 1 -s 4 -f 5 -b 100,"{""buffer_size"": ""100"", ""cpu_us"": ""37201353"", ""d1"": ""3"", ""d2"": ""3"", ""gpu_us"": ""3661"", ""num_edges"": ""100"", ""num_nodes"": ""100"", ""num_pieces"": ""1"", ""num_spaces"": ""4"", ""op"": ""image"", ""sparse_factor"": ""5""}","{""d1"": ""3"", ""d2"": ""3"", ""gpu_host_fallback"": ""0"", ""gpu_input_rects"": ""1"", ""gpu_oom_backoffs"": ""0"", ""gpu_scratch_bytes"": ""2590874288"", ""gpu_tiles"": ""1"", ""op"": ""image"", ""path"": ""ptrs""}",539,3,block_random,1024,3661,37201353,ptrs
tile_sweep_publication,preimage,1d,dense,1,1,2,cpu_source,cpu_us,16,39,1,16,8400000,2,1,1,1000000,1000000,4,1,0,4.375924,/pscratch/sd/r/rchanani/realm/build_pm_deppart/tests/benchmark -ll:gpu 1 -ll:cpu 1 -ll:fsize 8192 -dp:workers 1 -dp:hpool 256 -nocheck -block_random -block_volume 1024 -d1 1 -d2 1 preimage -n 1000000 -e 1000000 -p 1 -s 4 -f 1 -b 1,"{""buffer_size"": ""1"", ""cpu_us"": ""11987"", ""d1"": ""1"", ""d2"": ""1"", ""gpu_us"": ""19658"", ""num_edges"": ""1000000"", ""num_nodes"": ""1000000"", ""num_pieces"": ""1"", ""num_spaces"": ""4"", ""op"": ""preimage"", ""sparse_factor"": ""1""}","{""d1"": ""1"", ""d2"": ""1"", ""gpu_host_fallback"": ""1"", ""gpu_input_rects"": ""16"", ""gpu_oom_backoffs"": ""39"", ""gpu_scratch_bytes"": ""8400000"", ""gpu_tiles"": ""16"", ""op"": ""preimage"", ""path"": ""ptrs""}",540,0,block_random,1024,19658,11987,ptrs
tile_sweep_publication,preimage,1d,dense,1,1,2,gpu_source,gpu_us,16,39,1,16,8400000,2,1,1,1000000,1000000,4,1,0,4.490666,/pscratch/sd/r/rchanani/realm/build_pm_deppart/tests/benchmark -ll:gpu 1 -ll:cpu 1 -ll:fsize 8192 -dp:workers 1 -dp:hpool 256 -nocheck -block_random -block_volume 1024 -dp:noisectopt -d1 1 -d2 1 preimage -n 1000000 -e 1000000 -p 1 -s 4 -f 1 -b 1,"{""buffer_size"": ""1"", ""cpu_us"": ""6691"", ""d1"": ""1"", ""d2"": ""1"", ""gpu_us"": ""22386"", ""num_edges"": ""1000000"", ""num_nodes"": ""1000000"", ""num_pieces"": ""1"", ""num_spaces"": ""4"", ""op"": ""preimage"", ""sparse_factor"": ""1""}","{""d1"": ""1"", ""d2"": ""1"", ""gpu_host_fallback"": ""1"", ""gpu_input_rects"": ""16"", ""gpu_oom_backoffs"": ""39"", ""gpu_scratch_bytes"": ""8400000"", ""gpu_tiles"": ""16"", ""op"": ""preimage"", ""path"": ""ptrs""}",541,1,block_random,1024,22386,6691,ptrs
tile_sweep_publication,preimage,1d,dense,1,2,2,cpu_source,cpu_us,8,14,1,8,14800000,2,1,1,1000000,1000000,4,1,0,4.548775,/pscratch/sd/r/rchanani/realm/build_pm_deppart/tests/benchmark -ll:gpu 1 -ll:cpu 1 -ll:fsize 8192 -dp:workers 1 -dp:hpool 256 -nocheck -block_random -block_volume 1024 -d1 1 -d2 1 preimage -n 1000000 -e 1000000 -p 1 -s 4 -f 1 -b 2,"{""buffer_size"": ""2"", ""cpu_us"": ""12091"", ""d1"": ""1"", ""d2"": ""1"", ""gpu_us"": ""11225"", ""num_edges"": ""1000000"", ""num_nodes"": ""1000000"", ""num_pieces"": ""1"", ""num_spaces"": ""4"", ""op"": ""preimage"", ""sparse_factor"": ""1""}","{""d1"": ""1"", ""d2"": ""1"", ""gpu_host_fallback"": ""1"", ""gpu_input_rects"": ""8"", ""gpu_oom_backoffs"": ""14"", ""gpu_scratch_bytes"": ""14800000"", ""gpu_tiles"": ""8"", ""op"": ""preimage"", ""path"": ""ptrs""}",542,2,block_random,1024,11225,12091,ptrs
tile_sweep_publication,preimage,1d,dense,1,2,2,gpu_source,gpu_us,8,14,1,8,14800000,2,1,1,1000000,1000000,4,1,0,4.396217,/pscratch/sd/r/rchanani/realm/build_pm_deppart/tests/benchmark -ll:gpu 1 -ll:cpu 1 -ll:fsize 8192 -dp:workers 1 -dp:hpool 256 -nocheck -block_random -block_volume 1024 -dp:noisectopt -d1 1 -d2 1 preimage -n 1000000 -e 1000000 -p 1 -s 4 -f 1 -b 2,"{""buffer_size"": ""2"", ""cpu_us"": ""6352"", ""d1"": ""1"", ""d2"": ""1"", ""gpu_us"": ""9419"", ""num_edges"": ""1000000"", ""num_nodes"": ""1000000"", ""num_pieces"": ""1"", ""num_spaces"": ""4"", ""op"": ""preimage"", ""sparse_factor"": ""1""}","{""d1"": ""1"", ""d2"": ""1"", ""gpu_host_fallback"": ""1"", ""gpu_input_rects"": ""8"", ""gpu_oom_backoffs"": ""14"", ""gpu_scratch_bytes"": ""14800000"", ""gpu_tiles"": ""8"", ""op"": ""preimage"", ""path"": ""ptrs""}",543,3,block_random,1024,9419,6352,ptrs
tile_sweep_publication,preimage,1d,dense,1,3,2,cpu_source,cpu_us,8,14,1,8,21200000,2,1,1,1000000,1000000,4,1,0,4.343946,/pscratch/sd/r/rchanani/realm/build_pm_deppart/tests/benchmark -ll:gpu 1 -ll:cpu 1 -ll:fsize 8192 -dp:workers 1 -dp:hpool 256 -nocheck -block_random -block_volume 1024 -d1 1 -d2 1 preimage -n 1000000 -e 1000000 -p 1 -s 4 -f 1 -b 3,"{""buffer_size"": ""3"", ""cpu_us"": ""11876"", ""d1"": ""1"", ""d2"": ""1"", ""gpu_us"": ""9947"", ""num_edges"": ""1000000"", ""num_nodes"": ""1000000"", ""num_pieces"": ""1"", ""num_spaces"": ""4"", ""op"": ""preimage"", ""sparse_factor"": ""1""}","{""d1"": ""1"", ""d2"": ""1"", ""gpu_host_fallback"": ""1"", ""gpu_input_rects"": ""8"", ""gpu_oom_backoffs"": ""14"", ""gpu_scratch_bytes"": ""21200000"", ""gpu_tiles"": ""8"", ""op"": ""preimage"", ""path"": ""ptrs""}",544,0,block_random,1024,9947,11876,ptrs
tile_sweep_publication,preimage,1d,dense,1,3,2,gpu_source,gpu_us,8,14,1,8,21200000,2,1,1,1000000,1000000,4,1,0,4.613689,/pscratch/sd/r/rchanani/realm/build_pm_deppart/tests/benchmark -ll:gpu 1 -ll:cpu 1 -ll:fsize 8192 -dp:workers 1 -dp:hpool 256 -nocheck -block_random -block_volume 1024 -dp:noisectopt -d1 1 -d2 1 preimage -n 1000000 -e 1000000 -p 1 -s 4 -f 1 -b 3,"{""buffer_size"": ""3"", ""cpu_us"": ""6841"", ""d1"": ""1"", ""d2"": ""1"", ""gpu_us"": ""10923"", ""num_edges"": ""1000000"", ""num_nodes"": ""1000000"", ""num_pieces"": ""1"", ""num_spaces"": ""4"", ""op"": ""preimage"", ""sparse_factor"": ""1""}","{""d1"": ""1"", ""d2"": ""1"", ""gpu_host_fallback"": ""1"", ""gpu_input_rects"": ""8"", ""gpu_oom_backoffs"": ""14"", ""gpu_scratch_bytes"": ""21200000"", ""gpu_tiles"": ""8"", ""op"": ""preimage"", ""path"": ""ptrs""}",545,1,block_random,1024,10923,6841,ptrs
tile_sweep_publication,preimage,1d,dense,1,4,2,cpu_source,cpu_us,4,5,1,4,27600000,2,1,1,1000000,1000000,4,1,0,4.569844,/pscratch/sd/r/rchanani/realm/build_pm_deppart/tests/benchmark -ll:gpu 1 -ll:cpu 1 -ll:fsize 8192 -dp:workers 1 -dp:hpool 256 -nocheck -block_random -block_volume 1024 -d1 1 -d2 1 preimage -n 1000000 -e 1000000 -p 1 -s 4 -f 1 -b 4,"{""buffer_size"": ""4"", ""cpu_us"": ""12086"", ""d1"": ""1"", ""d2"": ""1"", ""gpu_us"": ""5325"", ""num_edges"": ""1000000"", ""num_nodes"": ""1000000"", ""num_pieces"": ""1"", ""num_spaces"": ""4"", ""op"": ""preimage"", ""sparse_factor"": ""1""}","{""d1"": ""1"", ""d2"": ""1"", ""gpu_host_fallback"": ""1"", ""gpu_input_rects"": ""4"", ""gpu_oom_backoffs"": ""5"", ""gpu_scratch_bytes"": ""27600000"", ""gpu_tiles"": ""4"", ""op"": ""preimage"", ""path"": ""ptrs""}",546,2,block_random,1024,5325,12086,ptrs
tile_sweep_publication,preimage,1d,dense,1,4,2,gpu_source,gpu_us,4,5,1,4,27600000,2,1,1,1000000,1000000,4,1,0,4.361283,/pscratch/sd/r/rchanani/realm/build_pm_deppart/tests/benchmark -ll:gpu 1 -ll:cpu 1 -ll:fsize 8192 -dp:workers 1 -dp:hpool 256 -nocheck -block_random -block_volume 1024 -dp:noisectopt -d1 1 -d2 1 preimage -n 1000000 -e 1000000 -p 1 -s 4 -f 1 -b 4,"{""buffer_size"": ""4"", ""cpu_us"": ""6846"", ""d1"": ""1"", ""d2"": ""1"", ""gpu_us"": ""5286"", ""num_edges"": ""1000000"", ""num_nodes"": ""1000000"", ""num_pieces"": ""1"", ""num_spaces"": ""4"", ""op"": ""preimage"", ""sparse_factor"": ""1""}","{""d1"": ""1"", ""d2"": ""1"", ""gpu_host_fallback"": ""1"", ""gpu_input_rects"": ""4"", ""gpu_oom_backoffs"": ""5"", ""gpu_scratch_bytes"": ""27600000"", ""gpu_tiles"": ""4"", ""op"": ""preimage"", ""path"": ""ptrs""}",547,3,block_random,1024,5286,6846,ptrs
tile_sweep_publication,preimage,1d,dense,1,5,2,cpu_source,cpu_us,4,5,1,4,34000000,2,1,1,1000000,1000000,4,1,0,4.381542,/pscratch/sd/r/rchanani/realm/build_pm_deppart/tests/benchmark -ll:gpu 1 -ll:cpu 1 -ll:fsize 8192 -dp:workers 1 -dp:hpool 256 -nocheck -block_random -block_volume 1024 -d1 1 -d2 1 preimage -n 1000000 -e 1000000 -p 1 -s 4 -f 1 -b 5,"{""buffer_size"": ""5"", ""cpu_us"": ""11734"", ""d1"": ""1"", ""d2"": ""1"", ""gpu_us"": ""5372"", ""num_edges"": ""1000000"", ""num_nodes"": ""1000000"", ""num_pieces"": ""1"", ""num_spaces"": ""4"", ""op"": ""preimage"", ""sparse_factor"": ""1""}","{""d1"": ""1"", ""d2"": ""1"", ""gpu_host_fallback"": ""1"", ""gpu_input_rects"": ""4"", ""gpu_oom_backoffs"": ""5"", ""gpu_scratch_bytes"": ""34000000"", ""gpu_tiles"": ""4"", ""op"": ""preimage"", ""path"": ""ptrs""}",548,0,block_random,1024,5372,11734,ptrs
tile_sweep_publication,preimage,1d,dense,1,5,2,gpu_source,gpu_us,4,5,1,4,34000000,2,1,1,1000000,1000000,4,1,0,4.524075,/pscratch/sd/r/rchanani/realm/build_pm_deppart/tests/benchmark -ll:gpu 1 -ll:cpu 1 -ll:fsize 8192 -dp:workers 1 -dp:hpool 256 -nocheck -block_random -block_volume 1024 -dp:noisectopt -d1 1 -d2 1 preimage -n 1000000 -e 1000000 -p 1 -s 4 -f 1 -b 5,"{""buffer_size"": ""5"", ""cpu_us"": ""6563"", ""d1"": ""1"", ""d2"": ""1"", ""gpu_us"": ""5256"", ""num_edges"": ""1000000"", ""num_nodes"": ""1000000"", ""num_pieces"": ""1"", ""num_spaces"": ""4"", ""op"": ""preimage"", ""sparse_factor"": ""1""}","{""d1"": ""1"", ""d2"": ""1"", ""gpu_host_fallback"": ""1"", ""gpu_input_rects"": ""4"", ""gpu_oom_backoffs"": ""5"", ""gpu_scratch_bytes"": ""34000000"", ""gpu_tiles"": ""4"", ""op"": ""preimage"", ""path"": ""ptrs""}",549,1,block_random,1024,5256,6563,ptrs
tile_sweep_publication,preimage,1d,dense,1,7,2,cpu_source,cpu_us,2,2,1,2,46800000,2,1,1,1000000,1000000,4,1,0,4.497795,/pscratch/sd/r/rchanani/realm/build_pm_deppart/tests/benchmark -ll:gpu 1 -ll:cpu 1 -ll:fsize 8192 -dp:workers 1 -dp:hpool 256 -nocheck -block_random -block_volume 1024 -d1 1 -d2 1 preimage -n 1000000 -e 1000000 -p 1 -s 4 -f 1 -b 7,"{""buffer_size"": ""7"", ""cpu_us"": ""12779"", ""d1"": ""1"", ""d2"": ""1"", ""gpu_us"": ""2879"", ""num_edges"": ""1000000"", ""num_nodes"": ""1000000"", ""num_pieces"": ""1"", ""num_spaces"": ""4"", ""op"": ""preimage"", ""sparse_factor"": ""1""}","{""d1"": ""1"", ""d2"": ""1"", ""gpu_host_fallback"": ""1"", ""gpu_input_rects"": ""2"", ""gpu_oom_backoffs"": ""2"", ""gpu_scratch_bytes"": ""46800000"", ""gpu_tiles"": ""2"", ""op"": ""preimage"", ""path"": ""ptrs""}",550,2,block_random,1024,2879,12779,ptrs
tile_sweep_publication,preimage,1d,dense,1,7,2,gpu_source,gpu_us,2,2,1,2,46800000,2,1,1,1000000,1000000,4,1,0,4.363786,/pscratch/sd/r/rchanani/realm/build_pm_deppart/tests/benchmark -ll:gpu 1 -ll:cpu 1 -ll:fsize 8192 -dp:workers 1 -dp:hpool 256 -nocheck -block_random -block_volume 1024 -dp:noisectopt -d1 1 -d2 1 preimage -n 1000000 -e 1000000 -p 1 -s 4 -f 1 -b 7,"{""buffer_size"": ""7"", ""cpu_us"": ""6725"", ""d1"": ""1"", ""d2"": ""1"", ""gpu_us"": ""2796"", ""num_edges"": ""1000000"", ""num_nodes"": ""1000000"", ""num_pieces"": ""1"", ""num_spaces"": ""4"", ""op"": ""preimage"", ""sparse_factor"": ""1""}","{""d1"": ""1"", ""d2"": ""1"", ""gpu_host_fallback"": ""1"", ""gpu_input_rects"": ""2"", ""gpu_oom_backoffs"": ""2"", ""gpu_scratch_bytes"": ""46800000"", ""gpu_tiles"": ""2"", ""op"": ""preimage"", ""path"": ""ptrs""}",551,3,block_random,1024,2796,6725,ptrs
tile_sweep_publication,preimage,1d,dense,1,10,2,cpu_source,cpu_us,2,2,1,2,66000000,2,1,1,1000000,1000000,4,1,0,4.358437,/pscratch/sd/r/rchanani/realm/build_pm_deppart/tests/benchmark -ll:gpu 1 -ll:cpu 1 -ll:fsize 8192 -dp:workers 1 -dp:hpool 256 -nocheck -block_random -block_volume 1024 -d1 1 -d2 1 preimage -n 1000000 -e 1000000 -p 1 -s 4 -f 1 -b 10,"{""buffer_size"": ""10"", ""cpu_us"": ""12053"", ""d1"": ""1"", ""d2"": ""1"", ""gpu_us"": ""2712"", ""num_edges"": ""1000000"", ""num_nodes"": ""1000000"", ""num_pieces"": ""1"", ""num_spaces"": ""4"", ""op"": ""preimage"", ""sparse_factor"": ""1""}","{""d1"": ""1"", ""d2"": ""1"", ""gpu_host_fallback"": ""1"", ""gpu_input_rects"": ""2"", ""gpu_oom_backoffs"": ""2"", ""gpu_scratch_bytes"": ""66000000"", ""gpu_tiles"": ""2"", ""op"": ""preimage"", ""path"": ""ptrs""}",552,0,block_random,1024,2712,12053,ptrs
tile_sweep_publication,preimage,1d,dense,1,10,2,gpu_source,gpu_us,2,2,1,2,66000000,2,1,1,1000000,1000000,4,1,0,4.508764,/pscratch/sd/r/rchanani/realm/build_pm_deppart/tests/benchmark -ll:gpu 1 -ll:cpu 1 -ll:fsize 8192 -dp:workers 1 -dp:hpool 256 -nocheck -block_random -block_volume 1024 -dp:noisectopt -d1 1 -d2 1 preimage -n 1000000 -e 1000000 -p 1 -s 4 -f 1 -b 10,"{""buffer_size"": ""10"", ""cpu_us"": ""6547"", ""d1"": ""1"", ""d2"": ""1"", ""gpu_us"": ""2847"", ""num_edges"": ""1000000"", ""num_nodes"": ""1000000"", ""num_pieces"": ""1"", ""num_spaces"": ""4"", ""op"": ""preimage"", ""sparse_factor"": ""1""}","{""d1"": ""1"", ""d2"": ""1"", ""gpu_host_fallback"": ""1"", ""gpu_input_rects"": ""2"", ""gpu_oom_backoffs"": ""2"", ""gpu_scratch_bytes"": ""66000000"", ""gpu_tiles"": ""2"", ""op"": ""preimage"", ""path"": ""ptrs""}",553,1,block_random,1024,2847,6547,ptrs
tile_sweep_publication,preimage,1d,dense,1,15,2,cpu_source,cpu_us,1,0,0,1,98000000,2,1,1,1000000,1000000,4,1,0,4.612878,/pscratch/sd/r/rchanani/realm/build_pm_deppart/tests/benchmark -ll:gpu 1 -ll:cpu 1 -ll:fsize 8192 -dp:workers 1 -dp:hpool 256 -nocheck -block_random -block_volume 1024 -d1 1 -d2 1 preimage -n 1000000 -e 1000000 -p 1 -s 4 -f 1 -b 15,"{""buffer_size"": ""15"", ""cpu_us"": ""15327"", ""d1"": ""1"", ""d2"": ""1"", ""gpu_us"": ""1308"", ""num_edges"": ""1000000"", ""num_nodes"": ""1000000"", ""num_pieces"": ""1"", ""num_spaces"": ""4"", ""op"": ""preimage"", ""sparse_factor"": ""1""}","{""d1"": ""1"", ""d2"": ""1"", ""gpu_host_fallback"": ""0"", ""gpu_input_rects"": ""1"", ""gpu_oom_backoffs"": ""0"", ""gpu_scratch_bytes"": ""98000000"", ""gpu_tiles"": ""1"", ""op"": ""preimage"", ""path"": ""ptrs""}",554,2,block_random,1024,1308,15327,ptrs
tile_sweep_publication,preimage,1d,dense,1,15,2,gpu_source,gpu_us,1,0,0,1,98000000,2,1,1,1000000,1000000,4,1,0,4.361632,/pscratch/sd/r/rchanani/realm/build_pm_deppart/tests/benchmark -ll:gpu 1 -ll:cpu 1 -ll:fsize 8192 -dp:workers 1 -dp:hpool 256 -nocheck -block_random -block_volume 1024 -dp:noisectopt -d1 1 -d2 1 preimage -n 1000000 -e 1000000 -p 1 -s 4 -f 1 -b 15,"{""buffer_size"": ""15"", ""cpu_us"": ""6784"", ""d1"": ""1"", ""d2"": ""1"", ""gpu_us"": ""1337"", ""num_edges"": ""1000000"", ""num_nodes"": ""1000000"", ""num_pieces"": ""1"", ""num_spaces"": ""4"", ""op"": ""preimage"", ""sparse_factor"": ""1""}","{""d1"": ""1"", ""d2"": ""1"", ""gpu_host_fallback"": ""0"", ""gpu_input_rects"": ""1"", ""gpu_oom_backoffs"": ""0"", ""gpu_scratch_bytes"": ""98000000"", ""gpu_tiles"": ""1"", ""op"": ""preimage"", ""path"": ""ptrs""}",555,3,block_random,1024,1337,6784,ptrs
tile_sweep_publication,preimage,1d,dense,1,20,2,cpu_source,cpu_us,1,0,0,1,130000000,2,1,1,1000000,1000000,4,1,0,4.355388,/pscratch/sd/r/rchanani/realm/build_pm_deppart/tests/benchmark -ll:gpu 1 -ll:cpu 1 -ll:fsize 8192 -dp:workers 1 -dp:hpool 256 -nocheck -block_random -block_volume 1024 -d1 1 -d2 1 preimage -n 1000000 -e 1000000 -p 1 -s 4 -f 1 -b 20,"{""buffer_size"": ""20"", ""cpu_us"": ""11809"", ""d1"": ""1"", ""d2"": ""1"", ""gpu_us"": ""1168"", ""num_edges"": ""1000000"", ""num_nodes"": ""1000000"", ""num_pieces"": ""1"", ""num_spaces"": ""4"", ""op"": ""preimage"", ""sparse_factor"": ""1""}","{""d1"": ""1"", ""d2"": ""1"", ""gpu_host_fallback"": ""0"", ""gpu_input_rects"": ""1"", ""gpu_oom_backoffs"": ""0"", ""gpu_scratch_bytes"": ""130000000"", ""gpu_tiles"": ""1"", ""op"": ""preimage"", ""path"": ""ptrs""}",556,0,block_random,1024,1168,11809,ptrs
tile_sweep_publication,preimage,1d,dense,1,20,2,gpu_source,gpu_us,1,0,0,1,130000000,2,1,1,1000000,1000000,4,1,0,4.607473,/pscratch/sd/r/rchanani/realm/build_pm_deppart/tests/benchmark -ll:gpu 1 -ll:cpu 1 -ll:fsize 8192 -dp:workers 1 -dp:hpool 256 -nocheck -block_random -block_volume 1024 -dp:noisectopt -d1 1 -d2 1 preimage -n 1000000 -e 1000000 -p 1 -s 4 -f 1 -b 20,"{""buffer_size"": ""20"", ""cpu_us"": ""6833"", ""d1"": ""1"", ""d2"": ""1"", ""gpu_us"": ""1210"", ""num_edges"": ""1000000"", ""num_nodes"": ""1000000"", ""num_pieces"": ""1"", ""num_spaces"": ""4"", ""op"": ""preimage"", ""sparse_factor"": ""1""}","{""d1"": ""1"", ""d2"": ""1"", ""gpu_host_fallback"": ""0"", ""gpu_input_rects"": ""1"", ""gpu_oom_backoffs"": ""0"", ""gpu_scratch_bytes"": ""130000000"", ""gpu_tiles"": ""1"", ""op"": ""preimage"", ""path"": ""ptrs""}",557,1,block_random,1024,1210,6833,ptrs
tile_sweep_publication,preimage,1d,dense,1,25,2,cpu_source,cpu_us,1,0,0,1,162000000,2,1,1,1000000,1000000,4,1,0,4.526805,/pscratch/sd/r/rchanani/realm/build_pm_deppart/tests/benchmark -ll:gpu 1 -ll:cpu 1 -ll:fsize 8192 -dp:workers 1 -dp:hpool 256 -nocheck -block_random -block_volume 1024 -d1 1 -d2 1 preimage -n 1000000 -e 1000000 -p 1 -s 4 -f 1 -b 25,"{""buffer_size"": ""25"", ""cpu_us"": ""12175"", ""d1"": ""1"", ""d2"": ""1"", ""gpu_us"": ""1203"", ""num_edges"": ""1000000"", ""num_nodes"": ""1000000"", ""num_pieces"": ""1"", ""num_spaces"": ""4"", ""op"": ""preimage"", ""sparse_factor"": ""1""}","{""d1"": ""1"", ""d2"": ""1"", ""gpu_host_fallback"": ""0"", ""gpu_input_rects"": ""1"", ""gpu_oom_backoffs"": ""0"", ""gpu_scratch_bytes"": ""162000000"", ""gpu_tiles"": ""1"", ""op"": ""preimage"", ""path"": ""ptrs""}",558,2,block_random,1024,1203,12175,ptrs
tile_sweep_publication,preimage,1d,dense,1,25,2,gpu_source,gpu_us,1,0,0,1,162000000,2,1,1,1000000,1000000,4,1,0,4.384267,/pscratch/sd/r/rchanani/realm/build_pm_deppart/tests/benchmark -ll:gpu 1 -ll:cpu 1 -ll:fsize 8192 -dp:workers 1 -dp:hpool 256 -nocheck -block_random -block_volume 1024 -dp:noisectopt -d1 1 -d2 1 preimage -n 1000000 -e 1000000 -p 1 -s 4 -f 1 -b 25,"{""buffer_size"": ""25"", ""cpu_us"": ""6669"", ""d1"": ""1"", ""d2"": ""1"", ""gpu_us"": ""1345"", ""num_edges"": ""1000000"", ""num_nodes"": ""1000000"", ""num_pieces"": ""1"", ""num_spaces"": ""4"", ""op"": ""preimage"", ""sparse_factor"": ""1""}","{""d1"": ""1"", ""d2"": ""1"", ""gpu_host_fallback"": ""0"", ""gpu_input_rects"": ""1"", ""gpu_oom_backoffs"": ""0"", ""gpu_scratch_bytes"": ""162000000"", ""gpu_tiles"": ""1"", ""op"": ""preimage"", ""path"": ""ptrs""}",559,3,block_random,1024,1345,6669,ptrs
tile_sweep_publication,preimage,1d,dense,1,30,2,cpu_source,cpu_us,1,0,0,1,194000000,2,1,1,1000000,1000000,4,1,0,4.325065,/pscratch/sd/r/rchanani/realm/build_pm_deppart/tests/benchmark -ll:gpu 1 -ll:cpu 1 -ll:fsize 8192 -dp:workers 1 -dp:hpool 256 -nocheck -block_random -block_volume 1024 -d1 1 -d2 1 preimage -n 1000000 -e 1000000 -p 1 -s 4 -f 1 -b 30,"{""buffer_size"": ""30"", ""cpu_us"": ""12349"", ""d1"": ""1"", ""d2"": ""1"", ""gpu_us"": ""1161"", ""num_edges"": ""1000000"", ""num_nodes"": ""1000000"", ""num_pieces"": ""1"", ""num_spaces"": ""4"", ""op"": ""preimage"", ""sparse_factor"": ""1""}","{""d1"": ""1"", ""d2"": ""1"", ""gpu_host_fallback"": ""0"", ""gpu_input_rects"": ""1"", ""gpu_oom_backoffs"": ""0"", ""gpu_scratch_bytes"": ""194000000"", ""gpu_tiles"": ""1"", ""op"": ""preimage"", ""path"": ""ptrs""}",560,0,block_random,1024,1161,12349,ptrs
tile_sweep_publication,preimage,1d,dense,1,30,2,gpu_source,gpu_us,1,0,0,1,194000000,2,1,1,1000000,1000000,4,1,0,4.582636,/pscratch/sd/r/rchanani/realm/build_pm_deppart/tests/benchmark -ll:gpu 1 -ll:cpu 1 -ll:fsize 8192 -dp:workers 1 -dp:hpool 256 -nocheck -block_random -block_volume 1024 -dp:noisectopt -d1 1 -d2 1 preimage -n 1000000 -e 1000000 -p 1 -s 4 -f 1 -b 30,"{""buffer_size"": ""30"", ""cpu_us"": ""6712"", ""d1"": ""1"", ""d2"": ""1"", ""gpu_us"": ""1301"", ""num_edges"": ""1000000"", ""num_nodes"": ""1000000"", ""num_pieces"": ""1"", ""num_spaces"": ""4"", ""op"": ""preimage"", ""sparse_factor"": ""1""}","{""d1"": ""1"", ""d2"": ""1"", ""gpu_host_fallback"": ""0"", ""gpu_input_rects"": ""1"", ""gpu_oom_backoffs"": ""0"", ""gpu_scratch_bytes"": ""194000000"", ""gpu_tiles"": ""1"", ""op"": ""preimage"", ""path"": ""ptrs""}",561,1,block_random,1024,1301,6712,ptrs
tile_sweep_publication,preimage,1d,dense,1,40,2,cpu_source,cpu_us,1,0,0,1,258000000,2,1,1,1000000,1000000,4,1,0,4.650615,/pscratch/sd/r/rchanani/realm/build_pm_deppart/tests/benchmark -ll:gpu 1 -ll:cpu 1 -ll:fsize 8192 -dp:workers 1 -dp:hpool 256 -nocheck -block_random -block_volume 1024 -d1 1 -d2 1 preimage -n 1000000 -e 1000000 -p 1 -s 4 -f 1 -b 40,"{""buffer_size"": ""40"", ""cpu_us"": ""12067"", ""d1"": ""1"", ""d2"": ""1"", ""gpu_us"": ""1300"", ""num_edges"": ""1000000"", ""num_nodes"": ""1000000"", ""num_pieces"": ""1"", ""num_spaces"": ""4"", ""op"": ""preimage"", ""sparse_factor"": ""1""}","{""d1"": ""1"", ""d2"": ""1"", ""gpu_host_fallback"": ""0"", ""gpu_input_rects"": ""1"", ""gpu_oom_backoffs"": ""0"", ""gpu_scratch_bytes"": ""258000000"", ""gpu_tiles"": ""1"", ""op"": ""preimage"", ""path"": ""ptrs""}",562,2,block_random,1024,1300,12067,ptrs
tile_sweep_publication,preimage,1d,dense,1,40,2,gpu_source,gpu_us,1,0,0,1,258000000,2,1,1,1000000,1000000,4,1,0,4.375568,/pscratch/sd/r/rchanani/realm/build_pm_deppart/tests/benchmark -ll:gpu 1 -ll:cpu 1 -ll:fsize 8192 -dp:workers 1 -dp:hpool 256 -nocheck -block_random -block_volume 1024 -dp:noisectopt -d1 1 -d2 1 preimage -n 1000000 -e 1000000 -p 1 -s 4 -f 1 -b 40,"{""buffer_size"": ""40"", ""cpu_us"": ""6614"", ""d1"": ""1"", ""d2"": ""1"", ""gpu_us"": ""1178"", ""num_edges"": ""1000000"", ""num_nodes"": ""1000000"", ""num_pieces"": ""1"", ""num_spaces"": ""4"", ""op"": ""preimage"", ""sparse_factor"": ""1""}","{""d1"": ""1"", ""d2"": ""1"", ""gpu_host_fallback"": ""0"", ""gpu_input_rects"": ""1"", ""gpu_oom_backoffs"": ""0"", ""gpu_scratch_bytes"": ""258000000"", ""gpu_tiles"": ""1"", ""op"": ""preimage"", ""path"": ""ptrs""}",563,3,block_random,1024,1178,6614,ptrs
tile_sweep_publication,preimage,1d,dense,1,50,2,cpu_source,cpu_us,1,0,0,1,322000000,2,1,1,1000000,1000000,4,1,0,4.369505,/pscratch/sd/r/rchanani/realm/build_pm_deppart/tests/benchmark -ll:gpu 1 -ll:cpu 1 -ll:fsize 8192 -dp:workers 1 -dp:hpool 256 -nocheck -block_random -block_volume 1024 -d1 1 -d2 1 preimage -n 1000000 -e 1000000 -p 1 -s 4 -f 1 -b 50,"{""buffer_size"": ""50"", ""cpu_us"": ""12485"", ""d1"": ""1"", ""d2"": ""1"", ""gpu_us"": ""1147"", ""num_edges"": ""1000000"", ""num_nodes"": ""1000000"", ""num_pieces"": ""1"", ""num_spaces"": ""4"", ""op"": ""preimage"", ""sparse_factor"": ""1""}","{""d1"": ""1"", ""d2"": ""1"", ""gpu_host_fallback"": ""0"", ""gpu_input_rects"": ""1"", ""gpu_oom_backoffs"": ""0"", ""gpu_scratch_bytes"": ""322000000"", ""gpu_tiles"": ""1"", ""op"": ""preimage"", ""path"": ""ptrs""}",564,0,block_random,1024,1147,12485,ptrs
tile_sweep_publication,preimage,1d,dense,1,50,2,gpu_source,gpu_us,1,0,0,1,322000000,2,1,1,1000000,1000000,4,1,0,4.568100,/pscratch/sd/r/rchanani/realm/build_pm_deppart/tests/benchmark -ll:gpu 1 -ll:cpu 1 -ll:fsize 8192 -dp:workers 1 -dp:hpool 256 -nocheck -block_random -block_volume 1024 -dp:noisectopt -d1 1 -d2 1 preimage -n 1000000 -e 1000000 -p 1 -s 4 -f 1 -b 50,"{""buffer_size"": ""50"", ""cpu_us"": ""6750"", ""d1"": ""1"", ""d2"": ""1"", ""gpu_us"": ""1270"", ""num_edges"": ""1000000"", ""num_nodes"": ""1000000"", ""num_pieces"": ""1"", ""num_spaces"": ""4"", ""op"": ""preimage"", ""sparse_factor"": ""1""}","{""d1"": ""1"", ""d2"": ""1"", ""gpu_host_fallback"": ""0"", ""gpu_input_rects"": ""1"", ""gpu_oom_backoffs"": ""0"", ""gpu_scratch_bytes"": ""322000000"", ""gpu_tiles"": ""1"", ""op"": ""preimage"", ""path"": ""ptrs""}",565,1,block_random,1024,1270,6750,ptrs
tile_sweep_publication,preimage,1d,dense,1,75,2,cpu_source,cpu_us,1,0,0,1,482000000,2,1,1,1000000,1000000,4,1,0,4.610307,/pscratch/sd/r/rchanani/realm/build_pm_deppart/tests/benchmark -ll:gpu 1 -ll:cpu 1 -ll:fsize 8192 -dp:workers 1 -dp:hpool 256 -nocheck -block_random -block_volume 1024 -d1 1 -d2 1 preimage -n 1000000 -e 1000000 -p 1 -s 4 -f 1 -b 75,"{""buffer_size"": ""75"", ""cpu_us"": ""11795"", ""d1"": ""1"", ""d2"": ""1"", ""gpu_us"": ""1399"", ""num_edges"": ""1000000"", ""num_nodes"": ""1000000"", ""num_pieces"": ""1"", ""num_spaces"": ""4"", ""op"": ""preimage"", ""sparse_factor"": ""1""}","{""d1"": ""1"", ""d2"": ""1"", ""gpu_host_fallback"": ""0"", ""gpu_input_rects"": ""1"", ""gpu_oom_backoffs"": ""0"", ""gpu_scratch_bytes"": ""482000000"", ""gpu_tiles"": ""1"", ""op"": ""preimage"", ""path"": ""ptrs""}",566,2,block_random,1024,1399,11795,ptrs
tile_sweep_publication,preimage,1d,dense,1,75,2,gpu_source,gpu_us,1,0,0,1,482000000,2,1,1,1000000,1000000,4,1,0,4.367559,/pscratch/sd/r/rchanani/realm/build_pm_deppart/tests/benchmark -ll:gpu 1 -ll:cpu 1 -ll:fsize 8192 -dp:workers 1 -dp:hpool 256 -nocheck -block_random -block_volume 1024 -dp:noisectopt -d1 1 -d2 1 preimage -n 1000000 -e 1000000 -p 1 -s 4 -f 1 -b 75,"{""buffer_size"": ""75"", ""cpu_us"": ""6482"", ""d1"": ""1"", ""d2"": ""1"", ""gpu_us"": ""1235"", ""num_edges"": ""1000000"", ""num_nodes"": ""1000000"", ""num_pieces"": ""1"", ""num_spaces"": ""4"", ""op"": ""preimage"", ""sparse_factor"": ""1""}","{""d1"": ""1"", ""d2"": ""1"", ""gpu_host_fallback"": ""0"", ""gpu_input_rects"": ""1"", ""gpu_oom_backoffs"": ""0"", ""gpu_scratch_bytes"": ""482000000"", ""gpu_tiles"": ""1"", ""op"": ""preimage"", ""path"": ""ptrs""}",567,3,block_random,1024,1235,6482,ptrs
tile_sweep_publication,preimage,1d,dense,1,100,2,cpu_source,cpu_us,1,0,0,1,642000000,2,1,1,1000000,1000000,4,1,0,4.366220,/pscratch/sd/r/rchanani/realm/build_pm_deppart/tests/benchmark -ll:gpu 1 -ll:cpu 1 -ll:fsize 8192 -dp:workers 1 -dp:hpool 256 -nocheck -block_random -block_volume 1024 -d1 1 -d2 1 preimage -n 1000000 -e 1000000 -p 1 -s 4 -f 1 -b 100,"{""buffer_size"": ""100"", ""cpu_us"": ""12152"", ""d1"": ""1"", ""d2"": ""1"", ""gpu_us"": ""1235"", ""num_edges"": ""1000000"", ""num_nodes"": ""1000000"", ""num_pieces"": ""1"", ""num_spaces"": ""4"", ""op"": ""preimage"", ""sparse_factor"": ""1""}","{""d1"": ""1"", ""d2"": ""1"", ""gpu_host_fallback"": ""0"", ""gpu_input_rects"": ""1"", ""gpu_oom_backoffs"": ""0"", ""gpu_scratch_bytes"": ""642000000"", ""gpu_tiles"": ""1"", ""op"": ""preimage"", ""path"": ""ptrs""}",568,0,block_random,1024,1235,12152,ptrs
tile_sweep_publication,preimage,1d,dense,1,100,2,gpu_source,gpu_us,1,0,0,1,642000000,2,1,1,1000000,1000000,4,1,0,4.611773,/pscratch/sd/r/rchanani/realm/build_pm_deppart/tests/benchmark -ll:gpu 1 -ll:cpu 1 -ll:fsize 8192 -dp:workers 1 -dp:hpool 256 -nocheck -block_random -block_volume 1024 -dp:noisectopt -d1 1 -d2 1 preimage -n 1000000 -e 1000000 -p 1 -s 4 -f 1 -b 100,"{""buffer_size"": ""100"", ""cpu_us"": ""6868"", ""d1"": ""1"", ""d2"": ""1"", ""gpu_us"": ""1291"", ""num_edges"": ""1000000"", ""num_nodes"": ""1000000"", ""num_pieces"": ""1"", ""num_spaces"": ""4"", ""op"": ""preimage"", ""sparse_factor"": ""1""}","{""d1"": ""1"", ""d2"": ""1"", ""gpu_host_fallback"": ""0"", ""gpu_input_rects"": ""1"", ""gpu_oom_backoffs"": ""0"", ""gpu_scratch_bytes"": ""642000000"", ""gpu_tiles"": ""1"", ""op"": ""preimage"", ""path"": ""ptrs""}",569,1,block_random,1024,1291,6868,ptrs
tile_sweep_publication,preimage,1d,sparse,5,1,2,cpu_source,cpu_us,1,1,1,1,21619760,2,1,1,1000000,1000000,4,1,0,4.808982,/pscratch/sd/r/rchanani/realm/build_pm_deppart/tests/benchmark -ll:gpu 1 -ll:cpu 1 -ll:fsize 8192 -dp:workers 1 -dp:hpool 256 -nocheck -block_random -block_volume 1024 -d1 1 -d2 1 preimage -n 1000000 -e 1000000 -p 1 -s 4 -f 5 -b 1,"{""buffer_size"": ""1"", ""cpu_us"": ""136503"", ""d1"": ""1"", ""d2"": ""1"", ""gpu_us"": ""35099"", ""num_edges"": ""1000000"", ""num_nodes"": ""1000000"", ""num_pieces"": ""1"", ""num_spaces"": ""4"", ""op"": ""preimage"", ""sparse_factor"": ""5""}","{""d1"": ""1"", ""d2"": ""1"", ""gpu_host_fallback"": ""1"", ""gpu_input_rects"": ""1"", ""gpu_oom_backoffs"": ""1"", ""gpu_scratch_bytes"": ""21619760"", ""gpu_tiles"": ""1"", ""op"": ""preimage"", ""path"": ""ptrs""}",570,2,block_random,1024,35099,136503,ptrs
tile_sweep_publication,preimage,1d,sparse,5,1,2,gpu_source,gpu_us,1,1,1,1,21619760,2,1,1,1000000,1000000,4,1,0,4.631566,/pscratch/sd/r/rchanani/realm/build_pm_deppart/tests/benchmark -ll:gpu 1 -ll:cpu 1 -ll:fsize 8192 -dp:workers 1 -dp:hpool 256 -nocheck -block_random -block_volume 1024 -dp:noisectopt -d1 1 -d2 1 preimage -n 1000000 -e 1000000 -p 1 -s 4 -f 5 -b 1,"{""buffer_size"": ""1"", ""cpu_us"": ""129306"", ""d1"": ""1"", ""d2"": ""1"", ""gpu_us"": ""34481"", ""num_edges"": ""1000000"", ""num_nodes"": ""1000000"", ""num_pieces"": ""1"", ""num_spaces"": ""4"", ""op"": ""preimage"", ""sparse_factor"": ""5""}","{""d1"": ""1"", ""d2"": ""1"", ""gpu_host_fallback"": ""1"", ""gpu_input_rects"": ""1"", ""gpu_oom_backoffs"": ""1"", ""gpu_scratch_bytes"": ""21619760"", ""gpu_tiles"": ""1"", ""op"": ""preimage"", ""path"": ""ptrs""}",571,3,block_random,1024,34481,129306,ptrs
tile_sweep_publication,preimage,1d,sparse,5,2,2,cpu_source,cpu_us,1,0,0,1,28019760,2,1,1,1000000,1000000,4,1,0,4.560544,/pscratch/sd/r/rchanani/realm/build_pm_deppart/tests/benchmark -ll:gpu 1 -ll:cpu 1 -ll:fsize 8192 -dp:workers 1 -dp:hpool 256 -nocheck -block_random -block_volume 1024 -d1 1 -d2 1 preimage -n 1000000 -e 1000000 -p 1 -s 4 -f 5 -b 2,"{""buffer_size"": ""2"", ""cpu_us"": ""137364"", ""d1"": ""1"", ""d2"": ""1"", ""gpu_us"": ""3242"", ""num_edges"": ""1000000"", ""num_nodes"": ""1000000"", ""num_pieces"": ""1"", ""num_spaces"": ""4"", ""op"": ""preimage"", ""sparse_factor"": ""5""}","{""d1"": ""1"", ""d2"": ""1"", ""gpu_host_fallback"": ""0"", ""gpu_input_rects"": ""1"", ""gpu_oom_backoffs"": ""0"", ""gpu_scratch_bytes"": ""28019760"", ""gpu_tiles"": ""1"", ""op"": ""preimage"", ""path"": ""ptrs""}",572,0,block_random,1024,3242,137364,ptrs
tile_sweep_publication,preimage,1d,sparse,5,2,2,gpu_source,gpu_us,1,0,0,1,28019760,2,1,1,1000000,1000000,4,1,0,4.703216,/pscratch/sd/r/rchanani/realm/build_pm_deppart/tests/benchmark -ll:gpu 1 -ll:cpu 1 -ll:fsize 8192 -dp:workers 1 -dp:hpool 256 -nocheck -block_random -block_volume 1024 -dp:noisectopt -d1 1 -d2 1 preimage -n 1000000 -e 1000000 -p 1 -s 4 -f 5 -b 2,"{""buffer_size"": ""2"", ""cpu_us"": ""133109"", ""d1"": ""1"", ""d2"": ""1"", ""gpu_us"": ""3324"", ""num_edges"": ""1000000"", ""num_nodes"": ""1000000"", ""num_pieces"": ""1"", ""num_spaces"": ""4"", ""op"": ""preimage"", ""sparse_factor"": ""5""}","{""d1"": ""1"", ""d2"": ""1"", ""gpu_host_fallback"": ""0"", ""gpu_input_rects"": ""1"", ""gpu_oom_backoffs"": ""0"", ""gpu_scratch_bytes"": ""28019760"", ""gpu_tiles"": ""1"", ""op"": ""preimage"", ""path"": ""ptrs""}",573,1,block_random,1024,3324,133109,ptrs
tile_sweep_publication,preimage,1d,sparse,5,3,2,cpu_source,cpu_us,1,0,0,1,34419760,2,1,1,1000000,1000000,4,1,0,4.718236,/pscratch/sd/r/rchanani/realm/build_pm_deppart/tests/benchmark -ll:gpu 1 -ll:cpu 1 -ll:fsize 8192 -dp:workers 1 -dp:hpool 256 -nocheck -block_random -block_volume 1024 -d1 1 -d2 1 preimage -n 1000000 -e 1000000 -p 1 -s 4 -f 5 -b 3,"{""buffer_size"": ""3"", ""cpu_us"": ""137312"", ""d1"": ""1"", ""d2"": ""1"", ""gpu_us"": ""3437"", ""num_edges"": ""1000000"", ""num_nodes"": ""1000000"", ""num_pieces"": ""1"", ""num_spaces"": ""4"", ""op"": ""preimage"", ""sparse_factor"": ""5""}","{""d1"": ""1"", ""d2"": ""1"", ""gpu_host_fallback"": ""0"", ""gpu_input_rects"": ""1"", ""gpu_oom_backoffs"": ""0"", ""gpu_scratch_bytes"": ""34419760"", ""gpu_tiles"": ""1"", ""op"": ""preimage"", ""path"": ""ptrs""}",574,2,block_random,1024,3437,137312,ptrs
tile_sweep_publication,preimage,1d,sparse,5,3,2,gpu_source,gpu_us,1,0,0,1,34419760,2,1,1,1000000,1000000,4,1,0,4.517650,/pscratch/sd/r/rchanani/realm/build_pm_deppart/tests/benchmark -ll:gpu 1 -ll:cpu 1 -ll:fsize 8192 -dp:workers 1 -dp:hpool 256 -nocheck -block_random -block_volume 1024 -dp:noisectopt -d1 1 -d2 1 preimage -n 1000000 -e 1000000 -p 1 -s 4 -f 5 -b 3,"{""buffer_size"": ""3"", ""cpu_us"": ""131413"", ""d1"": ""1"", ""d2"": ""1"", ""gpu_us"": ""3376"", ""num_edges"": ""1000000"", ""num_nodes"": ""1000000"", ""num_pieces"": ""1"", ""num_spaces"": ""4"", ""op"": ""preimage"", ""sparse_factor"": ""5""}","{""d1"": ""1"", ""d2"": ""1"", ""gpu_host_fallback"": ""0"", ""gpu_input_rects"": ""1"", ""gpu_oom_backoffs"": ""0"", ""gpu_scratch_bytes"": ""34419760"", ""gpu_tiles"": ""1"", ""op"": ""preimage"", ""path"": ""ptrs""}",575,3,block_random,1024,3376,131413,ptrs
tile_sweep_publication,preimage,1d,sparse,5,4,2,cpu_source,cpu_us,1,0,0,1,40819760,2,1,1,1000000,1000000,4,1,0,4.544586,/pscratch/sd/r/rchanani/realm/build_pm_deppart/tests/benchmark -ll:gpu 1 -ll:cpu 1 -ll:fsize 8192 -dp:workers 1 -dp:hpool 256 -nocheck -block_random -block_volume 1024 -d1 1 -d2 1 preimage -n 1000000 -e 1000000 -p 1 -s 4 -f 5 -b 4,"{""buffer_size"": ""4"", ""cpu_us"": ""137061"", ""d1"": ""1"", ""d2"": ""1"", ""gpu_us"": ""3313"", ""num_edges"": ""1000000"", ""num_nodes"": ""1000000"", ""num_pieces"": ""1"", ""num_spaces"": ""4"", ""op"": ""preimage"", ""sparse_factor"": ""5""}","{""d1"": ""1"", ""d2"": ""1"", ""gpu_host_fallback"": ""0"", ""gpu_input_rects"": ""1"", ""gpu_oom_backoffs"": ""0"", ""gpu_scratch_bytes"": ""40819760"", ""gpu_tiles"": ""1"", ""op"": ""preimage"", ""path"": ""ptrs""}",576,0,block_random,1024,3313,137061,ptrs
tile_sweep_publication,preimage,1d,sparse,5,4,2,gpu_source,gpu_us,1,0,0,1,40819760,2,1,1,1000000,1000000,4,1,0,4.702105,/pscratch/sd/r/rchanani/realm/build_pm_deppart/tests/benchmark -ll:gpu 1 -ll:cpu 1 -ll:fsize 8192 -dp:workers 1 -dp:hpool 256 -nocheck -block_random -block_volume 1024 -dp:noisectopt -d1 1 -d2 1 preimage -n 1000000 -e 1000000 -p 1 -s 4 -f 5 -b 4,"{""buffer_size"": ""4"", ""cpu_us"": ""131257"", ""d1"": ""1"", ""d2"": ""1"", ""gpu_us"": ""3457"", ""num_edges"": ""1000000"", ""num_nodes"": ""1000000"", ""num_pieces"": ""1"", ""num_spaces"": ""4"", ""op"": ""preimage"", ""sparse_factor"": ""5""}","{""d1"": ""1"", ""d2"": ""1"", ""gpu_host_fallback"": ""0"", ""gpu_input_rects"": ""1"", ""gpu_oom_backoffs"": ""0"", ""gpu_scratch_bytes"": ""40819760"", ""gpu_tiles"": ""1"", ""op"": ""preimage"", ""path"": ""ptrs""}",577,1,block_random,1024,3457,131257,ptrs
tile_sweep_publication,preimage,1d,sparse,5,5,2,cpu_source,cpu_us,1,0,0,1,47219760,2,1,1,1000000,1000000,4,1,0,4.863892,/pscratch/sd/r/rchanani/realm/build_pm_deppart/tests/benchmark -ll:gpu 1 -ll:cpu 1 -ll:fsize 8192 -dp:workers 1 -dp:hpool 256 -nocheck -block_random -block_volume 1024 -d1 1 -d2 1 preimage -n 1000000 -e 1000000 -p 1 -s 4 -f 5 -b 5,"{""buffer_size"": ""5"", ""cpu_us"": ""137381"", ""d1"": ""1"", ""d2"": ""1"", ""gpu_us"": ""3657"", ""num_edges"": ""1000000"", ""num_nodes"": ""1000000"", ""num_pieces"": ""1"", ""num_spaces"": ""4"", ""op"": ""preimage"", ""sparse_factor"": ""5""}","{""d1"": ""1"", ""d2"": ""1"", ""gpu_host_fallback"": ""0"", ""gpu_input_rects"": ""1"", ""gpu_oom_backoffs"": ""0"", ""gpu_scratch_bytes"": ""47219760"", ""gpu_tiles"": ""1"", ""op"": ""preimage"", ""path"": ""ptrs""}",578,2,block_random,1024,3657,137381,ptrs
tile_sweep_publication,preimage,1d,sparse,5,5,2,gpu_source,gpu_us,1,0,0,1,47219760,2,1,1,1000000,1000000,4,1,0,4.629224,/pscratch/sd/r/rchanani/realm/build_pm_deppart/tests/benchmark -ll:gpu 1 -ll:cpu 1 -ll:fsize 8192 -dp:workers 1 -dp:hpool 256 -nocheck -block_random -block_volume 1024 -dp:noisectopt -d1 1 -d2 1 preimage -n 1000000 -e 1000000 -p 1 -s 4 -f 5 -b 5,"{""buffer_size"": ""5"", ""cpu_us"": ""131536"", ""d1"": ""1"", ""d2"": ""1"", ""gpu_us"": ""3435"", ""num_edges"": ""1000000"", ""num_nodes"": ""1000000"", ""num_pieces"": ""1"", ""num_spaces"": ""4"", ""op"": ""preimage"", ""sparse_factor"": ""5""}","{""d1"": ""1"", ""d2"": ""1"", ""gpu_host_fallback"": ""0"", ""gpu_input_rects"": ""1"", ""gpu_oom_backoffs"": ""0"", ""gpu_scratch_bytes"": ""47219760"", ""gpu_tiles"": ""1"", ""op"": ""preimage"", ""path"": ""ptrs""}",579,3,block_random,1024,3435,131536,ptrs
tile_sweep_publication,preimage,1d,sparse,5,7,2,cpu_source,cpu_us,1,0,0,1,60019760,2,1,1,1000000,1000000,4,1,0,4.518752,/pscratch/sd/r/rchanani/realm/build_pm_deppart/tests/benchmark -ll:gpu 1 -ll:cpu 1 -ll:fsize 8192 -dp:workers 1 -dp:hpool 256 -nocheck -block_random -block_volume 1024 -d1 1 -d2 1 preimage -n 1000000 -e 1000000 -p 1 -s 4 -f 5 -b 7,"{""buffer_size"": ""7"", ""cpu_us"": ""136477"", ""d1"": ""1"", ""d2"": ""1"", ""gpu_us"": ""3315"", ""num_edges"": ""1000000"", ""num_nodes"": ""1000000"", ""num_pieces"": ""1"", ""num_spaces"": ""4"", ""op"": ""preimage"", ""sparse_factor"": ""5""}","{""d1"": ""1"", ""d2"": ""1"", ""gpu_host_fallback"": ""0"", ""gpu_input_rects"": ""1"", ""gpu_oom_backoffs"": ""0"", ""gpu_scratch_bytes"": ""60019760"", ""gpu_tiles"": ""1"", ""op"": ""preimage"", ""path"": ""ptrs""}",580,0,block_random,1024,3315,136477,ptrs
tile_sweep_publication,preimage,1d,sparse,5,7,2,gpu_source,gpu_us,1,0,0,1,60019760,2,1,1,1000000,1000000,4,1,0,4.769795,/pscratch/sd/r/rchanani/realm/build_pm_deppart/tests/benchmark -ll:gpu 1 -ll:cpu 1 -ll:fsize 8192 -dp:workers 1 -dp:hpool 256 -nocheck -block_random -block_volume 1024 -dp:noisectopt -d1 1 -d2 1 preimage -n 1000000 -e 1000000 -p 1 -s 4 -f 5 -b 7,"{""buffer_size"": ""7"", ""cpu_us"": ""131349"", ""d1"": ""1"", ""d2"": ""1"", ""gpu_us"": ""3332"", ""num_edges"": ""1000000"", ""num_nodes"": ""1000000"", ""num_pieces"": ""1"", ""num_spaces"": ""4"", ""op"": ""preimage"", ""sparse_factor"": ""5""}","{""d1"": ""1"", ""d2"": ""1"", ""gpu_host_fallback"": ""0"", ""gpu_input_rects"": ""1"", ""gpu_oom_backoffs"": ""0"", ""gpu_scratch_bytes"": ""60019760"", ""gpu_tiles"": ""1"", ""op"": ""preimage"", ""path"": ""ptrs""}",581,1,block_random,1024,3332,131349,ptrs
tile_sweep_publication,preimage,1d,sparse,5,10,2,cpu_source,cpu_us,1,0,0,1,79219760,2,1,1,1000000,1000000,4,1,0,4.700700,/pscratch/sd/r/rchanani/realm/build_pm_deppart/tests/benchmark -ll:gpu 1 -ll:cpu 1 -ll:fsize 8192 -dp:workers 1 -dp:hpool 256 -nocheck -block_random -block_volume 1024 -d1 1 -d2 1 preimage -n 1000000 -e 1000000 -p 1 -s 4 -f 5 -b 10,"{""buffer_size"": ""10"", ""cpu_us"": ""137433"", ""d1"": ""1"", ""d2"": ""1"", ""gpu_us"": ""3541"", ""num_edges"": ""1000000"", ""num_nodes"": ""1000000"", ""num_pieces"": ""1"", ""num_spaces"": ""4"", ""op"": ""preimage"", ""sparse_factor"": ""5""}","{""d1"": ""1"", ""d2"": ""1"", ""gpu_host_fallback"": ""0"", ""gpu_input_rects"": ""1"", ""gpu_oom_backoffs"": ""0"", ""gpu_scratch_bytes"": ""79219760"", ""gpu_tiles"": ""1"", ""op"": ""preimage"", ""path"": ""ptrs""}",582,2,block_random,1024,3541,137433,ptrs
tile_sweep_publication,preimage,1d,sparse,5,10,2,gpu_source,gpu_us,1,0,0,1,79219760,2,1,1,1000000,1000000,4,1,0,4.572186,/pscratch/sd/r/rchanani/realm/build_pm_deppart/tests/benchmark -ll:gpu 1 -ll:cpu 1 -ll:fsize 8192 -dp:workers 1 -dp:hpool 256 -nocheck -block_random -block_volume 1024 -dp:noisectopt -d1 1 -d2 1 preimage -n 1000000 -e 1000000 -p 1 -s 4 -f 5 -b 10,"{""buffer_size"": ""10"", ""cpu_us"": ""131976"", ""d1"": ""1"", ""d2"": ""1"", ""gpu_us"": ""3404"", ""num_edges"": ""1000000"", ""num_nodes"": ""1000000"", ""num_pieces"": ""1"", ""num_spaces"": ""4"", ""op"": ""preimage"", ""sparse_factor"": ""5""}","{""d1"": ""1"", ""d2"": ""1"", ""gpu_host_fallback"": ""0"", ""gpu_input_rects"": ""1"", ""gpu_oom_backoffs"": ""0"", ""gpu_scratch_bytes"": ""79219760"", ""gpu_tiles"": ""1"", ""op"": ""preimage"", ""path"": ""ptrs""}",583,3,block_random,1024,3404,131976,ptrs
tile_sweep_publication,preimage,1d,sparse,5,15,2,cpu_source,cpu_us,1,0,0,1,111219760,2,1,1,1000000,1000000,4,1,0,4.554188,/pscratch/sd/r/rchanani/realm/build_pm_deppart/tests/benchmark -ll:gpu 1 -ll:cpu 1 -ll:fsize 8192 -dp:workers 1 -dp:hpool 256 -nocheck -block_random -block_volume 1024 -d1 1 -d2 1 preimage -n 1000000 -e 1000000 -p 1 -s 4 -f 5 -b 15,"{""buffer_size"": ""15"", ""cpu_us"": ""136251"", ""d1"": ""1"", ""d2"": ""1"", ""gpu_us"": ""3332"", ""num_edges"": ""1000000"", ""num_nodes"": ""1000000"", ""num_pieces"": ""1"", ""num_spaces"": ""4"", ""op"": ""preimage"", ""sparse_factor"": ""5""}","{""d1"": ""1"", ""d2"": ""1"", ""gpu_host_fallback"": ""0"", ""gpu_input_rects"": ""1"", ""gpu_oom_backoffs"": ""0"", ""gpu_scratch_bytes"": ""111219760"", ""gpu_tiles"": ""1"", ""op"": ""preimage"", ""path"": ""ptrs""}",584,0,block_random,1024,3332,136251,ptrs
tile_sweep_publication,preimage,1d,sparse,5,15,2,gpu_source,gpu_us,1,0,0,1,111219760,2,1,1,1000000,1000000,4,1,0,4.718980,/pscratch/sd/r/rchanani/realm/build_pm_deppart/tests/benchmark -ll:gpu 1 -ll:cpu 1 -ll:fsize 8192 -dp:workers 1 -dp:hpool 256 -nocheck -block_random -block_volume 1024 -dp:noisectopt -d1 1 -d2 1 preimage -n 1000000 -e 1000000 -p 1 -s 4 -f 5 -b 15,"{""buffer_size"": ""15"", ""cpu_us"": ""132139"", ""d1"": ""1"", ""d2"": ""1"", ""gpu_us"": ""3371"", ""num_edges"": ""1000000"", ""num_nodes"": ""1000000"", ""num_pieces"": ""1"", ""num_spaces"": ""4"", ""op"": ""preimage"", ""sparse_factor"": ""5""}","{""d1"": ""1"", ""d2"": ""1"", ""gpu_host_fallback"": ""0"", ""gpu_input_rects"": ""1"", ""gpu_oom_backoffs"": ""0"", ""gpu_scratch_bytes"": ""111219760"", ""gpu_tiles"": ""1"", ""op"": ""preimage"", ""path"": ""ptrs""}",585,1,block_random,1024,3371,132139,ptrs
tile_sweep_publication,preimage,1d,sparse,5,20,2,cpu_source,cpu_us,1,0,0,1,143219760,2,1,1,1000000,1000000,4,1,0,4.794108,/pscratch/sd/r/rchanani/realm/build_pm_deppart/tests/benchmark -ll:gpu 1 -ll:cpu 1 -ll:fsize 8192 -dp:workers 1 -dp:hpool 256 -nocheck -block_random -block_volume 1024 -d1 1 -d2 1 preimage -n 1000000 -e 1000000 -p 1 -s 4 -f 5 -b 20,"{""buffer_size"": ""20"", ""cpu_us"": ""137792"", ""d1"": ""1"", ""d2"": ""1"", ""gpu_us"": ""3547"", ""num_edges"": ""1000000"", ""num_nodes"": ""1000000"", ""num_pieces"": ""1"", ""num_spaces"": ""4"", ""op"": ""preimage"", ""sparse_factor"": ""5""}","{""d1"": ""1"", ""d2"": ""1"", ""gpu_host_fallback"": ""0"", ""gpu_input_rects"": ""1"", ""gpu_oom_backoffs"": ""0"", ""gpu_scratch_bytes"": ""143219760"", ""gpu_tiles"": ""1"", ""op"": ""preimage"", ""path"": ""ptrs""}",586,2,block_random,1024,3547,137792,ptrs
tile_sweep_publication,preimage,1d,sparse,5,20,2,gpu_source,gpu_us,1,0,0,1,143219760,2,1,1,1000000,1000000,4,1,0,4.596320,/pscratch/sd/r/rchanani/realm/build_pm_deppart/tests/benchmark -ll:gpu 1 -ll:cpu 1 -ll:fsize 8192 -dp:workers 1 -dp:hpool 256 -nocheck -block_random -block_volume 1024 -dp:noisectopt -d1 1 -d2 1 preimage -n 1000000 -e 1000000 -p 1 -s 4 -f 5 -b 20,"{""buffer_size"": ""20"", ""cpu_us"": ""131995"", ""d1"": ""1"", ""d2"": ""1"", ""gpu_us"": ""3271"", ""num_edges"": ""1000000"", ""num_nodes"": ""1000000"", ""num_pieces"": ""1"", ""num_spaces"": ""4"", ""op"": ""preimage"", ""sparse_factor"": ""5""}","{""d1"": ""1"", ""d2"": ""1"", ""gpu_host_fallback"": ""0"", ""gpu_input_rects"": ""1"", ""gpu_oom_backoffs"": ""0"", ""gpu_scratch_bytes"": ""143219760"", ""gpu_tiles"": ""1"", ""op"": ""preimage"", ""path"": ""ptrs""}",587,3,block_random,1024,3271,131995,ptrs
tile_sweep_publication,preimage,1d,sparse,5,25,2,cpu_source,cpu_us,1,0,0,1,175219760,2,1,1,1000000,1000000,4,1,0,4.545426,/pscratch/sd/r/rchanani/realm/build_pm_deppart/tests/benchmark -ll:gpu 1 -ll:cpu 1 -ll:fsize 8192 -dp:workers 1 -dp:hpool 256 -nocheck -block_random -block_volume 1024 -d1 1 -d2 1 preimage -n 1000000 -e 1000000 -p 1 -s 4 -f 5 -b 25,"{""buffer_size"": ""25"", ""cpu_us"": ""138095"", ""d1"": ""1"", ""d2"": ""1"", ""gpu_us"": ""3310"", ""num_edges"": ""1000000"", ""num_nodes"": ""1000000"", ""num_pieces"": ""1"", ""num_spaces"": ""4"", ""op"": ""preimage"", ""sparse_factor"": ""5""}","{""d1"": ""1"", ""d2"": ""1"", ""gpu_host_fallback"": ""0"", ""gpu_input_rects"": ""1"", ""gpu_oom_backoffs"": ""0"", ""gpu_scratch_bytes"": ""175219760"", ""gpu_tiles"": ""1"", ""op"": ""preimage"", ""path"": ""ptrs""}",588,0,block_random,1024,3310,138095,ptrs
tile_sweep_publication,preimage,1d,sparse,5,25,2,gpu_source,gpu_us,1,0,0,1,175219760,2,1,1,1000000,1000000,4,1,0,4.656566,/pscratch/sd/r/rchanani/realm/build_pm_deppart/tests/benchmark -ll:gpu 1 -ll:cpu 1 -ll:fsize 8192 -dp:workers 1 -dp:hpool 256 -nocheck -block_random -block_volume 1024 -dp:noisectopt -d1 1 -d2 1 preimage -n 1000000 -e 1000000 -p 1 -s 4 -f 5 -b 25,"{""buffer_size"": ""25"", ""cpu_us"": ""133626"", ""d1"": ""1"", ""d2"": ""1"", ""gpu_us"": ""3376"", ""num_edges"": ""1000000"", ""num_nodes"": ""1000000"", ""num_pieces"": ""1"", ""num_spaces"": ""4"", ""op"": ""preimage"", ""sparse_factor"": ""5""}","{""d1"": ""1"", ""d2"": ""1"", ""gpu_host_fallback"": ""0"", ""gpu_input_rects"": ""1"", ""gpu_oom_backoffs"": ""0"", ""gpu_scratch_bytes"": ""175219760"", ""gpu_tiles"": ""1"", ""op"": ""preimage"", ""path"": ""ptrs""}",589,1,block_random,1024,3376,133626,ptrs
tile_sweep_publication,preimage,1d,sparse,5,30,2,cpu_source,cpu_us,1,0,0,1,207219760,2,1,1,1000000,1000000,4,1,0,4.674796,/pscratch/sd/r/rchanani/realm/build_pm_deppart/tests/benchmark -ll:gpu 1 -ll:cpu 1 -ll:fsize 8192 -dp:workers 1 -dp:hpool 256 -nocheck -block_random -block_volume 1024 -d1 1 -d2 1 preimage -n 1000000 -e 1000000 -p 1 -s 4 -f 5 -b 30,"{""buffer_size"": ""30"", ""cpu_us"": ""137737"", ""d1"": ""1"", ""d2"": ""1"", ""gpu_us"": ""3310"", ""num_edges"": ""1000000"", ""num_nodes"": ""1000000"", ""num_pieces"": ""1"", ""num_spaces"": ""4"", ""op"": ""preimage"", ""sparse_factor"": ""5""}","{""d1"": ""1"", ""d2"": ""1"", ""gpu_host_fallback"": ""0"", ""gpu_input_rects"": ""1"", ""gpu_oom_backoffs"": ""0"", ""gpu_scratch_bytes"": ""207219760"", ""gpu_tiles"": ""1"", ""op"": ""preimage"", ""path"": ""ptrs""}",590,2,block_random,1024,3310,137737,ptrs
tile_sweep_publication,preimage,1d,sparse,5,30,2,gpu_source,gpu_us,1,0,0,1,207219760,2,1,1,1000000,1000000,4,1,0,4.554817,/pscratch/sd/r/rchanani/realm/build_pm_deppart/tests/benchmark -ll:gpu 1 -ll:cpu 1 -ll:fsize 8192 -dp:workers 1 -dp:hpool 256 -nocheck -block_random -block_volume 1024 -dp:noisectopt -d1 1 -d2 1 preimage -n 1000000 -e 1000000 -p 1 -s 4 -f 5 -b 30,"{""buffer_size"": ""30"", ""cpu_us"": ""131831"", ""d1"": ""1"", ""d2"": ""1"", ""gpu_us"": ""3388"", ""num_edges"": ""1000000"", ""num_nodes"": ""1000000"", ""num_pieces"": ""1"", ""num_spaces"": ""4"", ""op"": ""preimage"", ""sparse_factor"": ""5""}","{""d1"": ""1"", ""d2"": ""1"", ""gpu_host_fallback"": ""0"", ""gpu_input_rects"": ""1"", ""gpu_oom_backoffs"": ""0"", ""gpu_scratch_bytes"": ""207219760"", ""gpu_tiles"": ""1"", ""op"": ""preimage"", ""path"": ""ptrs""}",591,3,block_random,1024,3388,131831,ptrs
tile_sweep_publication,preimage,1d,sparse,5,40,2,cpu_source,cpu_us,1,0,0,1,271219760,2,1,1,1000000,1000000,4,1,0,4.565132,/pscratch/sd/r/rchanani/realm/build_pm_deppart/tests/benchmark -ll:gpu 1 -ll:cpu 1 -ll:fsize 8192 -dp:workers 1 -dp:hpool 256 -nocheck -block_random -block_volume 1024 -d1 1 -d2 1 preimage -n 1000000 -e 1000000 -p 1 -s 4 -f 5 -b 40,"{""buffer_size"": ""40"", ""cpu_us"": ""137137"", ""d1"": ""1"", ""d2"": ""1"", ""gpu_us"": ""3245"", ""num_edges"": ""1000000"", ""num_nodes"": ""1000000"", ""num_pieces"": ""1"", ""num_spaces"": ""4"", ""op"": ""preimage"", ""sparse_factor"": ""5""}","{""d1"": ""1"", ""d2"": ""1"", ""gpu_host_fallback"": ""0"", ""gpu_input_rects"": ""1"", ""gpu_oom_backoffs"": ""0"", ""gpu_scratch_bytes"": ""271219760"", ""gpu_tiles"": ""1"", ""op"": ""preimage"", ""path"": ""ptrs""}",592,0,block_random,1024,3245,137137,ptrs
tile_sweep_publication,preimage,1d,sparse,5,40,2,gpu_source,gpu_us,1,0,0,1,271219760,2,1,1,1000000,1000000,4,1,0,4.709553,/pscratch/sd/r/rchanani/realm/build_pm_deppart/tests/benchmark -ll:gpu 1 -ll:cpu 1 -ll:fsize 8192 -dp:workers 1 -dp:hpool 256 -nocheck -block_random -block_volume 1024 -dp:noisectopt -d1 1 -d2 1 preimage -n 1000000 -e 1000000 -p 1 -s 4 -f 5 -b 40,"{""buffer_size"": ""40"", ""cpu_us"": ""131537"", ""d1"": ""1"", ""d2"": ""1"", ""gpu_us"": ""3643"", ""num_edges"": ""1000000"", ""num_nodes"": ""1000000"", ""num_pieces"": ""1"", ""num_spaces"": ""4"", ""op"": ""preimage"", ""sparse_factor"": ""5""}","{""d1"": ""1"", ""d2"": ""1"", ""gpu_host_fallback"": ""0"", ""gpu_input_rects"": ""1"", ""gpu_oom_backoffs"": ""0"", ""gpu_scratch_bytes"": ""271219760"", ""gpu_tiles"": ""1"", ""op"": ""preimage"", ""path"": ""ptrs""}",593,1,block_random,1024,3643,131537,ptrs
tile_sweep_publication,preimage,1d,sparse,5,50,2,cpu_source,cpu_us,1,0,0,1,335219760,2,1,1,1000000,1000000,4,1,0,4.748875,/pscratch/sd/r/rchanani/realm/build_pm_deppart/tests/benchmark -ll:gpu 1 -ll:cpu 1 -ll:fsize 8192 -dp:workers 1 -dp:hpool 256 -nocheck -block_random -block_volume 1024 -d1 1 -d2 1 preimage -n 1000000 -e 1000000 -p 1 -s 4 -f 5 -b 50,"{""buffer_size"": ""50"", ""cpu_us"": ""138569"", ""d1"": ""1"", ""d2"": ""1"", ""gpu_us"": ""3631"", ""num_edges"": ""1000000"", ""num_nodes"": ""1000000"", ""num_pieces"": ""1"", ""num_spaces"": ""4"", ""op"": ""preimage"", ""sparse_factor"": ""5""}","{""d1"": ""1"", ""d2"": ""1"", ""gpu_host_fallback"": ""0"", ""gpu_input_rects"": ""1"", ""gpu_oom_backoffs"": ""0"", ""gpu_scratch_bytes"": ""335219760"", ""gpu_tiles"": ""1"", ""op"": ""preimage"", ""path"": ""ptrs""}",594,2,block_random,1024,3631,138569,ptrs
tile_sweep_publication,preimage,1d,sparse,5,50,2,gpu_source,gpu_us,1,0,0,1,335219760,2,1,1,1000000,1000000,4,1,0,4.558522,/pscratch/sd/r/rchanani/realm/build_pm_deppart/tests/benchmark -ll:gpu 1 -ll:cpu 1 -ll:fsize 8192 -dp:workers 1 -dp:hpool 256 -nocheck -block_random -block_volume 1024 -dp:noisectopt -d1 1 -d2 1 preimage -n 1000000 -e 1000000 -p 1 -s 4 -f 5 -b 50,"{""buffer_size"": ""50"", ""cpu_us"": ""131258"", ""d1"": ""1"", ""d2"": ""1"", ""gpu_us"": ""3295"", ""num_edges"": ""1000000"", ""num_nodes"": ""1000000"", ""num_pieces"": ""1"", ""num_spaces"": ""4"", ""op"": ""preimage"", ""sparse_factor"": ""5""}","{""d1"": ""1"", ""d2"": ""1"", ""gpu_host_fallback"": ""0"", ""gpu_input_rects"": ""1"", ""gpu_oom_backoffs"": ""0"", ""gpu_scratch_bytes"": ""335219760"", ""gpu_tiles"": ""1"", ""op"": ""preimage"", ""path"": ""ptrs""}",595,3,block_random,1024,3295,131258,ptrs
tile_sweep_publication,preimage,1d,sparse,5,75,2,cpu_source,cpu_us,1,0,0,1,495219760,2,1,1,1000000,1000000,4,1,0,4.517018,/pscratch/sd/r/rchanani/realm/build_pm_deppart/tests/benchmark -ll:gpu 1 -ll:cpu 1 -ll:fsize 8192 -dp:workers 1 -dp:hpool 256 -nocheck -block_random -block_volume 1024 -d1 1 -d2 1 preimage -n 1000000 -e 1000000 -p 1 -s 4 -f 5 -b 75,"{""buffer_size"": ""75"", ""cpu_us"": ""137410"", ""d1"": ""1"", ""d2"": ""1"", ""gpu_us"": ""3328"", ""num_edges"": ""1000000"", ""num_nodes"": ""1000000"", ""num_pieces"": ""1"", ""num_spaces"": ""4"", ""op"": ""preimage"", ""sparse_factor"": ""5""}","{""d1"": ""1"", ""d2"": ""1"", ""gpu_host_fallback"": ""0"", ""gpu_input_rects"": ""1"", ""gpu_oom_backoffs"": ""0"", ""gpu_scratch_bytes"": ""495219760"", ""gpu_tiles"": ""1"", ""op"": ""preimage"", ""path"": ""ptrs""}",596,0,block_random,1024,3328,137410,ptrs
tile_sweep_publication,preimage,1d,sparse,5,75,2,gpu_source,gpu_us,1,0,0,1,495219760,2,1,1,1000000,1000000,4,1,0,4.793185,/pscratch/sd/r/rchanani/realm/build_pm_deppart/tests/benchmark -ll:gpu 1 -ll:cpu 1 -ll:fsize 8192 -dp:workers 1 -dp:hpool 256 -nocheck -block_random -block_volume 1024 -dp:noisectopt -d1 1 -d2 1 preimage -n 1000000 -e 1000000 -p 1 -s 4 -f 5 -b 75,"{""buffer_size"": ""75"", ""cpu_us"": ""134871"", ""d1"": ""1"", ""d2"": ""1"", ""gpu_us"": ""3347"", ""num_edges"": ""1000000"", ""num_nodes"": ""1000000"", ""num_pieces"": ""1"", ""num_spaces"": ""4"", ""op"": ""preimage"", ""sparse_factor"": ""5""}","{""d1"": ""1"", ""d2"": ""1"", ""gpu_host_fallback"": ""0"", ""gpu_input_rects"": ""1"", ""gpu_oom_backoffs"": ""0"", ""gpu_scratch_bytes"": ""495219760"", ""gpu_tiles"": ""1"", ""op"": ""preimage"", ""path"": ""ptrs""}",597,1,block_random,1024,3347,134871,ptrs
tile_sweep_publication,preimage,1d,sparse,5,100,2,cpu_source,cpu_us,1,0,0,1,655219760,2,1,1,1000000,1000000,4,1,0,4.743721,/pscratch/sd/r/rchanani/realm/build_pm_deppart/tests/benchmark -ll:gpu 1 -ll:cpu 1 -ll:fsize 8192 -dp:workers 1 -dp:hpool 256 -nocheck -block_random -block_volume 1024 -d1 1 -d2 1 preimage -n 1000000 -e 1000000 -p 1 -s 4 -f 5 -b 100,"{""buffer_size"": ""100"", ""cpu_us"": ""137807"", ""d1"": ""1"", ""d2"": ""1"", ""gpu_us"": ""3387"", ""num_edges"": ""1000000"", ""num_nodes"": ""1000000"", ""num_pieces"": ""1"", ""num_spaces"": ""4"", ""op"": ""preimage"", ""sparse_factor"": ""5""}","{""d1"": ""1"", ""d2"": ""1"", ""gpu_host_fallback"": ""0"", ""gpu_input_rects"": ""1"", ""gpu_oom_backoffs"": ""0"", ""gpu_scratch_bytes"": ""655219760"", ""gpu_tiles"": ""1"", ""op"": ""preimage"", ""path"": ""ptrs""}",598,2,block_random,1024,3387,137807,ptrs
tile_sweep_publication,preimage,1d,sparse,5,100,2,gpu_source,gpu_us,1,0,0,1,655219760,2,1,1,1000000,1000000,4,1,0,4.555643,/pscratch/sd/r/rchanani/realm/build_pm_deppart/tests/benchmark -ll:gpu 1 -ll:cpu 1 -ll:fsize 8192 -dp:workers 1 -dp:hpool 256 -nocheck -block_random -block_volume 1024 -dp:noisectopt -d1 1 -d2 1 preimage -n 1000000 -e 1000000 -p 1 -s 4 -f 5 -b 100,"{""buffer_size"": ""100"", ""cpu_us"": ""131325"", ""d1"": ""1"", ""d2"": ""1"", ""gpu_us"": ""3415"", ""num_edges"": ""1000000"", ""num_nodes"": ""1000000"", ""num_pieces"": ""1"", ""num_spaces"": ""4"", ""op"": ""preimage"", ""sparse_factor"": ""5""}","{""d1"": ""1"", ""d2"": ""1"", ""gpu_host_fallback"": ""0"", ""gpu_input_rects"": ""1"", ""gpu_oom_backoffs"": ""0"", ""gpu_scratch_bytes"": ""655219760"", ""gpu_tiles"": ""1"", ""op"": ""preimage"", ""path"": ""ptrs""}",599,3,block_random,1024,3415,131325,ptrs
tile_sweep_publication,preimage,2d,dense,1,1,2,cpu_source,cpu_us,8,14,1,8,14800000,2,2,2,1000,1000,4,1,0,1.034062,/pscratch/sd/r/rchanani/realm/build_pm_deppart/tests/benchmark -ll:gpu 1 -ll:cpu 1 -ll:fsize 8192 -dp:workers 1 -dp:hpool 256 -nocheck -block_random -block_volume 1024 -d1 2 -d2 2 preimage -n 1000 -e 1000 -p 1 -s 4 -f 1 -b 1,"{""buffer_size"": ""1"", ""cpu_us"": ""91740"", ""d1"": ""2"", ""d2"": ""2"", ""gpu_us"": ""23105"", ""num_edges"": ""1000"", ""num_nodes"": ""1000"", ""num_pieces"": ""1"", ""num_spaces"": ""4"", ""op"": ""preimage"", ""sparse_factor"": ""1""}","{""d1"": ""2"", ""d2"": ""2"", ""gpu_host_fallback"": ""1"", ""gpu_input_rects"": ""8"", ""gpu_oom_backoffs"": ""14"", ""gpu_scratch_bytes"": ""14800000"", ""gpu_tiles"": ""8"", ""op"": ""preimage"", ""path"": ""ptrs""}",600,0,block_random,1024,23105,91740,ptrs
tile_sweep_publication,preimage,2d,dense,1,1,2,gpu_source,gpu_us,8,14,1,8,14800000,2,2,2,1000,1000,4,1,0,1.083717,/pscratch/sd/r/rchanani/realm/build_pm_deppart/tests/benchmark -ll:gpu 1 -ll:cpu 1 -ll:fsize 8192 -dp:workers 1 -dp:hpool 256 -nocheck -block_random -block_volume 1024 -dp:noisectopt -d1 2 -d2 2 preimage -n 1000 -e 1000 -p 1 -s 4 -f 1 -b 1,"{""buffer_size"": ""1"", ""cpu_us"": ""12384"", ""d1"": ""2"", ""d2"": ""2"", ""gpu_us"": ""20681"", ""num_edges"": ""1000"", ""num_nodes"": ""1000"", ""num_pieces"": ""1"", ""num_spaces"": ""4"", ""op"": ""preimage"", ""sparse_factor"": ""1""}","{""d1"": ""2"", ""d2"": ""2"", ""gpu_host_fallback"": ""1"", ""gpu_input_rects"": ""8"", ""gpu_oom_backoffs"": ""14"", ""gpu_scratch_bytes"": ""14800000"", ""gpu_tiles"": ""8"", ""op"": ""preimage"", ""path"": ""ptrs""}",601,1,block_random,1024,20681,12384,ptrs
tile_sweep_publication,preimage,2d,dense,1,2,2,cpu_source,cpu_us,4,5,1,4,27600000,2,2,2,1000,1000,4,1,0,1.324603,/pscratch/sd/r/rchanani/realm/build_pm_deppart/tests/benchmark -ll:gpu 1 -ll:cpu 1 -ll:fsize 8192 -dp:workers 1 -dp:hpool 256 -nocheck -block_random -block_volume 1024 -d1 2 -d2 2 preimage -n 1000 -e 1000 -p 1 -s 4 -f 1 -b 2,"{""buffer_size"": ""2"", ""cpu_us"": ""91052"", ""d1"": ""2"", ""d2"": ""2"", ""gpu_us"": ""11325"", ""num_edges"": ""1000"", ""num_nodes"": ""1000"", ""num_pieces"": ""1"", ""num_spaces"": ""4"", ""op"": ""preimage"", ""sparse_factor"": ""1""}","{""d1"": ""2"", ""d2"": ""2"", ""gpu_host_fallback"": ""1"", ""gpu_input_rects"": ""4"", ""gpu_oom_backoffs"": ""5"", ""gpu_scratch_bytes"": ""27600000"", ""gpu_tiles"": ""4"", ""op"": ""preimage"", ""path"": ""ptrs""}",602,2,block_random,1024,11325,91052,ptrs
tile_sweep_publication,preimage,2d,dense,1,2,2,gpu_source,gpu_us,4,5,1,4,27600000,2,2,2,1000,1000,4,1,0,0.947232,/pscratch/sd/r/rchanani/realm/build_pm_deppart/tests/benchmark -ll:gpu 1 -ll:cpu 1 -ll:fsize 8192 -dp:workers 1 -dp:hpool 256 -nocheck -block_random -block_volume 1024 -dp:noisectopt -d1 2 -d2 2 preimage -n 1000 -e 1000 -p 1 -s 4 -f 1 -b 2,"{""buffer_size"": ""2"", ""cpu_us"": ""12040"", ""d1"": ""2"", ""d2"": ""2"", ""gpu_us"": ""12906"", ""num_edges"": ""1000"", ""num_nodes"": ""1000"", ""num_pieces"": ""1"", ""num_spaces"": ""4"", ""op"": ""preimage"", ""sparse_factor"": ""1""}","{""d1"": ""2"", ""d2"": ""2"", ""gpu_host_fallback"": ""1"", ""gpu_input_rects"": ""4"", ""gpu_oom_backoffs"": ""5"", ""gpu_scratch_bytes"": ""27600000"", ""gpu_tiles"": ""4"", ""op"": ""preimage"", ""path"": ""ptrs""}",603,3,block_random,1024,12906,12040,ptrs
tile_sweep_publication,preimage,2d,dense,1,3,2,cpu_source,cpu_us,4,5,1,4,40400000,2,2,2,1000,1000,4,1,0,1.031862,/pscratch/sd/r/rchanani/realm/build_pm_deppart/tests/benchmark -ll:gpu 1 -ll:cpu 1 -ll:fsize 8192 -dp:workers 1 -dp:hpool 256 -nocheck -block_random -block_volume 1024 -d1 2 -d2 2 preimage -n 1000 -e 1000 -p 1 -s 4 -f 1 -b 3,"{""buffer_size"": ""3"", ""cpu_us"": ""91838"", ""d1"": ""2"", ""d2"": ""2"", ""gpu_us"": ""13299"", ""num_edges"": ""1000"", ""num_nodes"": ""1000"", ""num_pieces"": ""1"", ""num_spaces"": ""4"", ""op"": ""preimage"", ""sparse_factor"": ""1""}","{""d1"": ""2"", ""d2"": ""2"", ""gpu_host_fallback"": ""1"", ""gpu_input_rects"": ""4"", ""gpu_oom_backoffs"": ""5"", ""gpu_scratch_bytes"": ""40400000"", ""gpu_tiles"": ""4"", ""op"": ""preimage"", ""path"": ""ptrs""}",604,0,block_random,1024,13299,91838,ptrs
tile_sweep_publication,preimage,2d,dense,1,3,2,gpu_source,gpu_us,4,5,1,4,40400000,2,2,2,1000,1000,4,1,0,1.056951,/pscratch/sd/r/rchanani/realm/build_pm_deppart/tests/benchmark -ll:gpu 1 -ll:cpu 1 -ll:fsize 8192 -dp:workers 1 -dp:hpool 256 -nocheck -block_random -block_volume 1024 -dp:noisectopt -d1 2 -d2 2 preimage -n 1000 -e 1000 -p 1 -s 4 -f 1 -b 3,"{""buffer_size"": ""3"", ""cpu_us"": ""11979"", ""d1"": ""2"", ""d2"": ""2"", ""gpu_us"": ""11913"", ""num_edges"": ""1000"", ""num_nodes"": ""1000"", ""num_pieces"": ""1"", ""num_spaces"": ""4"", ""op"": ""preimage"", ""sparse_factor"": ""1""}","{""d1"": ""2"", ""d2"": ""2"", ""gpu_host_fallback"": ""1"", ""gpu_input_rects"": ""4"", ""gpu_oom_backoffs"": ""5"", ""gpu_scratch_bytes"": ""40400000"", ""gpu_tiles"": ""4"", ""op"": ""preimage"", ""path"": ""ptrs""}",605,1,block_random,1024,11913,11979,ptrs
tile_sweep_publication,preimage,2d,dense,1,4,2,cpu_source,cpu_us,2,2,1,2,53200000,2,2,2,1000,1000,4,1,0,1.157592,/pscratch/sd/r/rchanani/realm/build_pm_deppart/tests/benchmark -ll:gpu 1 -ll:cpu 1 -ll:fsize 8192 -dp:workers 1 -dp:hpool 256 -nocheck -block_random -block_volume 1024 -d1 2 -d2 2 preimage -n 1000 -e 1000 -p 1 -s 4 -f 1 -b 4,"{""buffer_size"": ""4"", ""cpu_us"": ""91856"", ""d1"": ""2"", ""d2"": ""2"", ""gpu_us"": ""6660"", ""num_edges"": ""1000"", ""num_nodes"": ""1000"", ""num_pieces"": ""1"", ""num_spaces"": ""4"", ""op"": ""preimage"", ""sparse_factor"": ""1""}","{""d1"": ""2"", ""d2"": ""2"", ""gpu_host_fallback"": ""1"", ""gpu_input_rects"": ""2"", ""gpu_oom_backoffs"": ""2"", ""gpu_scratch_bytes"": ""53200000"", ""gpu_tiles"": ""2"", ""op"": ""preimage"", ""path"": ""ptrs""}",606,2,block_random,1024,6660,91856,ptrs
tile_sweep_publication,preimage,2d,dense,1,4,2,gpu_source,gpu_us,2,2,1,2,53200000,2,2,2,1000,1000,4,1,0,0.931368,/pscratch/sd/r/rchanani/realm/build_pm_deppart/tests/benchmark -ll:gpu 1 -ll:cpu 1 -ll:fsize 8192 -dp:workers 1 -dp:hpool 256 -nocheck -block_random -block_volume 1024 -dp:noisectopt -d1 2 -d2 2 preimage -n 1000 -e 1000 -p 1 -s 4 -f 1 -b 4,"{""buffer_size"": ""4"", ""cpu_us"": ""12168"", ""d1"": ""2"", ""d2"": ""2"", ""gpu_us"": ""7372"", ""num_edges"": ""1000"", ""num_nodes"": ""1000"", ""num_pieces"": ""1"", ""num_spaces"": ""4"", ""op"": ""preimage"", ""sparse_factor"": ""1""}","{""d1"": ""2"", ""d2"": ""2"", ""gpu_host_fallback"": ""1"", ""gpu_input_rects"": ""2"", ""gpu_oom_backoffs"": ""2"", ""gpu_scratch_bytes"": ""53200000"", ""gpu_tiles"": ""2"", ""op"": ""preimage"", ""path"": ""ptrs""}",607,3,block_random,1024,7372,12168,ptrs
tile_sweep_publication,preimage,2d,dense,1,5,2,cpu_source,cpu_us,2,2,1,2,66000000,2,2,2,1000,1000,4,1,0,0.997070,/pscratch/sd/r/rchanani/realm/build_pm_deppart/tests/benchmark -ll:gpu 1 -ll:cpu 1 -ll:fsize 8192 -dp:workers 1 -dp:hpool 256 -nocheck -block_random -block_volume 1024 -d1 2 -d2 2 preimage -n 1000 -e 1000 -p 1 -s 4 -f 1 -b 5,"{""buffer_size"": ""5"", ""cpu_us"": ""92461"", ""d1"": ""2"", ""d2"": ""2"", ""gpu_us"": ""7197"", ""num_edges"": ""1000"", ""num_nodes"": ""1000"", ""num_pieces"": ""1"", ""num_spaces"": ""4"", ""op"": ""preimage"", ""sparse_factor"": ""1""}","{""d1"": ""2"", ""d2"": ""2"", ""gpu_host_fallback"": ""1"", ""gpu_input_rects"": ""2"", ""gpu_oom_backoffs"": ""2"", ""gpu_scratch_bytes"": ""66000000"", ""gpu_tiles"": ""2"", ""op"": ""preimage"", ""path"": ""ptrs""}",608,0,block_random,1024,7197,92461,ptrs
tile_sweep_publication,preimage,2d,dense,1,5,2,gpu_source,gpu_us,2,2,1,2,66000000,2,2,2,1000,1000,4,1,0,1.074123,/pscratch/sd/r/rchanani/realm/build_pm_deppart/tests/benchmark -ll:gpu 1 -ll:cpu 1 -ll:fsize 8192 -dp:workers 1 -dp:hpool 256 -nocheck -block_random -block_volume 1024 -dp:noisectopt -d1 2 -d2 2 preimage -n 1000 -e 1000 -p 1 -s 4 -f 1 -b 5,"{""buffer_size"": ""5"", ""cpu_us"": ""12222"", ""d1"": ""2"", ""d2"": ""2"", ""gpu_us"": ""6869"", ""num_edges"": ""1000"", ""num_nodes"": ""1000"", ""num_pieces"": ""1"", ""num_spaces"": ""4"", ""op"": ""preimage"", ""sparse_factor"": ""1""}","{""d1"": ""2"", ""d2"": ""2"", ""gpu_host_fallback"": ""1"", ""gpu_input_rects"": ""2"", ""gpu_oom_backoffs"": ""2"", ""gpu_scratch_bytes"": ""66000000"", ""gpu_tiles"": ""2"", ""op"": ""preimage"", ""path"": ""ptrs""}",609,1,block_random,1024,6869,12222,ptrs
tile_sweep_publication,preimage,2d,dense,1,7,2,cpu_source,cpu_us,2,2,1,2,91600000,2,2,2,1000,1000,4,1,0,1.292711,/pscratch/sd/r/rchanani/realm/build_pm_deppart/tests/benchmark -ll:gpu 1 -ll:cpu 1 -ll:fsize 8192 -dp:workers 1 -dp:hpool 256 -nocheck -block_random -block_volume 1024 -d1 2 -d2 2 preimage -n 1000 -e 1000 -p 1 -s 4 -f 1 -b 7,"{""buffer_size"": ""7"", ""cpu_us"": ""91423"", ""d1"": ""2"", ""d2"": ""2"", ""gpu_us"": ""6900"", ""num_edges"": ""1000"", ""num_nodes"": ""1000"", ""num_pieces"": ""1"", ""num_spaces"": ""4"", ""op"": ""preimage"", ""sparse_factor"": ""1""}","{""d1"": ""2"", ""d2"": ""2"", ""gpu_host_fallback"": ""1"", ""gpu_input_rects"": ""2"", ""gpu_oom_backoffs"": ""2"", ""gpu_scratch_bytes"": ""91600000"", ""gpu_tiles"": ""2"", ""op"": ""preimage"", ""path"": ""ptrs""}",610,2,block_random,1024,6900,91423,ptrs
tile_sweep_publication,preimage,2d,dense,1,7,2,gpu_source,gpu_us,2,2,1,2,91600000,2,2,2,1000,1000,4,1,0,0.960021,/pscratch/sd/r/rchanani/realm/build_pm_deppart/tests/benchmark -ll:gpu 1 -ll:cpu 1 -ll:fsize 8192 -dp:workers 1 -dp:hpool 256 -nocheck -block_random -block_volume 1024 -dp:noisectopt -d1 2 -d2 2 preimage -n 1000 -e 1000 -p 1 -s 4 -f 1 -b 7,"{""buffer_size"": ""7"", ""cpu_us"": ""11904"", ""d1"": ""2"", ""d2"": ""2"", ""gpu_us"": ""7341"", ""num_edges"": ""1000"", ""num_nodes"": ""1000"", ""num_pieces"": ""1"", ""num_spaces"": ""4"", ""op"": ""preimage"", ""sparse_factor"": ""1""}","{""d1"": ""2"", ""d2"": ""2"", ""gpu_host_fallback"": ""1"", ""gpu_input_rects"": ""2"", ""gpu_oom_backoffs"": ""2"", ""gpu_scratch_bytes"": ""91600000"", ""gpu_tiles"": ""2"", ""op"": ""preimage"", ""path"": ""ptrs""}",611,3,block_random,1024,7341,11904,ptrs
tile_sweep_publication,preimage,2d,dense,1,10,2,cpu_source,cpu_us,1,0,0,1,130000000,2,2,2,1000,1000,4,1,0,0.993220,/pscratch/sd/r/rchanani/realm/build_pm_deppart/tests/benchmark -ll:gpu 1 -ll:cpu 1 -ll:fsize 8192 -dp:workers 1 -dp:hpool 256 -nocheck -block_random -block_volume 1024 -d1 2 -d2 2 preimage -n 1000 -e 1000 -p 1 -s 4 -f 1 -b 10,"{""buffer_size"": ""10"", ""cpu_us"": ""92043"", ""d1"": ""2"", ""d2"": ""2"", ""gpu_us"": ""2131"", ""num_edges"": ""1000"", ""num_nodes"": ""1000"", ""num_pieces"": ""1"", ""num_spaces"": ""4"", ""op"": ""preimage"", ""sparse_factor"": ""1""}","{""d1"": ""2"", ""d2"": ""2"", ""gpu_host_fallback"": ""0"", ""gpu_input_rects"": ""1"", ""gpu_oom_backoffs"": ""0"", ""gpu_scratch_bytes"": ""130000000"", ""gpu_tiles"": ""1"", ""op"": ""preimage"", ""path"": ""ptrs""}",612,0,block_random,1024,2131,92043,ptrs
tile_sweep_publication,preimage,2d,dense,1,10,2,gpu_source,gpu_us,1,0,0,1,130000000,2,2,2,1000,1000,4,1,0,1.041568,/pscratch/sd/r/rchanani/realm/build_pm_deppart/tests/benchmark -ll:gpu 1 -ll:cpu 1 -ll:fsize 8192 -dp:workers 1 -dp:hpool 256 -nocheck -block_random -block_volume 1024 -dp:noisectopt -d1 2 -d2 2 preimage -n 1000 -e 1000 -p 1 -s 4 -f 1 -b 10,"{""buffer_size"": ""10"", ""cpu_us"": ""12121"", ""d1"": ""2"", ""d2"": ""2"", ""gpu_us"": ""2102"", ""num_edges"": ""1000"", ""num_nodes"": ""1000"", ""num_pieces"": ""1"", ""num_spaces"": ""4"", ""op"": ""preimage"", ""sparse_factor"": ""1""}","{""d1"": ""2"", ""d2"": ""2"", ""gpu_host_fallback"": ""0"", ""gpu_input_rects"": ""1"", ""gpu_oom_backoffs"": ""0"", ""gpu_scratch_bytes"": ""130000000"", ""gpu_tiles"": ""1"", ""op"": ""preimage"", ""path"": ""ptrs""}",613,1,block_random,1024,2102,12121,ptrs
tile_sweep_publication,preimage,2d,dense,1,15,2,cpu_source,cpu_us,1,0,0,1,194000000,2,2,2,1000,1000,4,1,0,1.144594,/pscratch/sd/r/rchanani/realm/build_pm_deppart/tests/benchmark -ll:gpu 1 -ll:cpu 1 -ll:fsize 8192 -dp:workers 1 -dp:hpool 256 -nocheck -block_random -block_volume 1024 -d1 2 -d2 2 preimage -n 1000 -e 1000 -p 1 -s 4 -f 1 -b 15,"{""buffer_size"": ""15"", ""cpu_us"": ""91775"", ""d1"": ""2"", ""d2"": ""2"", ""gpu_us"": ""2032"", ""num_edges"": ""1000"", ""num_nodes"": ""1000"", ""num_pieces"": ""1"", ""num_spaces"": ""4"", ""op"": ""preimage"", ""sparse_factor"": ""1""}","{""d1"": ""2"", ""d2"": ""2"", ""gpu_host_fallback"": ""0"", ""gpu_input_rects"": ""1"", ""gpu_oom_backoffs"": ""0"", ""gpu_scratch_bytes"": ""194000000"", ""gpu_tiles"": ""1"", ""op"": ""preimage"", ""path"": ""ptrs""}",614,2,block_random,1024,2032,91775,ptrs
tile_sweep_publication,preimage,2d,dense,1,15,2,gpu_source,gpu_us,1,0,0,1,194000000,2,2,2,1000,1000,4,1,0,0.919987,/pscratch/sd/r/rchanani/realm/build_pm_deppart/tests/benchmark -ll:gpu 1 -ll:cpu 1 -ll:fsize 8192 -dp:workers 1 -dp:hpool 256 -nocheck -block_random -block_volume 1024 -dp:noisectopt -d1 2 -d2 2 preimage -n 1000 -e 1000 -p 1 -s 4 -f 1 -b 15,"{""buffer_size"": ""15"", ""cpu_us"": ""12129"", ""d1"": ""2"", ""d2"": ""2"", ""gpu_us"": ""2162"", ""num_edges"": ""1000"", ""num_nodes"": ""1000"", ""num_pieces"": ""1"", ""num_spaces"": ""4"", ""op"": ""preimage"", ""sparse_factor"": ""1""}","{""d1"": ""2"", ""d2"": ""2"", ""gpu_host_fallback"": ""0"", ""gpu_input_rects"": ""1"", ""gpu_oom_backoffs"": ""0"", ""gpu_scratch_bytes"": ""194000000"", ""gpu_tiles"": ""1"", ""op"": ""preimage"", ""path"": ""ptrs""}",615,3,block_random,1024,2162,12129,ptrs
tile_sweep_publication,preimage,2d,dense,1,20,2,cpu_source,cpu_us,1,0,0,1,258000000,2,2,2,1000,1000,4,1,0,1.038285,/pscratch/sd/r/rchanani/realm/build_pm_deppart/tests/benchmark -ll:gpu 1 -ll:cpu 1 -ll:fsize 8192 -dp:workers 1 -dp:hpool 256 -nocheck -block_random -block_volume 1024 -d1 2 -d2 2 preimage -n 1000 -e 1000 -p 1 -s 4 -f 1 -b 20,"{""buffer_size"": ""20"", ""cpu_us"": ""91850"", ""d1"": ""2"", ""d2"": ""2"", ""gpu_us"": ""2140"", ""num_edges"": ""1000"", ""num_nodes"": ""1000"", ""num_pieces"": ""1"", ""num_spaces"": ""4"", ""op"": ""preimage"", ""sparse_factor"": ""1""}","{""d1"": ""2"", ""d2"": ""2"", ""gpu_host_fallback"": ""0"", ""gpu_input_rects"": ""1"", ""gpu_oom_backoffs"": ""0"", ""gpu_scratch_bytes"": ""258000000"", ""gpu_tiles"": ""1"", ""op"": ""preimage"", ""path"": ""ptrs""}",616,0,block_random,1024,2140,91850,ptrs
tile_sweep_publication,preimage,2d,dense,1,20,2,gpu_source,gpu_us,1,0,0,1,258000000,2,2,2,1000,1000,4,1,0,1.160027,/pscratch/sd/r/rchanani/realm/build_pm_deppart/tests/benchmark -ll:gpu 1 -ll:cpu 1 -ll:fsize 8192 -dp:workers 1 -dp:hpool 256 -nocheck -block_random -block_volume 1024 -dp:noisectopt -d1 2 -d2 2 preimage -n 1000 -e 1000 -p 1 -s 4 -f 1 -b 20,"{""buffer_size"": ""20"", ""cpu_us"": ""12109"", ""d1"": ""2"", ""d2"": ""2"", ""gpu_us"": ""2077"", ""num_edges"": ""1000"", ""num_nodes"": ""1000"", ""num_pieces"": ""1"", ""num_spaces"": ""4"", ""op"": ""preimage"", ""sparse_factor"": ""1""}","{""d1"": ""2"", ""d2"": ""2"", ""gpu_host_fallback"": ""0"", ""gpu_input_rects"": ""1"", ""gpu_oom_backoffs"": ""0"", ""gpu_scratch_bytes"": ""258000000"", ""gpu_tiles"": ""1"", ""op"": ""preimage"", ""path"": ""ptrs""}",617,1,block_random,1024,2077,12109,ptrs
tile_sweep_publication,preimage,2d,dense,1,25,2,cpu_source,cpu_us,1,0,0,1,322000000,2,2,2,1000,1000,4,1,0,1.274330,/pscratch/sd/r/rchanani/realm/build_pm_deppart/tests/benchmark -ll:gpu 1 -ll:cpu 1 -ll:fsize 8192 -dp:workers 1 -dp:hpool 256 -nocheck -block_random -block_volume 1024 -d1 2 -d2 2 preimage -n 1000 -e 1000 -p 1 -s 4 -f 1 -b 25,"{""buffer_size"": ""25"", ""cpu_us"": ""92099"", ""d1"": ""2"", ""d2"": ""2"", ""gpu_us"": ""2030"", ""num_edges"": ""1000"", ""num_nodes"": ""1000"", ""num_pieces"": ""1"", ""num_spaces"": ""4"", ""op"": ""preimage"", ""sparse_factor"": ""1""}","{""d1"": ""2"", ""d2"": ""2"", ""gpu_host_fallback"": ""0"", ""gpu_input_rects"": ""1"", ""gpu_oom_backoffs"": ""0"", ""gpu_scratch_bytes"": ""322000000"", ""gpu_tiles"": ""1"", ""op"": ""preimage"", ""path"": ""ptrs""}",618,2,block_random,1024,2030,92099,ptrs
tile_sweep_publication,preimage,2d,dense,1,25,2,gpu_source,gpu_us,1,0,0,1,322000000,2,2,2,1000,1000,4,1,0,0.923574,/pscratch/sd/r/rchanani/realm/build_pm_deppart/tests/benchmark -ll:gpu 1 -ll:cpu 1 -ll:fsize 8192 -dp:workers 1 -dp:hpool 256 -nocheck -block_random -block_volume 1024 -dp:noisectopt -d1 2 -d2 2 preimage -n 1000 -e 1000 -p 1 -s 4 -f 1 -b 25,"{""buffer_size"": ""25"", ""cpu_us"": ""12318"", ""d1"": ""2"", ""d2"": ""2"", ""gpu_us"": ""2130"", ""num_edges"": ""1000"", ""num_nodes"": ""1000"", ""num_pieces"": ""1"", ""num_spaces"": ""4"", ""op"": ""preimage"", ""sparse_factor"": ""1""}","{""d1"": ""2"", ""d2"": ""2"", ""gpu_host_fallback"": ""0"", ""gpu_input_rects"": ""1"", ""gpu_oom_backoffs"": ""0"", ""gpu_scratch_bytes"": ""322000000"", ""gpu_tiles"": ""1"", ""op"": ""preimage"", ""path"": ""ptrs""}",619,3,block_random,1024,2130,12318,ptrs
tile_sweep_publication,preimage,2d,dense,1,30,2,cpu_source,cpu_us,1,0,0,1,386000000,2,2,2,1000,1000,4,1,0,0.982687,/pscratch/sd/r/rchanani/realm/build_pm_deppart/tests/benchmark -ll:gpu 1 -ll:cpu 1 -ll:fsize 8192 -dp:workers 1 -dp:hpool 256 -nocheck -block_random -block_volume 1024 -d1 2 -d2 2 preimage -n 1000 -e 1000 -p 1 -s 4 -f 1 -b 30,"{""buffer_size"": ""30"", ""cpu_us"": ""91345"", ""d1"": ""2"", ""d2"": ""2"", ""gpu_us"": ""2119"", ""num_edges"": ""1000"", ""num_nodes"": ""1000"", ""num_pieces"": ""1"", ""num_spaces"": ""4"", ""op"": ""preimage"", ""sparse_factor"": ""1""}","{""d1"": ""2"", ""d2"": ""2"", ""gpu_host_fallback"": ""0"", ""gpu_input_rects"": ""1"", ""gpu_oom_backoffs"": ""0"", ""gpu_scratch_bytes"": ""386000000"", ""gpu_tiles"": ""1"", ""op"": ""preimage"", ""path"": ""ptrs""}",620,0,block_random,1024,2119,91345,ptrs
tile_sweep_publication,preimage,2d,dense,1,30,2,gpu_source,gpu_us,1,0,0,1,386000000,2,2,2,1000,1000,4,1,0,1.028007,/pscratch/sd/r/rchanani/realm/build_pm_deppart/tests/benchmark -ll:gpu 1 -ll:cpu 1 -ll:fsize 8192 -dp:workers 1 -dp:hpool 256 -nocheck -block_random -block_volume 1024 -dp:noisectopt -d1 2 -d2 2 preimage -n 1000 -e 1000 -p 1 -s 4 -f 1 -b 30,"{""buffer_size"": ""30"", ""cpu_us"": ""12142"", ""d1"": ""2"", ""d2"": ""2"", ""gpu_us"": ""2169"", ""num_edges"": ""1000"", ""num_nodes"": ""1000"", ""num_pieces"": ""1"", ""num_spaces"": ""4"", ""op"": ""preimage"", ""sparse_factor"": ""1""}","{""d1"": ""2"", ""d2"": ""2"", ""gpu_host_fallback"": ""0"", ""gpu_input_rects"": ""1"", ""gpu_oom_backoffs"": ""0"", ""gpu_scratch_bytes"": ""386000000"", ""gpu_tiles"": ""1"", ""op"": ""preimage"", ""path"": ""ptrs""}",621,1,block_random,1024,2169,12142,ptrs
tile_sweep_publication,preimage,2d,dense,1,40,2,cpu_source,cpu_us,1,0,0,1,514000000,2,2,2,1000,1000,4,1,0,1.159910,/pscratch/sd/r/rchanani/realm/build_pm_deppart/tests/benchmark -ll:gpu 1 -ll:cpu 1 -ll:fsize 8192 -dp:workers 1 -dp:hpool 256 -nocheck -block_random -block_volume 1024 -d1 2 -d2 2 preimage -n 1000 -e 1000 -p 1 -s 4 -f 1 -b 40,"{""buffer_size"": ""40"", ""cpu_us"": ""92774"", ""d1"": ""2"", ""d2"": ""2"", ""gpu_us"": ""2390"", ""num_edges"": ""1000"", ""num_nodes"": ""1000"", ""num_pieces"": ""1"", ""num_spaces"": ""4"", ""op"": ""preimage"", ""sparse_factor"": ""1""}","{""d1"": ""2"", ""d2"": ""2"", ""gpu_host_fallback"": ""0"", ""gpu_input_rects"": ""1"", ""gpu_oom_backoffs"": ""0"", ""gpu_scratch_bytes"": ""514000000"", ""gpu_tiles"": ""1"", ""op"": ""preimage"", ""path"": ""ptrs""}",622,2,block_random,1024,2390,92774,ptrs
tile_sweep_publication,preimage,2d,dense,1,40,2,gpu_source,gpu_us,1,0,0,1,514000000,2,2,2,1000,1000,4,1,0,0.923337,/pscratch/sd/r/rchanani/realm/build_pm_deppart/tests/benchmark -ll:gpu 1 -ll:cpu 1 -ll:fsize 8192 -dp:workers 1 -dp:hpool 256 -nocheck -block_random -block_volume 1024 -dp:noisectopt -d1 2 -d2 2 preimage -n 1000 -e 1000 -p 1 -s 4 -f 1 -b 40,"{""buffer_size"": ""40"", ""cpu_us"": ""12398"", ""d1"": ""2"", ""d2"": ""2"", ""gpu_us"": ""2108"", ""num_edges"": ""1000"", ""num_nodes"": ""1000"", ""num_pieces"": ""1"", ""num_spaces"": ""4"", ""op"": ""preimage"", ""sparse_factor"": ""1""}","{""d1"": ""2"", ""d2"": ""2"", ""gpu_host_fallback"": ""0"", ""gpu_input_rects"": ""1"", ""gpu_oom_backoffs"": ""0"", ""gpu_scratch_bytes"": ""514000000"", ""gpu_tiles"": ""1"", ""op"": ""preimage"", ""path"": ""ptrs""}",623,3,block_random,1024,2108,12398,ptrs
tile_sweep_publication,preimage,2d,dense,1,50,2,cpu_source,cpu_us,1,0,0,1,642000000,2,2,2,1000,1000,4,1,0,0.986253,/pscratch/sd/r/rchanani/realm/build_pm_deppart/tests/benchmark -ll:gpu 1 -ll:cpu 1 -ll:fsize 8192 -dp:workers 1 -dp:hpool 256 -nocheck -block_random -block_volume 1024 -d1 2 -d2 2 preimage -n 1000 -e 1000 -p 1 -s 4 -f 1 -b 50,"{""buffer_size"": ""50"", ""cpu_us"": ""91333"", ""d1"": ""2"", ""d2"": ""2"", ""gpu_us"": ""2143"", ""num_edges"": ""1000"", ""num_nodes"": ""1000"", ""num_pieces"": ""1"", ""num_spaces"": ""4"", ""op"": ""preimage"", ""sparse_factor"": ""1""}","{""d1"": ""2"", ""d2"": ""2"", ""gpu_host_fallback"": ""0"", ""gpu_input_rects"": ""1"", ""gpu_oom_backoffs"": ""0"", ""gpu_scratch_bytes"": ""642000000"", ""gpu_tiles"": ""1"", ""op"": ""preimage"", ""path"": ""ptrs""}",624,0,block_random,1024,2143,91333,ptrs
tile_sweep_publication,preimage,2d,dense,1,50,2,gpu_source,gpu_us,1,0,0,1,642000000,2,2,2,1000,1000,4,1,0,1.070075,/pscratch/sd/r/rchanani/realm/build_pm_deppart/tests/benchmark -ll:gpu 1 -ll:cpu 1 -ll:fsize 8192 -dp:workers 1 -dp:hpool 256 -nocheck -block_random -block_volume 1024 -dp:noisectopt -d1 2 -d2 2 preimage -n 1000 -e 1000 -p 1 -s 4 -f 1 -b 50,"{""buffer_size"": ""50"", ""cpu_us"": ""12332"", ""d1"": ""2"", ""d2"": ""2"", ""gpu_us"": ""2092"", ""num_edges"": ""1000"", ""num_nodes"": ""1000"", ""num_pieces"": ""1"", ""num_spaces"": ""4"", ""op"": ""preimage"", ""sparse_factor"": ""1""}","{""d1"": ""2"", ""d2"": ""2"", ""gpu_host_fallback"": ""0"", ""gpu_input_rects"": ""1"", ""gpu_oom_backoffs"": ""0"", ""gpu_scratch_bytes"": ""642000000"", ""gpu_tiles"": ""1"", ""op"": ""preimage"", ""path"": ""ptrs""}",625,1,block_random,1024,2092,12332,ptrs
tile_sweep_publication,preimage,2d,dense,1,75,2,cpu_source,cpu_us,1,0,0,1,962000000,2,2,2,1000,1000,4,1,0,1.250908,/pscratch/sd/r/rchanani/realm/build_pm_deppart/tests/benchmark -ll:gpu 1 -ll:cpu 1 -ll:fsize 8192 -dp:workers 1 -dp:hpool 256 -nocheck -block_random -block_volume 1024 -d1 2 -d2 2 preimage -n 1000 -e 1000 -p 1 -s 4 -f 1 -b 75,"{""buffer_size"": ""75"", ""cpu_us"": ""93165"", ""d1"": ""2"", ""d2"": ""2"", ""gpu_us"": ""2066"", ""num_edges"": ""1000"", ""num_nodes"": ""1000"", ""num_pieces"": ""1"", ""num_spaces"": ""4"", ""op"": ""preimage"", ""sparse_factor"": ""1""}","{""d1"": ""2"", ""d2"": ""2"", ""gpu_host_fallback"": ""0"", ""gpu_input_rects"": ""1"", ""gpu_oom_backoffs"": ""0"", ""gpu_scratch_bytes"": ""962000000"", ""gpu_tiles"": ""1"", ""op"": ""preimage"", ""path"": ""ptrs""}",626,2,block_random,1024,2066,93165,ptrs
tile_sweep_publication,preimage,2d,dense,1,75,2,gpu_source,gpu_us,1,0,0,1,962000000,2,2,2,1000,1000,4,1,0,0.908587,/pscratch/sd/r/rchanani/realm/build_pm_deppart/tests/benchmark -ll:gpu 1 -ll:cpu 1 -ll:fsize 8192 -dp:workers 1 -dp:hpool 256 -nocheck -block_random -block_volume 1024 -dp:noisectopt -d1 2 -d2 2 preimage -n 1000 -e 1000 -p 1 -s 4 -f 1 -b 75,"{""buffer_size"": ""75"", ""cpu_us"": ""12458"", ""d1"": ""2"", ""d2"": ""2"", ""gpu_us"": ""2251"", ""num_edges"": ""1000"", ""num_nodes"": ""1000"", ""num_pieces"": ""1"", ""num_spaces"": ""4"", ""op"": ""preimage"", ""sparse_factor"": ""1""}","{""d1"": ""2"", ""d2"": ""2"", ""gpu_host_fallback"": ""0"", ""gpu_input_rects"": ""1"", ""gpu_oom_backoffs"": ""0"", ""gpu_scratch_bytes"": ""962000000"", ""gpu_tiles"": ""1"", ""op"": ""preimage"", ""path"": ""ptrs""}",627,3,block_random,1024,2251,12458,ptrs
tile_sweep_publication,preimage,2d,dense,1,100,2,cpu_source,cpu_us,1,0,0,1,1282000000,2,2,2,1000,1000,4,1,0,0.993567,/pscratch/sd/r/rchanani/realm/build_pm_deppart/tests/benchmark -ll:gpu 1 -ll:cpu 1 -ll:fsize 8192 -dp:workers 1 -dp:hpool 256 -nocheck -block_random -block_volume 1024 -d1 2 -d2 2 preimage -n 1000 -e 1000 -p 1 -s 4 -f 1 -b 100,"{""buffer_size"": ""100"", ""cpu_us"": ""90875"", ""d1"": ""2"", ""d2"": ""2"", ""gpu_us"": ""2185"", ""num_edges"": ""1000"", ""num_nodes"": ""1000"", ""num_pieces"": ""1"", ""num_spaces"": ""4"", ""op"": ""preimage"", ""sparse_factor"": ""1""}","{""d1"": ""2"", ""d2"": ""2"", ""gpu_host_fallback"": ""0"", ""gpu_input_rects"": ""1"", ""gpu_oom_backoffs"": ""0"", ""gpu_scratch_bytes"": ""1282000000"", ""gpu_tiles"": ""1"", ""op"": ""preimage"", ""path"": ""ptrs""}",628,0,block_random,1024,2185,90875,ptrs
tile_sweep_publication,preimage,2d,dense,1,100,2,gpu_source,gpu_us,1,0,0,1,1282000000,2,2,2,1000,1000,4,1,0,1.041782,/pscratch/sd/r/rchanani/realm/build_pm_deppart/tests/benchmark -ll:gpu 1 -ll:cpu 1 -ll:fsize 8192 -dp:workers 1 -dp:hpool 256 -nocheck -block_random -block_volume 1024 -dp:noisectopt -d1 2 -d2 2 preimage -n 1000 -e 1000 -p 1 -s 4 -f 1 -b 100,"{""buffer_size"": ""100"", ""cpu_us"": ""12477"", ""d1"": ""2"", ""d2"": ""2"", ""gpu_us"": ""2216"", ""num_edges"": ""1000"", ""num_nodes"": ""1000"", ""num_pieces"": ""1"", ""num_spaces"": ""4"", ""op"": ""preimage"", ""sparse_factor"": ""1""}","{""d1"": ""2"", ""d2"": ""2"", ""gpu_host_fallback"": ""0"", ""gpu_input_rects"": ""1"", ""gpu_oom_backoffs"": ""0"", ""gpu_scratch_bytes"": ""1282000000"", ""gpu_tiles"": ""1"", ""op"": ""preimage"", ""path"": ""ptrs""}",629,1,block_random,1024,2216,12477,ptrs
tile_sweep_publication,preimage,2d,sparse,5,1,2,cpu_source,cpu_us,1,0,0,1,31744128,2,2,2,1000,1000,4,1,0,1.901807,/pscratch/sd/r/rchanani/realm/build_pm_deppart/tests/benchmark -ll:gpu 1 -ll:cpu 1 -ll:fsize 8192 -dp:workers 1 -dp:hpool 256 -nocheck -block_random -block_volume 1024 -d1 2 -d2 2 preimage -n 1000 -e 1000 -p 1 -s 4 -f 5 -b 1,"{""buffer_size"": ""1"", ""cpu_us"": ""666793"", ""d1"": ""2"", ""d2"": ""2"", ""gpu_us"": ""3513"", ""num_edges"": ""1000"", ""num_nodes"": ""1000"", ""num_pieces"": ""1"", ""num_spaces"": ""4"", ""op"": ""preimage"", ""sparse_factor"": ""5""}","{""d1"": ""2"", ""d2"": ""2"", ""gpu_host_fallback"": ""0"", ""gpu_input_rects"": ""1"", ""gpu_oom_backoffs"": ""0"", ""gpu_scratch_bytes"": ""31744128"", ""gpu_tiles"": ""1"", ""op"": ""preimage"", ""path"": ""ptrs""}",630,2,block_random,1024,3513,666793,ptrs
tile_sweep_publication,preimage,2d,sparse,5,1,2,gpu_source,gpu_us,1,0,0,1,31744128,2,2,2,1000,1000,4,1,0,1.560341,/pscratch/sd/r/rchanani/realm/build_pm_deppart/tests/benchmark -ll:gpu 1 -ll:cpu 1 -ll:fsize 8192 -dp:workers 1 -dp:hpool 256 -nocheck -block_random -block_volume 1024 -dp:noisectopt -d1 2 -d2 2 preimage -n 1000 -e 1000 -p 1 -s 4 -f 5 -b 1,"{""buffer_size"": ""1"", ""cpu_us"": ""580002"", ""d1"": ""2"", ""d2"": ""2"", ""gpu_us"": ""4187"", ""num_edges"": ""1000"", ""num_nodes"": ""1000"", ""num_pieces"": ""1"", ""num_spaces"": ""4"", ""op"": ""preimage"", ""sparse_factor"": ""5""}","{""d1"": ""2"", ""d2"": ""2"", ""gpu_host_fallback"": ""0"", ""gpu_input_rects"": ""1"", ""gpu_oom_backoffs"": ""0"", ""gpu_scratch_bytes"": ""31744128"", ""gpu_tiles"": ""1"", ""op"": ""preimage"", ""path"": ""ptrs""}",631,3,block_random,1024,4187,580002,ptrs
tile_sweep_publication,preimage,2d,sparse,5,2,2,cpu_source,cpu_us,1,0,0,1,44544128,2,2,2,1000,1000,4,1,0,1.631670,/pscratch/sd/r/rchanani/realm/build_pm_deppart/tests/benchmark -ll:gpu 1 -ll:cpu 1 -ll:fsize 8192 -dp:workers 1 -dp:hpool 256 -nocheck -block_random -block_volume 1024 -d1 2 -d2 2 preimage -n 1000 -e 1000 -p 1 -s 4 -f 5 -b 2,"{""buffer_size"": ""2"", ""cpu_us"": ""659422"", ""d1"": ""2"", ""d2"": ""2"", ""gpu_us"": ""3802"", ""num_edges"": ""1000"", ""num_nodes"": ""1000"", ""num_pieces"": ""1"", ""num_spaces"": ""4"", ""op"": ""preimage"", ""sparse_factor"": ""5""}","{""d1"": ""2"", ""d2"": ""2"", ""gpu_host_fallback"": ""0"", ""gpu_input_rects"": ""1"", ""gpu_oom_backoffs"": ""0"", ""gpu_scratch_bytes"": ""44544128"", ""gpu_tiles"": ""1"", ""op"": ""preimage"", ""path"": ""ptrs""}",632,0,block_random,1024,3802,659422,ptrs
tile_sweep_publication,preimage,2d,sparse,5,2,2,gpu_source,gpu_us,1,0,0,1,44544128,2,2,2,1000,1000,4,1,0,1.801587,/pscratch/sd/r/rchanani/realm/build_pm_deppart/tests/benchmark -ll:gpu 1 -ll:cpu 1 -ll:fsize 8192 -dp:workers 1 -dp:hpool 256 -nocheck -block_random -block_volume 1024 -dp:noisectopt -d1 2 -d2 2 preimage -n 1000 -e 1000 -p 1 -s 4 -f 5 -b 2,"{""buffer_size"": ""2"", ""cpu_us"": ""581637"", ""d1"": ""2"", ""d2"": ""2"", ""gpu_us"": ""3376"", ""num_edges"": ""1000"", ""num_nodes"": ""1000"", ""num_pieces"": ""1"", ""num_spaces"": ""4"", ""op"": ""preimage"", ""sparse_factor"": ""5""}","{""d1"": ""2"", ""d2"": ""2"", ""gpu_host_fallback"": ""0"", ""gpu_input_rects"": ""1"", ""gpu_oom_backoffs"": ""0"", ""gpu_scratch_bytes"": ""44544128"", ""gpu_tiles"": ""1"", ""op"": ""preimage"", ""path"": ""ptrs""}",633,1,block_random,1024,3376,581637,ptrs
tile_sweep_publication,preimage,2d,sparse,5,3,2,cpu_source,cpu_us,1,0,0,1,57344128,2,2,2,1000,1000,4,1,0,1.667710,/pscratch/sd/r/rchanani/realm/build_pm_deppart/tests/benchmark -ll:gpu 1 -ll:cpu 1 -ll:fsize 8192 -dp:workers 1 -dp:hpool 256 -nocheck -block_random -block_volume 1024 -d1 2 -d2 2 preimage -n 1000 -e 1000 -p 1 -s 4 -f 5 -b 3,"{""buffer_size"": ""3"", ""cpu_us"": ""656375"", ""d1"": ""2"", ""d2"": ""2"", ""gpu_us"": ""3461"", ""num_edges"": ""1000"", ""num_nodes"": ""1000"", ""num_pieces"": ""1"", ""num_spaces"": ""4"", ""op"": ""preimage"", ""sparse_factor"": ""5""}","{""d1"": ""2"", ""d2"": ""2"", ""gpu_host_fallback"": ""0"", ""gpu_input_rects"": ""1"", ""gpu_oom_backoffs"": ""0"", ""gpu_scratch_bytes"": ""57344128"", ""gpu_tiles"": ""1"", ""op"": ""preimage"", ""path"": ""ptrs""}",634,2,block_random,1024,3461,656375,ptrs
tile_sweep_publication,preimage,2d,sparse,5,3,2,gpu_source,gpu_us,1,0,0,1,57344128,2,2,2,1000,1000,4,1,0,1.560173,/pscratch/sd/r/rchanani/realm/build_pm_deppart/tests/benchmark -ll:gpu 1 -ll:cpu 1 -ll:fsize 8192 -dp:workers 1 -dp:hpool 256 -nocheck -block_random -block_volume 1024 -dp:noisectopt -d1 2 -d2 2 preimage -n 1000 -e 1000 -p 1 -s 4 -f 5 -b 3,"{""buffer_size"": ""3"", ""cpu_us"": ""583820"", ""d1"": ""2"", ""d2"": ""2"", ""gpu_us"": ""3838"", ""num_edges"": ""1000"", ""num_nodes"": ""1000"", ""num_pieces"": ""1"", ""num_spaces"": ""4"", ""op"": ""preimage"", ""sparse_factor"": ""5""}","{""d1"": ""2"", ""d2"": ""2"", ""gpu_host_fallback"": ""0"", ""gpu_input_rects"": ""1"", ""gpu_oom_backoffs"": ""0"", ""gpu_scratch_bytes"": ""57344128"", ""gpu_tiles"": ""1"", ""op"": ""preimage"", ""path"": ""ptrs""}",635,3,block_random,1024,3838,583820,ptrs
tile_sweep_publication,preimage,2d,sparse,5,4,2,cpu_source,cpu_us,1,0,0,1,70144128,2,2,2,1000,1000,4,1,0,1.628381,/pscratch/sd/r/rchanani/realm/build_pm_deppart/tests/benchmark -ll:gpu 1 -ll:cpu 1 -ll:fsize 8192 -dp:workers 1 -dp:hpool 256 -nocheck -block_random -block_volume 1024 -d1 2 -d2 2 preimage -n 1000 -e 1000 -p 1 -s 4 -f 5 -b 4,"{""buffer_size"": ""4"", ""cpu_us"": ""661270"", ""d1"": ""2"", ""d2"": ""2"", ""gpu_us"": ""4271"", ""num_edges"": ""1000"", ""num_nodes"": ""1000"", ""num_pieces"": ""1"", ""num_spaces"": ""4"", ""op"": ""preimage"", ""sparse_factor"": ""5""}","{""d1"": ""2"", ""d2"": ""2"", ""gpu_host_fallback"": ""0"", ""gpu_input_rects"": ""1"", ""gpu_oom_backoffs"": ""0"", ""gpu_scratch_bytes"": ""70144128"", ""gpu_tiles"": ""1"", ""op"": ""preimage"", ""path"": ""ptrs""}",636,0,block_random,1024,4271,661270,ptrs
tile_sweep_publication,preimage,2d,sparse,5,4,2,gpu_source,gpu_us,1,0,0,1,70144128,2,2,2,1000,1000,4,1,0,1.712892,/pscratch/sd/r/rchanani/realm/build_pm_deppart/tests/benchmark -ll:gpu 1 -ll:cpu 1 -ll:fsize 8192 -dp:workers 1 -dp:hpool 256 -nocheck -block_random -block_volume 1024 -dp:noisectopt -d1 2 -d2 2 preimage -n 1000 -e 1000 -p 1 -s 4 -f 5 -b 4,"{""buffer_size"": ""4"", ""cpu_us"": ""582013"", ""d1"": ""2"", ""d2"": ""2"", ""gpu_us"": ""3536"", ""num_edges"": ""1000"", ""num_nodes"": ""1000"", ""num_pieces"": ""1"", ""num_spaces"": ""4"", ""op"": ""preimage"", ""sparse_factor"": ""5""}","{""d1"": ""2"", ""d2"": ""2"", ""gpu_host_fallback"": ""0"", ""gpu_input_rects"": ""1"", ""gpu_oom_backoffs"": ""0"", ""gpu_scratch_bytes"": ""70144128"", ""gpu_tiles"": ""1"", ""op"": ""preimage"", ""path"": ""ptrs""}",637,1,block_random,1024,3536,582013,ptrs
tile_sweep_publication,preimage,2d,sparse,5,5,2,cpu_source,cpu_us,1,0,0,1,82944128,2,2,2,1000,1000,4,1,0,1.807582,/pscratch/sd/r/rchanani/realm/build_pm_deppart/tests/benchmark -ll:gpu 1 -ll:cpu 1 -ll:fsize 8192 -dp:workers 1 -dp:hpool 256 -nocheck -block_random -block_volume 1024 -d1 2 -d2 2 preimage -n 1000 -e 1000 -p 1 -s 4 -f 5 -b 5,"{""buffer_size"": ""5"", ""cpu_us"": ""673896"", ""d1"": ""2"", ""d2"": ""2"", ""gpu_us"": ""3721"", ""num_edges"": ""1000"", ""num_nodes"": ""1000"", ""num_pieces"": ""1"", ""num_spaces"": ""4"", ""op"": ""preimage"", ""sparse_factor"": ""5""}","{""d1"": ""2"", ""d2"": ""2"", ""gpu_host_fallback"": ""0"", ""gpu_input_rects"": ""1"", ""gpu_oom_backoffs"": ""0"", ""gpu_scratch_bytes"": ""82944128"", ""gpu_tiles"": ""1"", ""op"": ""preimage"", ""path"": ""ptrs""}",638,2,block_random,1024,3721,673896,ptrs
tile_sweep_publication,preimage,2d,sparse,5,5,2,gpu_source,gpu_us,1,0,0,1,82944128,2,2,2,1000,1000,4,1,0,1.569025,/pscratch/sd/r/rchanani/realm/build_pm_deppart/tests/benchmark -ll:gpu 1 -ll:cpu 1 -ll:fsize 8192 -dp:workers 1 -dp:hpool 256 -nocheck -block_random -block_volume 1024 -dp:noisectopt -d1 2 -d2 2 preimage -n 1000 -e 1000 -p 1 -s 4 -f 5 -b 5,"{""buffer_size"": ""5"", ""cpu_us"": ""590872"", ""d1"": ""2"", ""d2"": ""2"", ""gpu_us"": ""3771"", ""num_edges"": ""1000"", ""num_nodes"": ""1000"", ""num_pieces"": ""1"", ""num_spaces"": ""4"", ""op"": ""preimage"", ""sparse_factor"": ""5""}","{""d1"": ""2"", ""d2"": ""2"", ""gpu_host_fallback"": ""0"", ""gpu_input_rects"": ""1"", ""gpu_oom_backoffs"": ""0"", ""gpu_scratch_bytes"": ""82944128"", ""gpu_tiles"": ""1"", ""op"": ""preimage"", ""path"": ""ptrs""}",639,3,block_random,1024,3771,590872,ptrs
tile_sweep_publication,preimage,2d,sparse,5,7,2,cpu_source,cpu_us,1,0,0,1,108544128,2,2,2,1000,1000,4,1,0,1.635226,/pscratch/sd/r/rchanani/realm/build_pm_deppart/tests/benchmark -ll:gpu 1 -ll:cpu 1 -ll:fsize 8192 -dp:workers 1 -dp:hpool 256 -nocheck -block_random -block_volume 1024 -d1 2 -d2 2 preimage -n 1000 -e 1000 -p 1 -s 4 -f 5 -b 7,"{""buffer_size"": ""7"", ""cpu_us"": ""664058"", ""d1"": ""2"", ""d2"": ""2"", ""gpu_us"": ""3795"", ""num_edges"": ""1000"", ""num_nodes"": ""1000"", ""num_pieces"": ""1"", ""num_spaces"": ""4"", ""op"": ""preimage"", ""sparse_factor"": ""5""}","{""d1"": ""2"", ""d2"": ""2"", ""gpu_host_fallback"": ""0"", ""gpu_input_rects"": ""1"", ""gpu_oom_backoffs"": ""0"", ""gpu_scratch_bytes"": ""108544128"", ""gpu_tiles"": ""1"", ""op"": ""preimage"", ""path"": ""ptrs""}",640,0,block_random,1024,3795,664058,ptrs
tile_sweep_publication,preimage,2d,sparse,5,7,2,gpu_source,gpu_us,1,0,0,1,108544128,2,2,2,1000,1000,4,1,0,1.758726,/pscratch/sd/r/rchanani/realm/build_pm_deppart/tests/benchmark -ll:gpu 1 -ll:cpu 1 -ll:fsize 8192 -dp:workers 1 -dp:hpool 256 -nocheck -block_random -block_volume 1024 -dp:noisectopt -d1 2 -d2 2 preimage -n 1000 -e 1000 -p 1 -s 4 -f 5 -b 7,"{""buffer_size"": ""7"", ""cpu_us"": ""584473"", ""d1"": ""2"", ""d2"": ""2"", ""gpu_us"": ""3553"", ""num_edges"": ""1000"", ""num_nodes"": ""1000"", ""num_pieces"": ""1"", ""num_spaces"": ""4"", ""op"": ""preimage"", ""sparse_factor"": ""5""}","{""d1"": ""2"", ""d2"": ""2"", ""gpu_host_fallback"": ""0"", ""gpu_input_rects"": ""1"", ""gpu_oom_backoffs"": ""0"", ""gpu_scratch_bytes"": ""108544128"", ""gpu_tiles"": ""1"", ""op"": ""preimage"", ""path"": ""ptrs""}",641,1,block_random,1024,3553,584473,ptrs
tile_sweep_publication,preimage,2d,sparse,5,10,2,cpu_source,cpu_us,1,0,0,1,146944128,2,2,2,1000,1000,4,1,0,1.882509,/pscratch/sd/r/rchanani/realm/build_pm_deppart/tests/benchmark -ll:gpu 1 -ll:cpu 1 -ll:fsize 8192 -dp:workers 1 -dp:hpool 256 -nocheck -block_random -block_volume 1024 -d1 2 -d2 2 preimage -n 1000 -e 1000 -p 1 -s 4 -f 5 -b 10,"{""buffer_size"": ""10"", ""cpu_us"": ""675394"", ""d1"": ""2"", ""d2"": ""2"", ""gpu_us"": ""3404"", ""num_edges"": ""1000"", ""num_nodes"": ""1000"", ""num_pieces"": ""1"", ""num_spaces"": ""4"", ""op"": ""preimage"", ""sparse_factor"": ""5""}","{""d1"": ""2"", ""d2"": ""2"", ""gpu_host_fallback"": ""0"", ""gpu_input_rects"": ""1"", ""gpu_oom_backoffs"": ""0"", ""gpu_scratch_bytes"": ""146944128"", ""gpu_tiles"": ""1"", ""op"": ""preimage"", ""path"": ""ptrs""}",642,2,block_random,1024,3404,675394,ptrs
tile_sweep_publication,preimage,2d,sparse,5,10,2,gpu_source,gpu_us,1,0,0,1,146944128,2,2,2,1000,1000,4,1,0,1.562476,/pscratch/sd/r/rchanani/realm/build_pm_deppart/tests/benchmark -ll:gpu 1 -ll:cpu 1 -ll:fsize 8192 -dp:workers 1 -dp:hpool 256 -nocheck -block_random -block_volume 1024 -dp:noisectopt -d1 2 -d2 2 preimage -n 1000 -e 1000 -p 1 -s 4 -f 5 -b 10,"{""buffer_size"": ""10"", ""cpu_us"": ""581635"", ""d1"": ""2"", ""d2"": ""2"", ""gpu_us"": ""3874"", ""num_edges"": ""1000"", ""num_nodes"": ""1000"", ""num_pieces"": ""1"", ""num_spaces"": ""4"", ""op"": ""preimage"", ""sparse_factor"": ""5""}","{""d1"": ""2"", ""d2"": ""2"", ""gpu_host_fallback"": ""0"", ""gpu_input_rects"": ""1"", ""gpu_oom_backoffs"": ""0"", ""gpu_scratch_bytes"": ""146944128"", ""gpu_tiles"": ""1"", ""op"": ""preimage"", ""path"": ""ptrs""}",643,3,block_random,1024,3874,581635,ptrs
tile_sweep_publication,preimage,2d,sparse,5,15,2,cpu_source,cpu_us,1,0,0,1,210944128,2,2,2,1000,1000,4,1,0,1.638907,/pscratch/sd/r/rchanani/realm/build_pm_deppart/tests/benchmark -ll:gpu 1 -ll:cpu 1 -ll:fsize 8192 -dp:workers 1 -dp:hpool 256 -nocheck -block_random -block_volume 1024 -d1 2 -d2 2 preimage -n 1000 -e 1000 -p 1 -s 4 -f 5 -b 15,"{""buffer_size"": ""15"", ""cpu_us"": ""665848"", ""d1"": ""2"", ""d2"": ""2"", ""gpu_us"": ""3994"", ""num_edges"": ""1000"", ""num_nodes"": ""1000"", ""num_pieces"": ""1"", ""num_spaces"": ""4"", ""op"": ""preimage"", ""sparse_factor"": ""5""}","{""d1"": ""2"", ""d2"": ""2"", ""gpu_host_fallback"": ""0"", ""gpu_input_rects"": ""1"", ""gpu_oom_backoffs"": ""0"", ""gpu_scratch_bytes"": ""210944128"", ""gpu_tiles"": ""1"", ""op"": ""preimage"", ""path"": ""ptrs""}",644,0,block_random,1024,3994,665848,ptrs
tile_sweep_publication,preimage,2d,sparse,5,15,2,gpu_source,gpu_us,1,0,0,1,210944128,2,2,2,1000,1000,4,1,0,1.870734,/pscratch/sd/r/rchanani/realm/build_pm_deppart/tests/benchmark -ll:gpu 1 -ll:cpu 1 -ll:fsize 8192 -dp:workers 1 -dp:hpool 256 -nocheck -block_random -block_volume 1024 -dp:noisectopt -d1 2 -d2 2 preimage -n 1000 -e 1000 -p 1 -s 4 -f 5 -b 15,"{""buffer_size"": ""15"", ""cpu_us"": ""576083"", ""d1"": ""2"", ""d2"": ""2"", ""gpu_us"": ""3609"", ""num_edges"": ""1000"", ""num_nodes"": ""1000"", ""num_pieces"": ""1"", ""num_spaces"": ""4"", ""op"": ""preimage"", ""sparse_factor"": ""5""}","{""d1"": ""2"", ""d2"": ""2"", ""gpu_host_fallback"": ""0"", ""gpu_input_rects"": ""1"", ""gpu_oom_backoffs"": ""0"", ""gpu_scratch_bytes"": ""210944128"", ""gpu_tiles"": ""1"", ""op"": ""preimage"", ""path"": ""ptrs""}",645,1,block_random,1024,3609,576083,ptrs
tile_sweep_publication,preimage,2d,sparse,5,20,2,cpu_source,cpu_us,1,0,0,1,274944128,2,2,2,1000,1000,4,1,0,1.935900,/pscratch/sd/r/rchanani/realm/build_pm_deppart/tests/benchmark -ll:gpu 1 -ll:cpu 1 -ll:fsize 8192 -dp:workers 1 -dp:hpool 256 -nocheck -block_random -block_volume 1024 -d1 2 -d2 2 preimage -n 1000 -e 1000 -p 1 -s 4 -f 5 -b 20,"{""buffer_size"": ""20"", ""cpu_us"": ""663349"", ""d1"": ""2"", ""d2"": ""2"", ""gpu_us"": ""3788"", ""num_edges"": ""1000"", ""num_nodes"": ""1000"", ""num_pieces"": ""1"", ""num_spaces"": ""4"", ""op"": ""preimage"", ""sparse_factor"": ""5""}","{""d1"": ""2"", ""d2"": ""2"", ""gpu_host_fallback"": ""0"", ""gpu_input_rects"": ""1"", ""gpu_oom_backoffs"": ""0"", ""gpu_scratch_bytes"": ""274944128"", ""gpu_tiles"": ""1"", ""op"": ""preimage"", ""path"": ""ptrs""}",646,2,block_random,1024,3788,663349,ptrs
tile_sweep_publication,preimage,2d,sparse,5,20,2,gpu_source,gpu_us,1,0,0,1,274944128,2,2,2,1000,1000,4,1,0,1.592130,/pscratch/sd/r/rchanani/realm/build_pm_deppart/tests/benchmark -ll:gpu 1 -ll:cpu 1 -ll:fsize 8192 -dp:workers 1 -dp:hpool 256 -nocheck -block_random -block_volume 1024 -dp:noisectopt -d1 2 -d2 2 preimage -n 1000 -e 1000 -p 1 -s 4 -f 5 -b 20,"{""buffer_size"": ""20"", ""cpu_us"": ""592525"", ""d1"": ""2"", ""d2"": ""2"", ""gpu_us"": ""3727"", ""num_edges"": ""1000"", ""num_nodes"": ""1000"", ""num_pieces"": ""1"", ""num_spaces"": ""4"", ""op"": ""preimage"", ""sparse_factor"": ""5""}","{""d1"": ""2"", ""d2"": ""2"", ""gpu_host_fallback"": ""0"", ""gpu_input_rects"": ""1"", ""gpu_oom_backoffs"": ""0"", ""gpu_scratch_bytes"": ""274944128"", ""gpu_tiles"": ""1"", ""op"": ""preimage"", ""path"": ""ptrs""}",647,3,block_random,1024,3727,592525,ptrs
tile_sweep_publication,preimage,2d,sparse,5,25,2,cpu_source,cpu_us,1,0,0,1,338944128,2,2,2,1000,1000,4,1,0,1.621087,/pscratch/sd/r/rchanani/realm/build_pm_deppart/tests/benchmark -ll:gpu 1 -ll:cpu 1 -ll:fsize 8192 -dp:workers 1 -dp:hpool 256 -nocheck -block_random -block_volume 1024 -d1 2 -d2 2 preimage -n 1000 -e 1000 -p 1 -s 4 -f 5 -b 25,"{""buffer_size"": ""25"", ""cpu_us"": ""656989"", ""d1"": ""2"", ""d2"": ""2"", ""gpu_us"": ""3915"", ""num_edges"": ""1000"", ""num_nodes"": ""1000"", ""num_pieces"": ""1"", ""num_spaces"": ""4"", ""op"": ""preimage"", ""sparse_factor"": ""5""}","{""d1"": ""2"", ""d2"": ""2"", ""gpu_host_fallback"": ""0"", ""gpu_input_rects"": ""1"", ""gpu_oom_backoffs"": ""0"", ""gpu_scratch_bytes"": ""338944128"", ""gpu_tiles"": ""1"", ""op"": ""preimage"", ""path"": ""ptrs""}",648,0,block_random,1024,3915,656989,ptrs
tile_sweep_publication,preimage,2d,sparse,5,25,2,gpu_source,gpu_us,1,0,0,1,338944128,2,2,2,1000,1000,4,1,0,1.691880,/pscratch/sd/r/rchanani/realm/build_pm_deppart/tests/benchmark -ll:gpu 1 -ll:cpu 1 -ll:fsize 8192 -dp:workers 1 -dp:hpool 256 -nocheck -block_random -block_volume 1024 -dp:noisectopt -d1 2 -d2 2 preimage -n 1000 -e 1000 -p 1 -s 4 -f 5 -b 25,"{""buffer_size"": ""25"", ""cpu_us"": ""584132"", ""d1"": ""2"", ""d2"": ""2"", ""gpu_us"": ""3592"", ""num_edges"": ""1000"", ""num_nodes"": ""1000"", ""num_pieces"": ""1"", ""num_spaces"": ""4"", ""op"": ""preimage"", ""sparse_factor"": ""5""}","{""d1"": ""2"", ""d2"": ""2"", ""gpu_host_fallback"": ""0"", ""gpu_input_rects"": ""1"", ""gpu_oom_backoffs"": ""0"", ""gpu_scratch_bytes"": ""338944128"", ""gpu_tiles"": ""1"", ""op"": ""preimage"", ""path"": ""ptrs""}",649,1,block_random,1024,3592,584132,ptrs
tile_sweep_publication,preimage,2d,sparse,5,30,2,cpu_source,cpu_us,1,0,0,1,402944128,2,2,2,1000,1000,4,1,0,1.713112,/pscratch/sd/r/rchanani/realm/build_pm_deppart/tests/benchmark -ll:gpu 1 -ll:cpu 1 -ll:fsize 8192 -dp:workers 1 -dp:hpool 256 -nocheck -block_random -block_volume 1024 -d1 2 -d2 2 preimage -n 1000 -e 1000 -p 1 -s 4 -f 5 -b 30,"{""buffer_size"": ""30"", ""cpu_us"": ""667815"", ""d1"": ""2"", ""d2"": ""2"", ""gpu_us"": ""3454"", ""num_edges"": ""1000"", ""num_nodes"": ""1000"", ""num_pieces"": ""1"", ""num_spaces"": ""4"", ""op"": ""preimage"", ""sparse_factor"": ""5""}","{""d1"": ""2"", ""d2"": ""2"", ""gpu_host_fallback"": ""0"", ""gpu_input_rects"": ""1"", ""gpu_oom_backoffs"": ""0"", ""gpu_scratch_bytes"": ""402944128"", ""gpu_tiles"": ""1"", ""op"": ""preimage"", ""path"": ""ptrs""}",650,2,block_random,1024,3454,667815,ptrs
tile_sweep_publication,preimage,2d,sparse,5,30,2,gpu_source,gpu_us,1,0,0,1,402944128,2,2,2,1000,1000,4,1,0,1.624982,/pscratch/sd/r/rchanani/realm/build_pm_deppart/tests/benchmark -ll:gpu 1 -ll:cpu 1 -ll:fsize 8192 -dp:workers 1 -dp:hpool 256 -nocheck -block_random -block_volume 1024 -dp:noisectopt -d1 2 -d2 2 preimage -n 1000 -e 1000 -p 1 -s 4 -f 5 -b 30,"{""buffer_size"": ""30"", ""cpu_us"": ""584700"", ""d1"": ""2"", ""d2"": ""2"", ""gpu_us"": ""3957"", ""num_edges"": ""1000"", ""num_nodes"": ""1000"", ""num_pieces"": ""1"", ""num_spaces"": ""4"", ""op"": ""preimage"", ""sparse_factor"": ""5""}","{""d1"": ""2"", ""d2"": ""2"", ""gpu_host_fallback"": ""0"", ""gpu_input_rects"": ""1"", ""gpu_oom_backoffs"": ""0"", ""gpu_scratch_bytes"": ""402944128"", ""gpu_tiles"": ""1"", ""op"": ""preimage"", ""path"": ""ptrs""}",651,3,block_random,1024,3957,584700,ptrs
tile_sweep_publication,preimage,2d,sparse,5,40,2,cpu_source,cpu_us,1,0,0,1,530944128,2,2,2,1000,1000,4,1,0,1.636167,/pscratch/sd/r/rchanani/realm/build_pm_deppart/tests/benchmark -ll:gpu 1 -ll:cpu 1 -ll:fsize 8192 -dp:workers 1 -dp:hpool 256 -nocheck -block_random -block_volume 1024 -d1 2 -d2 2 preimage -n 1000 -e 1000 -p 1 -s 4 -f 5 -b 40,"{""buffer_size"": ""40"", ""cpu_us"": ""658192"", ""d1"": ""2"", ""d2"": ""2"", ""gpu_us"": ""3793"", ""num_edges"": ""1000"", ""num_nodes"": ""1000"", ""num_pieces"": ""1"", ""num_spaces"": ""4"", ""op"": ""preimage"", ""sparse_factor"": ""5""}","{""d1"": ""2"", ""d2"": ""2"", ""gpu_host_fallback"": ""0"", ""gpu_input_rects"": ""1"", ""gpu_oom_backoffs"": ""0"", ""gpu_scratch_bytes"": ""530944128"", ""gpu_tiles"": ""1"", ""op"": ""preimage"", ""path"": ""ptrs""}",652,0,block_random,1024,3793,658192,ptrs
tile_sweep_publication,preimage,2d,sparse,5,40,2,gpu_source,gpu_us,1,0,0,1,530944128,2,2,2,1000,1000,4,1,0,1.729376,/pscratch/sd/r/rchanani/realm/build_pm_deppart/tests/benchmark -ll:gpu 1 -ll:cpu 1 -ll:fsize 8192 -dp:workers 1 -dp:hpool 256 -nocheck -block_random -block_volume 1024 -dp:noisectopt -d1 2 -d2 2 preimage -n 1000 -e 1000 -p 1 -s 4 -f 5 -b 40,"{""buffer_size"": ""40"", ""cpu_us"": ""578926"", ""d1"": ""2"", ""d2"": ""2"", ""gpu_us"": ""3482"", ""num_edges"": ""1000"", ""num_nodes"": ""1000"", ""num_pieces"": ""1"", ""num_spaces"": ""4"", ""op"": ""preimage"", ""sparse_factor"": ""5""}","{""d1"": ""2"", ""d2"": ""2"", ""gpu_host_fallback"": ""0"", ""gpu_input_rects"": ""1"", ""gpu_oom_backoffs"": ""0"", ""gpu_scratch_bytes"": ""530944128"", ""gpu_tiles"": ""1"", ""op"": ""preimage"", ""path"": ""ptrs""}",653,1,block_random,1024,3482,578926,ptrs
tile_sweep_publication,preimage,2d,sparse,5,50,2,cpu_source,cpu_us,1,0,0,1,658944128,2,2,2,1000,1000,4,1,0,1.800866,/pscratch/sd/r/rchanani/realm/build_pm_deppart/tests/benchmark -ll:gpu 1 -ll:cpu 1 -ll:fsize 8192 -dp:workers 1 -dp:hpool 256 -nocheck -block_random -block_volume 1024 -d1 2 -d2 2 preimage -n 1000 -e 1000 -p 1 -s 4 -f 5 -b 50,"{""buffer_size"": ""50"", ""cpu_us"": ""661517"", ""d1"": ""2"", ""d2"": ""2"", ""gpu_us"": ""3561"", ""num_edges"": ""1000"", ""num_nodes"": ""1000"", ""num_pieces"": ""1"", ""num_spaces"": ""4"", ""op"": ""preimage"", ""sparse_factor"": ""5""}","{""d1"": ""2"", ""d2"": ""2"", ""gpu_host_fallback"": ""0"", ""gpu_input_rects"": ""1"", ""gpu_oom_backoffs"": ""0"", ""gpu_scratch_bytes"": ""658944128"", ""gpu_tiles"": ""1"", ""op"": ""preimage"", ""path"": ""ptrs""}",654,2,block_random,1024,3561,661517,ptrs
tile_sweep_publication,preimage,2d,sparse,5,50,2,gpu_source,gpu_us,1,0,0,1,658944128,2,2,2,1000,1000,4,1,0,1.560525,/pscratch/sd/r/rchanani/realm/build_pm_deppart/tests/benchmark -ll:gpu 1 -ll:cpu 1 -ll:fsize 8192 -dp:workers 1 -dp:hpool 256 -nocheck -block_random -block_volume 1024 -dp:noisectopt -d1 2 -d2 2 preimage -n 1000 -e 1000 -p 1 -s 4 -f 5 -b 50,"{""buffer_size"": ""50"", ""cpu_us"": ""575045"", ""d1"": ""2"", ""d2"": ""2"", ""gpu_us"": ""4154"", ""num_edges"": ""1000"", ""num_nodes"": ""1000"", ""num_pieces"": ""1"", ""num_spaces"": ""4"", ""op"": ""preimage"", ""sparse_factor"": ""5""}","{""d1"": ""2"", ""d2"": ""2"", ""gpu_host_fallback"": ""0"", ""gpu_input_rects"": ""1"", ""gpu_oom_backoffs"": ""0"", ""gpu_scratch_bytes"": ""658944128"", ""gpu_tiles"": ""1"", ""op"": ""preimage"", ""path"": ""ptrs""}",655,3,block_random,1024,4154,575045,ptrs
tile_sweep_publication,preimage,2d,sparse,5,75,2,cpu_source,cpu_us,1,0,0,1,978944128,2,2,2,1000,1000,4,1,0,1.618495,/pscratch/sd/r/rchanani/realm/build_pm_deppart/tests/benchmark -ll:gpu 1 -ll:cpu 1 -ll:fsize 8192 -dp:workers 1 -dp:hpool 256 -nocheck -block_random -block_volume 1024 -d1 2 -d2 2 preimage -n 1000 -e 1000 -p 1 -s 4 -f 5 -b 75,"{""buffer_size"": ""75"", ""cpu_us"": ""648840"", ""d1"": ""2"", ""d2"": ""2"", ""gpu_us"": ""3896"", ""num_edges"": ""1000"", ""num_nodes"": ""1000"", ""num_pieces"": ""1"", ""num_spaces"": ""4"", ""op"": ""preimage"", ""sparse_factor"": ""5""}","{""d1"": ""2"", ""d2"": ""2"", ""gpu_host_fallback"": ""0"", ""gpu_input_rects"": ""1"", ""gpu_oom_backoffs"": ""0"", ""gpu_scratch_bytes"": ""978944128"", ""gpu_tiles"": ""1"", ""op"": ""preimage"", ""path"": ""ptrs""}",656,0,block_random,1024,3896,648840,ptrs
tile_sweep_publication,preimage,2d,sparse,5,75,2,gpu_source,gpu_us,1,0,0,1,978944128,2,2,2,1000,1000,4,1,0,1.708117,/pscratch/sd/r/rchanani/realm/build_pm_deppart/tests/benchmark -ll:gpu 1 -ll:cpu 1 -ll:fsize 8192 -dp:workers 1 -dp:hpool 256 -nocheck -block_random -block_volume 1024 -dp:noisectopt -d1 2 -d2 2 preimage -n 1000 -e 1000 -p 1 -s 4 -f 5 -b 75,"{""buffer_size"": ""75"", ""cpu_us"": ""585638"", ""d1"": ""2"", ""d2"": ""2"", ""gpu_us"": ""3403"", ""num_edges"": ""1000"", ""num_nodes"": ""1000"", ""num_pieces"": ""1"", ""num_spaces"": ""4"", ""op"": ""preimage"", ""sparse_factor"": ""5""}","{""d1"": ""2"", ""d2"": ""2"", ""gpu_host_fallback"": ""0"", ""gpu_input_rects"": ""1"", ""gpu_oom_backoffs"": ""0"", ""gpu_scratch_bytes"": ""978944128"", ""gpu_tiles"": ""1"", ""op"": ""preimage"", ""path"": ""ptrs""}",657,1,block_random,1024,3403,585638,ptrs
tile_sweep_publication,preimage,2d,sparse,5,100,2,cpu_source,cpu_us,1,0,0,1,1298944128,2,2,2,1000,1000,4,1,0,1.788893,/pscratch/sd/r/rchanani/realm/build_pm_deppart/tests/benchmark -ll:gpu 1 -ll:cpu 1 -ll:fsize 8192 -dp:workers 1 -dp:hpool 256 -nocheck -block_random -block_volume 1024 -d1 2 -d2 2 preimage -n 1000 -e 1000 -p 1 -s 4 -f 5 -b 100,"{""buffer_size"": ""100"", ""cpu_us"": ""658521"", ""d1"": ""2"", ""d2"": ""2"", ""gpu_us"": ""3493"", ""num_edges"": ""1000"", ""num_nodes"": ""1000"", ""num_pieces"": ""1"", ""num_spaces"": ""4"", ""op"": ""preimage"", ""sparse_factor"": ""5""}","{""d1"": ""2"", ""d2"": ""2"", ""gpu_host_fallback"": ""0"", ""gpu_input_rects"": ""1"", ""gpu_oom_backoffs"": ""0"", ""gpu_scratch_bytes"": ""1298944128"", ""gpu_tiles"": ""1"", ""op"": ""preimage"", ""path"": ""ptrs""}",658,2,block_random,1024,3493,658521,ptrs
tile_sweep_publication,preimage,2d,sparse,5,100,2,gpu_source,gpu_us,1,0,0,1,1298944128,2,2,2,1000,1000,4,1,0,1.561389,/pscratch/sd/r/rchanani/realm/build_pm_deppart/tests/benchmark -ll:gpu 1 -ll:cpu 1 -ll:fsize 8192 -dp:workers 1 -dp:hpool 256 -nocheck -block_random -block_volume 1024 -dp:noisectopt -d1 2 -d2 2 preimage -n 1000 -e 1000 -p 1 -s 4 -f 5 -b 100,"{""buffer_size"": ""100"", ""cpu_us"": ""581848"", ""d1"": ""2"", ""d2"": ""2"", ""gpu_us"": ""3784"", ""num_edges"": ""1000"", ""num_nodes"": ""1000"", ""num_pieces"": ""1"", ""num_spaces"": ""4"", ""op"": ""preimage"", ""sparse_factor"": ""5""}","{""d1"": ""2"", ""d2"": ""2"", ""gpu_host_fallback"": ""0"", ""gpu_input_rects"": ""1"", ""gpu_oom_backoffs"": ""0"", ""gpu_scratch_bytes"": ""1298944128"", ""gpu_tiles"": ""1"", ""op"": ""preimage"", ""path"": ""ptrs""}",659,3,block_random,1024,3784,581848,ptrs
tile_sweep_publication,preimage,3d,dense,1,1,2,cpu_source,cpu_us,8,14,1,8,21200000,2,3,3,100,100,4,1,0,1.049815,/pscratch/sd/r/rchanani/realm/build_pm_deppart/tests/benchmark -ll:gpu 1 -ll:cpu 1 -ll:fsize 8192 -dp:workers 1 -dp:hpool 256 -nocheck -block_random -block_volume 1024 -d1 3 -d2 3 preimage -n 100 -e 100 -p 1 -s 4 -f 1 -b 1,"{""buffer_size"": ""1"", ""cpu_us"": ""147287"", ""d1"": ""3"", ""d2"": ""3"", ""gpu_us"": ""34923"", ""num_edges"": ""100"", ""num_nodes"": ""100"", ""num_pieces"": ""1"", ""num_spaces"": ""4"", ""op"": ""preimage"", ""sparse_factor"": ""1""}","{""d1"": ""3"", ""d2"": ""3"", ""gpu_host_fallback"": ""1"", ""gpu_input_rects"": ""8"", ""gpu_oom_backoffs"": ""14"", ""gpu_scratch_bytes"": ""21200000"", ""gpu_tiles"": ""8"", ""op"": ""preimage"", ""path"": ""ptrs""}",660,0,block_random,1024,34923,147287,ptrs
tile_sweep_publication,preimage,3d,dense,1,1,2,gpu_source,gpu_us,8,14,1,8,21200000,2,3,3,100,100,4,1,0,1.131893,/pscratch/sd/r/rchanani/realm/build_pm_deppart/tests/benchmark -ll:gpu 1 -ll:cpu 1 -ll:fsize 8192 -dp:workers 1 -dp:hpool 256 -nocheck -block_random -block_volume 1024 -dp:noisectopt -d1 3 -d2 3 preimage -n 100 -e 100 -p 1 -s 4 -f 1 -b 1,"{""buffer_size"": ""1"", ""cpu_us"": ""26419"", ""d1"": ""3"", ""d2"": ""3"", ""gpu_us"": ""41380"", ""num_edges"": ""100"", ""num_nodes"": ""100"", ""num_pieces"": ""1"", ""num_spaces"": ""4"", ""op"": ""preimage"", ""sparse_factor"": ""1""}","{""d1"": ""3"", ""d2"": ""3"", ""gpu_host_fallback"": ""1"", ""gpu_input_rects"": ""8"", ""gpu_oom_backoffs"": ""14"", ""gpu_scratch_bytes"": ""21200000"", ""gpu_tiles"": ""8"", ""op"": ""preimage"", ""path"": ""ptrs""}",661,1,block_random,1024,41380,26419,ptrs
tile_sweep_publication,preimage,3d,dense,1,2,2,cpu_source,cpu_us,4,5,1,4,40400000,2,3,3,100,100,4,1,0,1.224810,/pscratch/sd/r/rchanani/realm/build_pm_deppart/tests/benchmark -ll:gpu 1 -ll:cpu 1 -ll:fsize 8192 -dp:workers 1 -dp:hpool 256 -nocheck -block_random -block_volume 1024 -d1 3 -d2 3 preimage -n 100 -e 100 -p 1 -s 4 -f 1 -b 2,"{""buffer_size"": ""2"", ""cpu_us"": ""148083"", ""d1"": ""3"", ""d2"": ""3"", ""gpu_us"": ""26500"", ""num_edges"": ""100"", ""num_nodes"": ""100"", ""num_pieces"": ""1"", ""num_spaces"": ""4"", ""op"": ""preimage"", ""sparse_factor"": ""1""}","{""d1"": ""3"", ""d2"": ""3"", ""gpu_host_fallback"": ""1"", ""gpu_input_rects"": ""4"", ""gpu_oom_backoffs"": ""5"", ""gpu_scratch_bytes"": ""40400000"", ""gpu_tiles"": ""4"", ""op"": ""preimage"", ""path"": ""ptrs""}",662,2,block_random,1024,26500,148083,ptrs
tile_sweep_publication,preimage,3d,dense,1,2,2,gpu_source,gpu_us,4,5,1,4,40400000,2,3,3,100,100,4,1,0,0.905664,/pscratch/sd/r/rchanani/realm/build_pm_deppart/tests/benchmark -ll:gpu 1 -ll:cpu 1 -ll:fsize 8192 -dp:workers 1 -dp:hpool 256 -nocheck -block_random -block_volume 1024 -dp:noisectopt -d1 3 -d2 3 preimage -n 100 -e 100 -p 1 -s 4 -f 1 -b 2,"{""buffer_size"": ""2"", ""cpu_us"": ""26328"", ""d1"": ""3"", ""d2"": ""3"", ""gpu_us"": ""23140"", ""num_edges"": ""100"", ""num_nodes"": ""100"", ""num_pieces"": ""1"", ""num_spaces"": ""4"", ""op"": ""preimage"", ""sparse_factor"": ""1""}","{""d1"": ""3"", ""d2"": ""3"", ""gpu_host_fallback"": ""1"", ""gpu_input_rects"": ""4"", ""gpu_oom_backoffs"": ""5"", ""gpu_scratch_bytes"": ""40400000"", ""gpu_tiles"": ""4"", ""op"": ""preimage"", ""path"": ""ptrs""}",663,3,block_random,1024,23140,26328,ptrs
tile_sweep_publication,preimage,3d,dense,1,3,2,cpu_source,cpu_us,4,5,1,4,59600000,2,3,3,100,100,4,1,0,1.026863,/pscratch/sd/r/rchanani/realm/build_pm_deppart/tests/benchmark -ll:gpu 1 -ll:cpu 1 -ll:fsize 8192 -dp:workers 1 -dp:hpool 256 -nocheck -block_random -block_volume 1024 -d1 3 -d2 3 preimage -n 100 -e 100 -p 1 -s 4 -f 1 -b 3,"{""buffer_size"": ""3"", ""cpu_us"": ""148292"", ""d1"": ""3"", ""d2"": ""3"", ""gpu_us"": ""22798"", ""num_edges"": ""100"", ""num_nodes"": ""100"", ""num_pieces"": ""1"", ""num_spaces"": ""4"", ""op"": ""preimage"", ""sparse_factor"": ""1""}","{""d1"": ""3"", ""d2"": ""3"", ""gpu_host_fallback"": ""1"", ""gpu_input_rects"": ""4"", ""gpu_oom_backoffs"": ""5"", ""gpu_scratch_bytes"": ""59600000"", ""gpu_tiles"": ""4"", ""op"": ""preimage"", ""path"": ""ptrs""}",664,0,block_random,1024,22798,148292,ptrs
tile_sweep_publication,preimage,3d,dense,1,3,2,gpu_source,gpu_us,4,5,1,4,59600000,2,3,3,100,100,4,1,0,0.972584,/pscratch/sd/r/rchanani/realm/build_pm_deppart/tests/benchmark -ll:gpu 1 -ll:cpu 1 -ll:fsize 8192 -dp:workers 1 -dp:hpool 256 -nocheck -block_random -block_volume 1024 -dp:noisectopt -d1 3 -d2 3 preimage -n 100 -e 100 -p 1 -s 4 -f 1 -b 3,"{""buffer_size"": ""3"", ""cpu_us"": ""26560"", ""d1"": ""3"", ""d2"": ""3"", ""gpu_us"": ""26880"", ""num_edges"": ""100"", ""num_nodes"": ""100"", ""num_pieces"": ""1"", ""num_spaces"": ""4"", ""op"": ""preimage"", ""sparse_factor"": ""1""}","{""d1"": ""3"", ""d2"": ""3"", ""gpu_host_fallback"": ""1"", ""gpu_input_rects"": ""4"", ""gpu_oom_backoffs"": ""5"", ""gpu_scratch_bytes"": ""59600000"", ""gpu_tiles"": ""4"", ""op"": ""preimage"", ""path"": ""ptrs""}",665,1,block_random,1024,26880,26560,ptrs
tile_sweep_publication,preimage,3d,dense,1,4,2,cpu_source,cpu_us,2,2,1,2,78800000,2,3,3,100,100,4,1,0,1.250562,/pscratch/sd/r/rchanani/realm/build_pm_deppart/tests/benchmark -ll:gpu 1 -ll:cpu 1 -ll:fsize 8192 -dp:workers 1 -dp:hpool 256 -nocheck -block_random -block_volume 1024 -d1 3 -d2 3 preimage -n 100 -e 100 -p 1 -s 4 -f 1 -b 4,"{""buffer_size"": ""4"", ""cpu_us"": ""149096"", ""d1"": ""3"", ""d2"": ""3"", ""gpu_us"": ""16962"", ""num_edges"": ""100"", ""num_nodes"": ""100"", ""num_pieces"": ""1"", ""num_spaces"": ""4"", ""op"": ""preimage"", ""sparse_factor"": ""1""}","{""d1"": ""3"", ""d2"": ""3"", ""gpu_host_fallback"": ""1"", ""gpu_input_rects"": ""2"", ""gpu_oom_backoffs"": ""2"", ""gpu_scratch_bytes"": ""78800000"", ""gpu_tiles"": ""2"", ""op"": ""preimage"", ""path"": ""ptrs""}",666,2,block_random,1024,16962,149096,ptrs
tile_sweep_publication,preimage,3d,dense,1,4,2,gpu_source,gpu_us,2,2,1,2,78800000,2,3,3,100,100,4,1,0,0.895331,/pscratch/sd/r/rchanani/realm/build_pm_deppart/tests/benchmark -ll:gpu 1 -ll:cpu 1 -ll:fsize 8192 -dp:workers 1 -dp:hpool 256 -nocheck -block_random -block_volume 1024 -dp:noisectopt -d1 3 -d2 3 preimage -n 100 -e 100 -p 1 -s 4 -f 1 -b 4,"{""buffer_size"": ""4"", ""cpu_us"": ""26480"", ""d1"": ""3"", ""d2"": ""3"", ""gpu_us"": ""15562"", ""num_edges"": ""100"", ""num_nodes"": ""100"", ""num_pieces"": ""1"", ""num_spaces"": ""4"", ""op"": ""preimage"", ""sparse_factor"": ""1""}","{""d1"": ""3"", ""d2"": ""3"", ""gpu_host_fallback"": ""1"", ""gpu_input_rects"": ""2"", ""gpu_oom_backoffs"": ""2"", ""gpu_scratch_bytes"": ""78800000"", ""gpu_tiles"": ""2"", ""op"": ""preimage"", ""path"": ""ptrs""}",667,3,block_random,1024,15562,26480,ptrs
tile_sweep_publication,preimage,3d,dense,1,5,2,cpu_source,cpu_us,2,2,1,2,98000000,2,3,3,100,100,4,1,0,1.018973,/pscratch/sd/r/rchanani/realm/build_pm_deppart/tests/benchmark -ll:gpu 1 -ll:cpu 1 -ll:fsize 8192 -dp:workers 1 -dp:hpool 256 -nocheck -block_random -block_volume 1024 -d1 3 -d2 3 preimage -n 100 -e 100 -p 1 -s 4 -f 1 -b 5,"{""buffer_size"": ""5"", ""cpu_us"": ""147543"", ""d1"": ""3"", ""d2"": ""3"", ""gpu_us"": ""15331"", ""num_edges"": ""100"", ""num_nodes"": ""100"", ""num_pieces"": ""1"", ""num_spaces"": ""4"", ""op"": ""preimage"", ""sparse_factor"": ""1""}","{""d1"": ""3"", ""d2"": ""3"", ""gpu_host_fallback"": ""1"", ""gpu_input_rects"": ""2"", ""gpu_oom_backoffs"": ""2"", ""gpu_scratch_bytes"": ""98000000"", ""gpu_tiles"": ""2"", ""op"": ""preimage"", ""path"": ""ptrs""}",668,0,block_random,1024,15331,147543,ptrs
tile_sweep_publication,preimage,3d,dense,1,5,2,gpu_source,gpu_us,2,2,1,2,98000000,2,3,3,100,100,4,1,0,1.029055,/pscratch/sd/r/rchanani/realm/build_pm_deppart/tests/benchmark -ll:gpu 1 -ll:cpu 1 -ll:fsize 8192 -dp:workers 1 -dp:hpool 256 -nocheck -block_random -block_volume 1024 -dp:noisectopt -d1 3 -d2 3 preimage -n 100 -e 100 -p 1 -s 4 -f 1 -b 5,"{""buffer_size"": ""5"", ""cpu_us"": ""26604"", ""d1"": ""3"", ""d2"": ""3"", ""gpu_us"": ""16746"", ""num_edges"": ""100"", ""num_nodes"": ""100"", ""num_pieces"": ""1"", ""num_spaces"": ""4"", ""op"": ""preimage"", ""sparse_factor"": ""1""}","{""d1"": ""3"", ""d2"": ""3"", ""gpu_host_fallback"": ""1"", ""gpu_input_rects"": ""2"", ""gpu_oom_backoffs"": ""2"", ""gpu_scratch_bytes"": ""98000000"", ""gpu_tiles"": ""2"", ""op"": ""preimage"", ""path"": ""ptrs""}",669,1,block_random,1024,16746,26604,ptrs
tile_sweep_publication,preimage,3d,dense,1,7,2,cpu_source,cpu_us,2,2,1,2,136400000,2,3,3,100,100,4,1,0,1.267748,/pscratch/sd/r/rchanani/realm/build_pm_deppart/tests/benchmark -ll:gpu 1 -ll:cpu 1 -ll:fsize 8192 -dp:workers 1 -dp:hpool 256 -nocheck -block_random -block_volume 1024 -d1 3 -d2 3 preimage -n 100 -e 100 -p 1 -s 4 -f 1 -b 7,"{""buffer_size"": ""7"", ""cpu_us"": ""149301"", ""d1"": ""3"", ""d2"": ""3"", ""gpu_us"": ""17318"", ""num_edges"": ""100"", ""num_nodes"": ""100"", ""num_pieces"": ""1"", ""num_spaces"": ""4"", ""op"": ""preimage"", ""sparse_factor"": ""1""}","{""d1"": ""3"", ""d2"": ""3"", ""gpu_host_fallback"": ""1"", ""gpu_input_rects"": ""2"", ""gpu_oom_backoffs"": ""2"", ""gpu_scratch_bytes"": ""136400000"", ""gpu_tiles"": ""2"", ""op"": ""preimage"", ""path"": ""ptrs""}",670,2,block_random,1024,17318,149301,ptrs
tile_sweep_publication,preimage,3d,dense,1,7,2,gpu_source,gpu_us,2,2,1,2,136400000,2,3,3,100,100,4,1,0,0.899055,/pscratch/sd/r/rchanani/realm/build_pm_deppart/tests/benchmark -ll:gpu 1 -ll:cpu 1 -ll:fsize 8192 -dp:workers 1 -dp:hpool 256 -nocheck -block_random -block_volume 1024 -dp:noisectopt -d1 3 -d2 3 preimage -n 100 -e 100 -p 1 -s 4 -f 1 -b 7,"{""buffer_size"": ""7"", ""cpu_us"": ""26127"", ""d1"": ""3"", ""d2"": ""3"", ""gpu_us"": ""15561"", ""num_edges"": ""100"", ""num_nodes"": ""100"", ""num_pieces"": ""1"", ""num_spaces"": ""4"", ""op"": ""preimage"", ""sparse_factor"": ""1""}","{""d1"": ""3"", ""d2"": ""3"", ""gpu_host_fallback"": ""1"", ""gpu_input_rects"": ""2"", ""gpu_oom_backoffs"": ""2"", ""gpu_scratch_bytes"": ""136400000"", ""gpu_tiles"": ""2"", ""op"": ""preimage"", ""path"": ""ptrs""}",671,3,block_random,1024,15561,26127,ptrs
tile_sweep_publication,preimage,3d,dense,1,10,2,cpu_source,cpu_us,1,0,0,1,194000000,2,3,3,100,100,4,1,0,0.998850,/pscratch/sd/r/rchanani/realm/build_pm_deppart/tests/benchmark -ll:gpu 1 -ll:cpu 1 -ll:fsize 8192 -dp:workers 1 -dp:hpool 256 -nocheck -block_random -block_volume 1024 -d1 3 -d2 3 preimage -n 100 -e 100 -p 1 -s 4 -f 1 -b 10,"{""buffer_size"": ""10"", ""cpu_us"": ""152995"", ""d1"": ""3"", ""d2"": ""3"", ""gpu_us"": ""3634"", ""num_edges"": ""100"", ""num_nodes"": ""100"", ""num_pieces"": ""1"", ""num_spaces"": ""4"", ""op"": ""preimage"", ""sparse_factor"": ""1""}","{""d1"": ""3"", ""d2"": ""3"", ""gpu_host_fallback"": ""0"", ""gpu_input_rects"": ""1"", ""gpu_oom_backoffs"": ""0"", ""gpu_scratch_bytes"": ""194000000"", ""gpu_tiles"": ""1"", ""op"": ""preimage"", ""path"": ""ptrs""}",672,0,block_random,1024,3634,152995,ptrs
tile_sweep_publication,preimage,3d,dense,1,10,2,gpu_source,gpu_us,1,0,0,1,194000000,2,3,3,100,100,4,1,0,0.983858,/pscratch/sd/r/rchanani/realm/build_pm_deppart/tests/benchmark -ll:gpu 1 -ll:cpu 1 -ll:fsize 8192 -dp:workers 1 -dp:hpool 256 -nocheck -block_random -block_volume 1024 -dp:noisectopt -d1 3 -d2 3 preimage -n 100 -e 100 -p 1 -s 4 -f 1 -b 10,"{""buffer_size"": ""10"", ""cpu_us"": ""26757"", ""d1"": ""3"", ""d2"": ""3"", ""gpu_us"": ""3983"", ""num_edges"": ""100"", ""num_nodes"": ""100"", ""num_pieces"": ""1"", ""num_spaces"": ""4"", ""op"": ""preimage"", ""sparse_factor"": ""1""}","{""d1"": ""3"", ""d2"": ""3"", ""gpu_host_fallback"": ""0"", ""gpu_input_rects"": ""1"", ""gpu_oom_backoffs"": ""0"", ""gpu_scratch_bytes"": ""194000000"", ""gpu_tiles"": ""1"", ""op"": ""preimage"", ""path"": ""ptrs""}",673,1,block_random,1024,3983,26757,ptrs
tile_sweep_publication,preimage,3d,dense,1,15,2,cpu_source,cpu_us,1,0,0,1,290000000,2,3,3,100,100,4,1,0,1.312146,/pscratch/sd/r/rchanani/realm/build_pm_deppart/tests/benchmark -ll:gpu 1 -ll:cpu 1 -ll:fsize 8192 -dp:workers 1 -dp:hpool 256 -nocheck -block_random -block_volume 1024 -d1 3 -d2 3 preimage -n 100 -e 100 -p 1 -s 4 -f 1 -b 15,"{""buffer_size"": ""15"", ""cpu_us"": ""147597"", ""d1"": ""3"", ""d2"": ""3"", ""gpu_us"": ""4039"", ""num_edges"": ""100"", ""num_nodes"": ""100"", ""num_pieces"": ""1"", ""num_spaces"": ""4"", ""op"": ""preimage"", ""sparse_factor"": ""1""}","{""d1"": ""3"", ""d2"": ""3"", ""gpu_host_fallback"": ""0"", ""gpu_input_rects"": ""1"", ""gpu_oom_backoffs"": ""0"", ""gpu_scratch_bytes"": ""290000000"", ""gpu_tiles"": ""1"", ""op"": ""preimage"", ""path"": ""ptrs""}",674,2,block_random,1024,4039,147597,ptrs
tile_sweep_publication,preimage,3d,dense,1,15,2,gpu_source,gpu_us,1,0,0,1,290000000,2,3,3,100,100,4,1,0,0.875085,/pscratch/sd/r/rchanani/realm/build_pm_deppart/tests/benchmark -ll:gpu 1 -ll:cpu 1 -ll:fsize 8192 -dp:workers 1 -dp:hpool 256 -nocheck -block_random -block_volume 1024 -dp:noisectopt -d1 3 -d2 3 preimage -n 100 -e 100 -p 1 -s 4 -f 1 -b 15,"{""buffer_size"": ""15"", ""cpu_us"": ""26791"", ""d1"": ""3"", ""d2"": ""3"", ""gpu_us"": ""3644"", ""num_edges"": ""100"", ""num_nodes"": ""100"", ""num_pieces"": ""1"", ""num_spaces"": ""4"", ""op"": ""preimage"", ""sparse_factor"": ""1""}","{""d1"": ""3"", ""d2"": ""3"", ""gpu_host_fallback"": ""0"", ""gpu_input_rects"": ""1"", ""gpu_oom_backoffs"": ""0"", ""gpu_scratch_bytes"": ""290000000"", ""gpu_tiles"": ""1"", ""op"": ""preimage"", ""path"": ""ptrs""}",675,3,block_random,1024,3644,26791,ptrs
tile_sweep_publication,preimage,3d,dense,1,20,2,cpu_source,cpu_us,1,0,0,1,386000000,2,3,3,100,100,4,1,0,0.995486,/pscratch/sd/r/rchanani/realm/build_pm_deppart/tests/benchmark -ll:gpu 1 -ll:cpu 1 -ll:fsize 8192 -dp:workers 1 -dp:hpool 256 -nocheck -block_random -block_volume 1024 -d1 3 -d2 3 preimage -n 100 -e 100 -p 1 -s 4 -f 1 -b 20,"{""buffer_size"": ""20"", ""cpu_us"": ""148530"", ""d1"": ""3"", ""d2"": ""3"", ""gpu_us"": ""3713"", ""num_edges"": ""100"", ""num_nodes"": ""100"", ""num_pieces"": ""1"", ""num_spaces"": ""4"", ""op"": ""preimage"", ""sparse_factor"": ""1""}","{""d1"": ""3"", ""d2"": ""3"", ""gpu_host_fallback"": ""0"", ""gpu_input_rects"": ""1"", ""gpu_oom_backoffs"": ""0"", ""gpu_scratch_bytes"": ""386000000"", ""gpu_tiles"": ""1"", ""op"": ""preimage"", ""path"": ""ptrs""}",676,0,block_random,1024,3713,148530,ptrs
tile_sweep_publication,preimage,3d,dense,1,20,2,gpu_source,gpu_us,1,0,0,1,386000000,2,3,3,100,100,4,1,0,0.988663,/pscratch/sd/r/rchanani/realm/build_pm_deppart/tests/benchmark -ll:gpu 1 -ll:cpu 1 -ll:fsize 8192 -dp:workers 1 -dp:hpool 256 -nocheck -block_random -block_volume 1024 -dp:noisectopt -d1 3 -d2 3 preimage -n 100 -e 100 -p 1 -s 4 -f 1 -b 20,"{""buffer_size"": ""20"", ""cpu_us"": ""26314"", ""d1"": ""3"", ""d2"": ""3"", ""gpu_us"": ""4055"", ""num_edges"": ""100"", ""num_nodes"": ""100"", ""num_pieces"": ""1"", ""num_spaces"": ""4"", ""op"": ""preimage"", ""sparse_factor"": ""1""}","{""d1"": ""3"", ""d2"": ""3"", ""gpu_host_fallback"": ""0"", ""gpu_input_rects"": ""1"", ""gpu_oom_backoffs"": ""0"", ""gpu_scratch_bytes"": ""386000000"", ""gpu_tiles"": ""1"", ""op"": ""preimage"", ""path"": ""ptrs""}",677,1,block_random,1024,4055,26314,ptrs
tile_sweep_publication,preimage,3d,dense,1,25,2,cpu_source,cpu_us,1,0,0,1,482000000,2,3,3,100,100,4,1,0,1.301555,/pscratch/sd/r/rchanani/realm/build_pm_deppart/tests/benchmark -ll:gpu 1 -ll:cpu 1 -ll:fsize 8192 -dp:workers 1 -dp:hpool 256 -nocheck -block_random -block_volume 1024 -d1 3 -d2 3 preimage -n 100 -e 100 -p 1 -s 4 -f 1 -b 25,"{""buffer_size"": ""25"", ""cpu_us"": ""148170"", ""d1"": ""3"", ""d2"": ""3"", ""gpu_us"": ""4134"", ""num_edges"": ""100"", ""num_nodes"": ""100"", ""num_pieces"": ""1"", ""num_spaces"": ""4"", ""op"": ""preimage"", ""sparse_factor"": ""1""}","{""d1"": ""3"", ""d2"": ""3"", ""gpu_host_fallback"": ""0"", ""gpu_input_rects"": ""1"", ""gpu_oom_backoffs"": ""0"", ""gpu_scratch_bytes"": ""482000000"", ""gpu_tiles"": ""1"", ""op"": ""preimage"", ""path"": ""ptrs""}",678,2,block_random,1024,4134,148170,ptrs
tile_sweep_publication,preimage,3d,dense,1,25,2,gpu_source,gpu_us,1,0,0,1,482000000,2,3,3,100,100,4,1,0,0.878133,/pscratch/sd/r/rchanani/realm/build_pm_deppart/tests/benchmark -ll:gpu 1 -ll:cpu 1 -ll:fsize 8192 -dp:workers 1 -dp:hpool 256 -nocheck -block_random -block_volume 1024 -dp:noisectopt -d1 3 -d2 3 preimage -n 100 -e 100 -p 1 -s 4 -f 1 -b 25,"{""buffer_size"": ""25"", ""cpu_us"": ""26481"", ""d1"": ""3"", ""d2"": ""3"", ""gpu_us"": ""3678"", ""num_edges"": ""100"", ""num_nodes"": ""100"", ""num_pieces"": ""1"", ""num_spaces"": ""4"", ""op"": ""preimage"", ""sparse_factor"": ""1""}","{""d1"": ""3"", ""d2"": ""3"", ""gpu_host_fallback"": ""0"", ""gpu_input_rects"": ""1"", ""gpu_oom_backoffs"": ""0"", ""gpu_scratch_bytes"": ""482000000"", ""gpu_tiles"": ""1"", ""op"": ""preimage"", ""path"": ""ptrs""}",679,3,block_random,1024,3678,26481,ptrs
tile_sweep_publication,preimage,3d,dense,1,30,2,cpu_source,cpu_us,1,0,0,1,578000000,2,3,3,100,100,4,1,0,1.006027,/pscratch/sd/r/rchanani/realm/build_pm_deppart/tests/benchmark -ll:gpu 1 -ll:cpu 1 -ll:fsize 8192 -dp:workers 1 -dp:hpool 256 -nocheck -block_random -block_volume 1024 -d1 3 -d2 3 preimage -n 100 -e 100 -p 1 -s 4 -f 1 -b 30,"{""buffer_size"": ""30"", ""cpu_us"": ""148092"", ""d1"": ""3"", ""d2"": ""3"", ""gpu_us"": ""3605"", ""num_edges"": ""100"", ""num_nodes"": ""100"", ""num_pieces"": ""1"", ""num_spaces"": ""4"", ""op"": ""preimage"", ""sparse_factor"": ""1""}","{""d1"": ""3"", ""d2"": ""3"", ""gpu_host_fallback"": ""0"", ""gpu_input_rects"": ""1"", ""gpu_oom_backoffs"": ""0"", ""gpu_scratch_bytes"": ""578000000"", ""gpu_tiles"": ""1"", ""op"": ""preimage"", ""path"": ""ptrs""}",680,0,block_random,1024,3605,148092,ptrs
tile_sweep_publication,preimage,3d,dense,1,30,2,gpu_source,gpu_us,1,0,0,1,578000000,2,3,3,100,100,4,1,0,0.995832,/pscratch/sd/r/rchanani/realm/build_pm_deppart/tests/benchmark -ll:gpu 1 -ll:cpu 1 -ll:fsize 8192 -dp:workers 1 -dp:hpool 256 -nocheck -block_random -block_volume 1024 -dp:noisectopt -d1 3 -d2 3 preimage -n 100 -e 100 -p 1 -s 4 -f 1 -b 30,"{""buffer_size"": ""30"", ""cpu_us"": ""26769"", ""d1"": ""3"", ""d2"": ""3"", ""gpu_us"": ""4071"", ""num_edges"": ""100"", ""num_nodes"": ""100"", ""num_pieces"": ""1"", ""num_spaces"": ""4"", ""op"": ""preimage"", ""sparse_factor"": ""1""}","{""d1"": ""3"", ""d2"": ""3"", ""gpu_host_fallback"": ""0"", ""gpu_input_rects"": ""1"", ""gpu_oom_backoffs"": ""0"", ""gpu_scratch_bytes"": ""578000000"", ""gpu_tiles"": ""1"", ""op"": ""preimage"", ""path"": ""ptrs""}",681,1,block_random,1024,4071,26769,ptrs
tile_sweep_publication,preimage,3d,dense,1,40,2,cpu_source,cpu_us,1,0,0,1,770000000,2,3,3,100,100,4,1,0,1.134259,/pscratch/sd/r/rchanani/realm/build_pm_deppart/tests/benchmark -ll:gpu 1 -ll:cpu 1 -ll:fsize 8192 -dp:workers 1 -dp:hpool 256 -nocheck -block_random -block_volume 1024 -d1 3 -d2 3 preimage -n 100 -e 100 -p 1 -s 4 -f 1 -b 40,"{""buffer_size"": ""40"", ""cpu_us"": ""150108"", ""d1"": ""3"", ""d2"": ""3"", ""gpu_us"": ""4013"", ""num_edges"": ""100"", ""num_nodes"": ""100"", ""num_pieces"": ""1"", ""num_spaces"": ""4"", ""op"": ""preimage"", ""sparse_factor"": ""1""}","{""d1"": ""3"", ""d2"": ""3"", ""gpu_host_fallback"": ""0"", ""gpu_input_rects"": ""1"", ""gpu_oom_backoffs"": ""0"", ""gpu_scratch_bytes"": ""770000000"", ""gpu_tiles"": ""1"", ""op"": ""preimage"", ""path"": ""ptrs""}",682,2,block_random,1024,4013,150108,ptrs
tile_sweep_publication,preimage,3d,dense,1,40,2,gpu_source,gpu_us,1,0,0,1,770000000,2,3,3,100,100,4,1,0,0.888359,/pscratch/sd/r/rchanani/realm/build_pm_deppart/tests/benchmark -ll:gpu 1 -ll:cpu 1 -ll:fsize 8192 -dp:workers 1 -dp:hpool 256 -nocheck -block_random -block_volume 1024 -dp:noisectopt -d1 3 -d2 3 preimage -n 100 -e 100 -p 1 -s 4 -f 1 -b 40,"{""buffer_size"": ""40"", ""cpu_us"": ""27268"", ""d1"": ""3"", ""d2"": ""3"", ""gpu_us"": ""3961"", ""num_edges"": ""100"", ""num_nodes"": ""100"", ""num_pieces"": ""1"", ""num_spaces"": ""4"", ""op"": ""preimage"", ""sparse_factor"": ""1""}","{""d1"": ""3"", ""d2"": ""3"", ""gpu_host_fallback"": ""0"", ""gpu_input_rects"": ""1"", ""gpu_oom_backoffs"": ""0"", ""gpu_scratch_bytes"": ""770000000"", ""gpu_tiles"": ""1"", ""op"": ""preimage"", ""path"": ""ptrs""}",683,3,block_random,1024,3961,27268,ptrs
tile_sweep_publication,preimage,3d,dense,1,50,2,cpu_source,cpu_us,1,0,0,1,962000000,2,3,3,100,100,4,1,0,1.014193,/pscratch/sd/r/rchanani/realm/build_pm_deppart/tests/benchmark -ll:gpu 1 -ll:cpu 1 -ll:fsize 8192 -dp:workers 1 -dp:hpool 256 -nocheck -block_random -block_volume 1024 -d1 3 -d2 3 preimage -n 100 -e 100 -p 1 -s 4 -f 1 -b 50,"{""buffer_size"": ""50"", ""cpu_us"": ""147040"", ""d1"": ""3"", ""d2"": ""3"", ""gpu_us"": ""3675"", ""num_edges"": ""100"", ""num_nodes"": ""100"", ""num_pieces"": ""1"", ""num_spaces"": ""4"", ""op"": ""preimage"", ""sparse_factor"": ""1""}","{""d1"": ""3"", ""d2"": ""3"", ""gpu_host_fallback"": ""0"", ""gpu_input_rects"": ""1"", ""gpu_oom_backoffs"": ""0"", ""gpu_scratch_bytes"": ""962000000"", ""gpu_tiles"": ""1"", ""op"": ""preimage"", ""path"": ""ptrs""}",684,0,block_random,1024,3675,147040,ptrs
tile_sweep_publication,preimage,3d,dense,1,50,2,gpu_source,gpu_us,1,0,0,1,962000000,2,3,3,100,100,4,1,0,1.001170,/pscratch/sd/r/rchanani/realm/build_pm_deppart/tests/benchmark -ll:gpu 1 -ll:cpu 1 -ll:fsize 8192 -dp:workers 1 -dp:hpool 256 -nocheck -block_random -block_volume 1024 -dp:noisectopt -d1 3 -d2 3 preimage -n 100 -e 100 -p 1 -s 4 -f 1 -b 50,"{""buffer_size"": ""50"", ""cpu_us"": ""27687"", ""d1"": ""3"", ""d2"": ""3"", ""gpu_us"": ""4119"", ""num_edges"": ""100"", ""num_nodes"": ""100"", ""num_pieces"": ""1"", ""num_spaces"": ""4"", ""op"": ""preimage"", ""sparse_factor"": ""1""}","{""d1"": ""3"", ""d2"": ""3"", ""gpu_host_fallback"": ""0"", ""gpu_input_rects"": ""1"", ""gpu_oom_backoffs"": ""0"", ""gpu_scratch_bytes"": ""962000000"", ""gpu_tiles"": ""1"", ""op"": ""preimage"", ""path"": ""ptrs""}",685,1,block_random,1024,4119,27687,ptrs
tile_sweep_publication,preimage,3d,dense,1,75,2,cpu_source,cpu_us,1,0,0,1,1442000000,2,3,3,100,100,4,1,0,1.158834,/pscratch/sd/r/rchanani/realm/build_pm_deppart/tests/benchmark -ll:gpu 1 -ll:cpu 1 -ll:fsize 8192 -dp:workers 1 -dp:hpool 256 -nocheck -block_random -block_volume 1024 -d1 3 -d2 3 preimage -n 100 -e 100 -p 1 -s 4 -f 1 -b 75,"{""buffer_size"": ""75"", ""cpu_us"": ""150359"", ""d1"": ""3"", ""d2"": ""3"", ""gpu_us"": ""3997"", ""num_edges"": ""100"", ""num_nodes"": ""100"", ""num_pieces"": ""1"", ""num_spaces"": ""4"", ""op"": ""preimage"", ""sparse_factor"": ""1""}","{""d1"": ""3"", ""d2"": ""3"", ""gpu_host_fallback"": ""0"", ""gpu_input_rects"": ""1"", ""gpu_oom_backoffs"": ""0"", ""gpu_scratch_bytes"": ""1442000000"", ""gpu_tiles"": ""1"", ""op"": ""preimage"", ""path"": ""ptrs""}",686,2,block_random,1024,3997,150359,ptrs
tile_sweep_publication,preimage,3d,dense,1,75,2,gpu_source,gpu_us,1,0,0,1,1442000000,2,3,3,100,100,4,1,0,0.924045,/pscratch/sd/r/rchanani/realm/build_pm_deppart/tests/benchmark -ll:gpu 1 -ll:cpu 1 -ll:fsize 8192 -dp:workers 1 -dp:hpool 256 -nocheck -block_random -block_volume 1024 -dp:noisectopt -d1 3 -d2 3 preimage -n 100 -e 100 -p 1 -s 4 -f 1 -b 75,"{""buffer_size"": ""75"", ""cpu_us"": ""27670"", ""d1"": ""3"", ""d2"": ""3"", ""gpu_us"": ""3715"", ""num_edges"": ""100"", ""num_nodes"": ""100"", ""num_pieces"": ""1"", ""num_spaces"": ""4"", ""op"": ""preimage"", ""sparse_factor"": ""1""}","{""d1"": ""3"", ""d2"": ""3"", ""gpu_host_fallback"": ""0"", ""gpu_input_rects"": ""1"", ""gpu_oom_backoffs"": ""0"", ""gpu_scratch_bytes"": ""1442000000"", ""gpu_tiles"": ""1"", ""op"": ""preimage"", ""path"": ""ptrs""}",687,3,block_random,1024,3715,27670,ptrs
tile_sweep_publication,preimage,3d,dense,1,100,2,cpu_source,cpu_us,1,0,0,1,1922000000,2,3,3,100,100,4,1,0,1.010420,/pscratch/sd/r/rchanani/realm/build_pm_deppart/tests/benchmark -ll:gpu 1 -ll:cpu 1 -ll:fsize 8192 -dp:workers 1 -dp:hpool 256 -nocheck -block_random -block_volume 1024 -d1 3 -d2 3 preimage -n 100 -e 100 -p 1 -s 4 -f 1 -b 100,"{""buffer_size"": ""100"", ""cpu_us"": ""147506"", ""d1"": ""3"", ""d2"": ""3"", ""gpu_us"": ""3674"", ""num_edges"": ""100"", ""num_nodes"": ""100"", ""num_pieces"": ""1"", ""num_spaces"": ""4"", ""op"": ""preimage"", ""sparse_factor"": ""1""}","{""d1"": ""3"", ""d2"": ""3"", ""gpu_host_fallback"": ""0"", ""gpu_input_rects"": ""1"", ""gpu_oom_backoffs"": ""0"", ""gpu_scratch_bytes"": ""1922000000"", ""gpu_tiles"": ""1"", ""op"": ""preimage"", ""path"": ""ptrs""}",688,0,block_random,1024,3674,147506,ptrs
tile_sweep_publication,preimage,3d,dense,1,100,2,gpu_source,gpu_us,1,0,0,1,1922000000,2,3,3,100,100,4,1,0,0.993966,/pscratch/sd/r/rchanani/realm/build_pm_deppart/tests/benchmark -ll:gpu 1 -ll:cpu 1 -ll:fsize 8192 -dp:workers 1 -dp:hpool 256 -nocheck -block_random -block_volume 1024 -dp:noisectopt -d1 3 -d2 3 preimage -n 100 -e 100 -p 1 -s 4 -f 1 -b 100,"{""buffer_size"": ""100"", ""cpu_us"": ""26405"", ""d1"": ""3"", ""d2"": ""3"", ""gpu_us"": ""4175"", ""num_edges"": ""100"", ""num_nodes"": ""100"", ""num_pieces"": ""1"", ""num_spaces"": ""4"", ""op"": ""preimage"", ""sparse_factor"": ""1""}","{""d1"": ""3"", ""d2"": ""3"", ""gpu_host_fallback"": ""0"", ""gpu_input_rects"": ""1"", ""gpu_oom_backoffs"": ""0"", ""gpu_scratch_bytes"": ""1922000000"", ""gpu_tiles"": ""1"", ""op"": ""preimage"", ""path"": ""ptrs""}",689,1,block_random,1024,4175,26405,ptrs
tile_sweep_publication,preimage,3d,sparse,5,1,2,cpu_source,cpu_us,1,1,1,1,41654032,2,3,3,100,100,4,1,0,2.395443,/pscratch/sd/r/rchanani/realm/build_pm_deppart/tests/benchmark -ll:gpu 1 -ll:cpu 1 -ll:fsize 8192 -dp:workers 1 -dp:hpool 256 -nocheck -block_random -block_volume 1024 -d1 3 -d2 3 preimage -n 100 -e 100 -p 1 -s 4 -f 5 -b 1,"{""buffer_size"": ""1"", ""cpu_us"": ""979218"", ""d1"": ""3"", ""d2"": ""3"", ""gpu_us"": ""76658"", ""num_edges"": ""100"", ""num_nodes"": ""100"", ""num_pieces"": ""1"", ""num_spaces"": ""4"", ""op"": ""preimage"", ""sparse_factor"": ""5""}","{""d1"": ""3"", ""d2"": ""3"", ""gpu_host_fallback"": ""1"", ""gpu_input_rects"": ""1"", ""gpu_oom_backoffs"": ""1"", ""gpu_scratch_bytes"": ""41654032"", ""gpu_tiles"": ""1"", ""op"": ""preimage"", ""path"": ""ptrs""}",690,2,block_random,1024,76658,979218,ptrs
tile_sweep_publication,preimage,3d,sparse,5,1,2,gpu_source,gpu_us,1,1,1,1,41654032,2,3,3,100,100,4,1,0,2.078958,/pscratch/sd/r/rchanani/realm/build_pm_deppart/tests/benchmark -ll:gpu 1 -ll:cpu 1 -ll:fsize 8192 -dp:workers 1 -dp:hpool 256 -nocheck -block_random -block_volume 1024 -dp:noisectopt -d1 3 -d2 3 preimage -n 100 -e 100 -p 1 -s 4 -f 5 -b 1,"{""buffer_size"": ""1"", ""cpu_us"": ""859692"", ""d1"": ""3"", ""d2"": ""3"", ""gpu_us"": ""74896"", ""num_edges"": ""100"", ""num_nodes"": ""100"", ""num_pieces"": ""1"", ""num_spaces"": ""4"", ""op"": ""preimage"", ""sparse_factor"": ""5""}","{""d1"": ""3"", ""d2"": ""3"", ""gpu_host_fallback"": ""1"", ""gpu_input_rects"": ""1"", ""gpu_oom_backoffs"": ""1"", ""gpu_scratch_bytes"": ""41654032"", ""gpu_tiles"": ""1"", ""op"": ""preimage"", ""path"": ""ptrs""}",691,3,block_random,1024,74896,859692,ptrs
tile_sweep_publication,preimage,3d,sparse,5,2,2,cpu_source,cpu_us,1,0,0,1,60854032,2,3,3,100,100,4,1,0,1.932684,/pscratch/sd/r/rchanani/realm/build_pm_deppart/tests/benchmark -ll:gpu 1 -ll:cpu 1 -ll:fsize 8192 -dp:workers 1 -dp:hpool 256 -nocheck -block_random -block_volume 1024 -d1 3 -d2 3 preimage -n 100 -e 100 -p 1 -s 4 -f 5 -b 2,"{""buffer_size"": ""2"", ""cpu_us"": ""973077"", ""d1"": ""3"", ""d2"": ""3"", ""gpu_us"": ""4649"", ""num_edges"": ""100"", ""num_nodes"": ""100"", ""num_pieces"": ""1"", ""num_spaces"": ""4"", ""op"": ""preimage"", ""sparse_factor"": ""5""}","{""d1"": ""3"", ""d2"": ""3"", ""gpu_host_fallback"": ""0"", ""gpu_input_rects"": ""1"", ""gpu_oom_backoffs"": ""0"", ""gpu_scratch_bytes"": ""60854032"", ""gpu_tiles"": ""1"", ""op"": ""preimage"", ""path"": ""ptrs""}",692,0,block_random,1024,4649,973077,ptrs
tile_sweep_publication,preimage,3d,sparse,5,2,2,gpu_source,gpu_us,1,0,0,1,60854032,2,3,3,100,100,4,1,0,1.977797,/pscratch/sd/r/rchanani/realm/build_pm_deppart/tests/benchmark -ll:gpu 1 -ll:cpu 1 -ll:fsize 8192 -dp:workers 1 -dp:hpool 256 -nocheck -block_random -block_volume 1024 -dp:noisectopt -d1 3 -d2 3 preimage -n 100 -e 100 -p 1 -s 4 -f 5 -b 2,"{""buffer_size"": ""2"", ""cpu_us"": ""864341"", ""d1"": ""3"", ""d2"": ""3"", ""gpu_us"": ""5280"", ""num_edges"": ""100"", ""num_nodes"": ""100"", ""num_pieces"": ""1"", ""num_spaces"": ""4"", ""op"": ""preimage"", ""sparse_factor"": ""5""}","{""d1"": ""3"", ""d2"": ""3"", ""gpu_host_fallback"": ""0"", ""gpu_input_rects"": ""1"", ""gpu_oom_backoffs"": ""0"", ""gpu_scratch_bytes"": ""60854032"", ""gpu_tiles"": ""1"", ""op"": ""preimage"", ""path"": ""ptrs""}",693,1,block_random,1024,5280,864341,ptrs
tile_sweep_publication,preimage,3d,sparse,5,3,2,cpu_source,cpu_us,1,0,0,1,80054032,2,3,3,100,100,4,1,0,2.087416,/pscratch/sd/r/rchanani/realm/build_pm_deppart/tests/benchmark -ll:gpu 1 -ll:cpu 1 -ll:fsize 8192 -dp:workers 1 -dp:hpool 256 -nocheck -block_random -block_volume 1024 -d1 3 -d2 3 preimage -n 100 -e 100 -p 1 -s 4 -f 5 -b 3,"{""buffer_size"": ""3"", ""cpu_us"": ""969991"", ""d1"": ""3"", ""d2"": ""3"", ""gpu_us"": ""5581"", ""num_edges"": ""100"", ""num_nodes"": ""100"", ""num_pieces"": ""1"", ""num_spaces"": ""4"", ""op"": ""preimage"", ""sparse_factor"": ""5""}","{""d1"": ""3"", ""d2"": ""3"", ""gpu_host_fallback"": ""0"", ""gpu_input_rects"": ""1"", ""gpu_oom_backoffs"": ""0"", ""gpu_scratch_bytes"": ""80054032"", ""gpu_tiles"": ""1"", ""op"": ""preimage"", ""path"": ""ptrs""}",694,2,block_random,1024,5581,969991,ptrs
tile_sweep_publication,preimage,3d,sparse,5,3,2,gpu_source,gpu_us,1,0,0,1,80054032,2,3,3,100,100,4,1,0,1.826435,/pscratch/sd/r/rchanani/realm/build_pm_deppart/tests/benchmark -ll:gpu 1 -ll:cpu 1 -ll:fsize 8192 -dp:workers 1 -dp:hpool 256 -nocheck -block_random -block_volume 1024 -dp:noisectopt -d1 3 -d2 3 preimage -n 100 -e 100 -p 1 -s 4 -f 5 -b 3,"{""buffer_size"": ""3"", ""cpu_us"": ""853583"", ""d1"": ""3"", ""d2"": ""3"", ""gpu_us"": ""4686"", ""num_edges"": ""100"", ""num_nodes"": ""100"", ""num_pieces"": ""1"", ""num_spaces"": ""4"", ""op"": ""preimage"", ""sparse_factor"": ""5""}","{""d1"": ""3"", ""d2"": ""3"", ""gpu_host_fallback"": ""0"", ""gpu_input_rects"": ""1"", ""gpu_oom_backoffs"": ""0"", ""gpu_scratch_bytes"": ""80054032"", ""gpu_tiles"": ""1"", ""op"": ""preimage"", ""path"": ""ptrs""}",695,3,block_random,1024,4686,853583,ptrs
tile_sweep_publication,preimage,3d,sparse,5,4,2,cpu_source,cpu_us,1,0,0,1,99254032,2,3,3,100,100,4,1,0,1.940913,/pscratch/sd/r/rchanani/realm/build_pm_deppart/tests/benchmark -ll:gpu 1 -ll:cpu 1 -ll:fsize 8192 -dp:workers 1 -dp:hpool 256 -nocheck -block_random -block_volume 1024 -d1 3 -d2 3 preimage -n 100 -e 100 -p 1 -s 4 -f 5 -b 4,"{""buffer_size"": ""4"", ""cpu_us"": ""966091"", ""d1"": ""3"", ""d2"": ""3"", ""gpu_us"": ""4689"", ""num_edges"": ""100"", ""num_nodes"": ""100"", ""num_pieces"": ""1"", ""num_spaces"": ""4"", ""op"": ""preimage"", ""sparse_factor"": ""5""}","{""d1"": ""3"", ""d2"": ""3"", ""gpu_host_fallback"": ""0"", ""gpu_input_rects"": ""1"", ""gpu_oom_backoffs"": ""0"", ""gpu_scratch_bytes"": ""99254032"", ""gpu_tiles"": ""1"", ""op"": ""preimage"", ""path"": ""ptrs""}",696,0,block_random,1024,4689,966091,ptrs
tile_sweep_publication,preimage,3d,sparse,5,4,2,gpu_source,gpu_us,1,0,0,1,99254032,2,3,3,100,100,4,1,0,2.005748,/pscratch/sd/r/rchanani/realm/build_pm_deppart/tests/benchmark -ll:gpu 1 -ll:cpu 1 -ll:fsize 8192 -dp:workers 1 -dp:hpool 256 -nocheck -block_random -block_volume 1024 -dp:noisectopt -d1 3 -d2 3 preimage -n 100 -e 100 -p 1 -s 4 -f 5 -b 4,"{""buffer_size"": ""4"", ""cpu_us"": ""871279"", ""d1"": ""3"", ""d2"": ""3"", ""gpu_us"": ""5362"", ""num_edges"": ""100"", ""num_nodes"": ""100"", ""num_pieces"": ""1"", ""num_spaces"": ""4"", ""op"": ""preimage"", ""sparse_factor"": ""5""}","{""d1"": ""3"", ""d2"": ""3"", ""gpu_host_fallback"": ""0"", ""gpu_input_rects"": ""1"", ""gpu_oom_backoffs"": ""0"", ""gpu_scratch_bytes"": ""99254032"", ""gpu_tiles"": ""1"", ""op"": ""preimage"", ""path"": ""ptrs""}",697,1,block_random,1024,5362,871279,ptrs
tile_sweep_publication,preimage,3d,sparse,5,5,2,cpu_source,cpu_us,1,0,0,1,118454032,2,3,3,100,100,4,1,0,2.110592,/pscratch/sd/r/rchanani/realm/build_pm_deppart/tests/benchmark -ll:gpu 1 -ll:cpu 1 -ll:fsize 8192 -dp:workers 1 -dp:hpool 256 -nocheck -block_random -block_volume 1024 -d1 3 -d2 3 preimage -n 100 -e 100 -p 1 -s 4 -f 5 -b 5,"{""buffer_size"": ""5"", ""cpu_us"": ""977484"", ""d1"": ""3"", ""d2"": ""3"", ""gpu_us"": ""5479"", ""num_edges"": ""100"", ""num_nodes"": ""100"", ""num_pieces"": ""1"", ""num_spaces"": ""4"", ""op"": ""preimage"", ""sparse_factor"": ""5""}","{""d1"": ""3"", ""d2"": ""3"", ""gpu_host_fallback"": ""0"", ""gpu_input_rects"": ""1"", ""gpu_oom_backoffs"": ""0"", ""gpu_scratch_bytes"": ""118454032"", ""gpu_tiles"": ""1"", ""op"": ""preimage"", ""path"": ""ptrs""}",698,2,block_random,1024,5479,977484,ptrs
tile_sweep_publication,preimage,3d,sparse,5,5,2,gpu_source,gpu_us,1,0,0,1,118454032,2,3,3,100,100,4,1,0,1.823326,/pscratch/sd/r/rchanani/realm/build_pm_deppart/tests/benchmark -ll:gpu 1 -ll:cpu 1 -ll:fsize 8192 -dp:workers 1 -dp:hpool 256 -nocheck -block_random -block_volume 1024 -dp:noisectopt -d1 3 -d2 3 preimage -n 100 -e 100 -p 1 -s 4 -f 5 -b 5,"{""buffer_size"": ""5"", ""cpu_us"": ""846056"", ""d1"": ""3"", ""d2"": ""3"", ""gpu_us"": ""4884"", ""num_edges"": ""100"", ""num_nodes"": ""100"", ""num_pieces"": ""1"", ""num_spaces"": ""4"", ""op"": ""preimage"", ""sparse_factor"": ""5""}","{""d1"": ""3"", ""d2"": ""3"", ""gpu_host_fallback"": ""0"", ""gpu_input_rects"": ""1"", ""gpu_oom_backoffs"": ""0"", ""gpu_scratch_bytes"": ""118454032"", ""gpu_tiles"": ""1"", ""op"": ""preimage"", ""path"": ""ptrs""}",699,3,block_random,1024,4884,846056,ptrs
tile_sweep_publication,preimage,3d,sparse,5,7,2,cpu_source,cpu_us,1,0,0,1,156854032,2,3,3,100,100,4,1,0,1.996115,/pscratch/sd/r/rchanani/realm/build_pm_deppart/tests/benchmark -ll:gpu 1 -ll:cpu 1 -ll:fsize 8192 -dp:workers 1 -dp:hpool 256 -nocheck -block_random -block_volume 1024 -d1 3 -d2 3 preimage -n 100 -e 100 -p 1 -s 4 -f 5 -b 7,"{""buffer_size"": ""7"", ""cpu_us"": ""975853"", ""d1"": ""3"", ""d2"": ""3"", ""gpu_us"": ""4858"", ""num_edges"": ""100"", ""num_nodes"": ""100"", ""num_pieces"": ""1"", ""num_spaces"": ""4"", ""op"": ""preimage"", ""sparse_factor"": ""5""}","{""d1"": ""3"", ""d2"": ""3"", ""gpu_host_fallback"": ""0"", ""gpu_input_rects"": ""1"", ""gpu_oom_backoffs"": ""0"", ""gpu_scratch_bytes"": ""156854032"", ""gpu_tiles"": ""1"", ""op"": ""preimage"", ""path"": ""ptrs""}",700,0,block_random,1024,4858,975853,ptrs
tile_sweep_publication,preimage,3d,sparse,5,7,2,gpu_source,gpu_us,1,0,0,1,156854032,2,3,3,100,100,4,1,0,1.984926,/pscratch/sd/r/rchanani/realm/build_pm_deppart/tests/benchmark -ll:gpu 1 -ll:cpu 1 -ll:fsize 8192 -dp:workers 1 -dp:hpool 256 -nocheck -block_random -block_volume 1024 -dp:noisectopt -d1 3 -d2 3 preimage -n 100 -e 100 -p 1 -s 4 -f 5 -b 7,"{""buffer_size"": ""7"", ""cpu_us"": ""859773"", ""d1"": ""3"", ""d2"": ""3"", ""gpu_us"": ""5500"", ""num_edges"": ""100"", ""num_nodes"": ""100"", ""num_pieces"": ""1"", ""num_spaces"": ""4"", ""op"": ""preimage"", ""sparse_factor"": ""5""}","{""d1"": ""3"", ""d2"": ""3"", ""gpu_host_fallback"": ""0"", ""gpu_input_rects"": ""1"", ""gpu_oom_backoffs"": ""0"", ""gpu_scratch_bytes"": ""156854032"", ""gpu_tiles"": ""1"", ""op"": ""preimage"", ""path"": ""ptrs""}",701,1,block_random,1024,5500,859773,ptrs
tile_sweep_publication,preimage,3d,sparse,5,10,2,cpu_source,cpu_us,1,0,0,1,214454032,2,3,3,100,100,4,1,0,2.241012,/pscratch/sd/r/rchanani/realm/build_pm_deppart/tests/benchmark -ll:gpu 1 -ll:cpu 1 -ll:fsize 8192 -dp:workers 1 -dp:hpool 256 -nocheck -block_random -block_volume 1024 -d1 3 -d2 3 preimage -n 100 -e 100 -p 1 -s 4 -f 5 -b 10,"{""buffer_size"": ""10"", ""cpu_us"": ""982001"", ""d1"": ""3"", ""d2"": ""3"", ""gpu_us"": ""5365"", ""num_edges"": ""100"", ""num_nodes"": ""100"", ""num_pieces"": ""1"", ""num_spaces"": ""4"", ""op"": ""preimage"", ""sparse_factor"": ""5""}","{""d1"": ""3"", ""d2"": ""3"", ""gpu_host_fallback"": ""0"", ""gpu_input_rects"": ""1"", ""gpu_oom_backoffs"": ""0"", ""gpu_scratch_bytes"": ""214454032"", ""gpu_tiles"": ""1"", ""op"": ""preimage"", ""path"": ""ptrs""}",702,2,block_random,1024,5365,982001,ptrs
tile_sweep_publication,preimage,3d,sparse,5,10,2,gpu_source,gpu_us,1,0,0,1,214454032,2,3,3,100,100,4,1,0,1.849921,/pscratch/sd/r/rchanani/realm/build_pm_deppart/tests/benchmark -ll:gpu 1 -ll:cpu 1 -ll:fsize 8192 -dp:workers 1 -dp:hpool 256 -nocheck -block_random -block_volume 1024 -dp:noisectopt -d1 3 -d2 3 preimage -n 100 -e 100 -p 1 -s 4 -f 5 -b 10,"{""buffer_size"": ""10"", ""cpu_us"": ""852737"", ""d1"": ""3"", ""d2"": ""3"", ""gpu_us"": ""4462"", ""num_edges"": ""100"", ""num_nodes"": ""100"", ""num_pieces"": ""1"", ""num_spaces"": ""4"", ""op"": ""preimage"", ""sparse_factor"": ""5""}","{""d1"": ""3"", ""d2"": ""3"", ""gpu_host_fallback"": ""0"", ""gpu_input_rects"": ""1"", ""gpu_oom_backoffs"": ""0"", ""gpu_scratch_bytes"": ""214454032"", ""gpu_tiles"": ""1"", ""op"": ""preimage"", ""path"": ""ptrs""}",703,3,block_random,1024,4462,852737,ptrs
tile_sweep_publication,preimage,3d,sparse,5,15,2,cpu_source,cpu_us,1,0,0,1,310454032,2,3,3,100,100,4,1,0,1.956750,/pscratch/sd/r/rchanani/realm/build_pm_deppart/tests/benchmark -ll:gpu 1 -ll:cpu 1 -ll:fsize 8192 -dp:workers 1 -dp:hpool 256 -nocheck -block_random -block_volume 1024 -d1 3 -d2 3 preimage -n 100 -e 100 -p 1 -s 4 -f 5 -b 15,"{""buffer_size"": ""15"", ""cpu_us"": ""975553"", ""d1"": ""3"", ""d2"": ""3"", ""gpu_us"": ""4697"", ""num_edges"": ""100"", ""num_nodes"": ""100"", ""num_pieces"": ""1"", ""num_spaces"": ""4"", ""op"": ""preimage"", ""sparse_factor"": ""5""}","{""d1"": ""3"", ""d2"": ""3"", ""gpu_host_fallback"": ""0"", ""gpu_input_rects"": ""1"", ""gpu_oom_backoffs"": ""0"", ""gpu_scratch_bytes"": ""310454032"", ""gpu_tiles"": ""1"", ""op"": ""preimage"", ""path"": ""ptrs""}",704,0,block_random,1024,4697,975553,ptrs
tile_sweep_publication,preimage,3d,sparse,5,15,2,gpu_source,gpu_us,1,0,0,1,310454032,2,3,3,100,100,4,1,0,2.086764,/pscratch/sd/r/rchanani/realm/build_pm_deppart/tests/benchmark -ll:gpu 1 -ll:cpu 1 -ll:fsize 8192 -dp:workers 1 -dp:hpool 256 -nocheck -block_random -block_volume 1024 -dp:noisectopt -d1 3 -d2 3 preimage -n 100 -e 100 -p 1 -s 4 -f 5 -b 15,"{""buffer_size"": ""15"", ""cpu_us"": ""854661"", ""d1"": ""3"", ""d2"": ""3"", ""gpu_us"": ""5193"", ""num_edges"": ""100"", ""num_nodes"": ""100"", ""num_pieces"": ""1"", ""num_spaces"": ""4"", ""op"": ""preimage"", ""sparse_factor"": ""5""}","{""d1"": ""3"", ""d2"": ""3"", ""gpu_host_fallback"": ""0"", ""gpu_input_rects"": ""1"", ""gpu_oom_backoffs"": ""0"", ""gpu_scratch_bytes"": ""310454032"", ""gpu_tiles"": ""1"", ""op"": ""preimage"", ""path"": ""ptrs""}",705,1,block_random,1024,5193,854661,ptrs
tile_sweep_publication,preimage,3d,sparse,5,20,2,cpu_source,cpu_us,1,0,0,1,406454032,2,3,3,100,100,4,1,0,2.278961,/pscratch/sd/r/rchanani/realm/build_pm_deppart/tests/benchmark -ll:gpu 1 -ll:cpu 1 -ll:fsize 8192 -dp:workers 1 -dp:hpool 256 -nocheck -block_random -block_volume 1024 -d1 3 -d2 3 preimage -n 100 -e 100 -p 1 -s 4 -f 5 -b 20,"{""buffer_size"": ""20"", ""cpu_us"": ""984561"", ""d1"": ""3"", ""d2"": ""3"", ""gpu_us"": ""5387"", ""num_edges"": ""100"", ""num_nodes"": ""100"", ""num_pieces"": ""1"", ""num_spaces"": ""4"", ""op"": ""preimage"", ""sparse_factor"": ""5""}","{""d1"": ""3"", ""d2"": ""3"", ""gpu_host_fallback"": ""0"", ""gpu_input_rects"": ""1"", ""gpu_oom_backoffs"": ""0"", ""gpu_scratch_bytes"": ""406454032"", ""gpu_tiles"": ""1"", ""op"": ""preimage"", ""path"": ""ptrs""}",706,2,block_random,1024,5387,984561,ptrs
tile_sweep_publication,preimage,3d,sparse,5,20,2,gpu_source,gpu_us,1,0,0,1,406454032,2,3,3,100,100,4,1,0,1.888942,/pscratch/sd/r/rchanani/realm/build_pm_deppart/tests/benchmark -ll:gpu 1 -ll:cpu 1 -ll:fsize 8192 -dp:workers 1 -dp:hpool 256 -nocheck -block_random -block_volume 1024 -dp:noisectopt -d1 3 -d2 3 preimage -n 100 -e 100 -p 1 -s 4 -f 5 -b 20,"{""buffer_size"": ""20"", ""cpu_us"": ""853731"", ""d1"": ""3"", ""d2"": ""3"", ""gpu_us"": ""4793"", ""num_edges"": ""100"", ""num_nodes"": ""100"", ""num_pieces"": ""1"", ""num_spaces"": ""4"", ""op"": ""preimage"", ""sparse_factor"": ""5""}","{""d1"": ""3"", ""d2"": ""3"", ""gpu_host_fallback"": ""0"", ""gpu_input_rects"": ""1"", ""gpu_oom_backoffs"": ""0"", ""gpu_scratch_bytes"": ""406454032"", ""gpu_tiles"": ""1"", ""op"": ""preimage"", ""path"": ""ptrs""}",707,3,block_random,1024,4793,853731,ptrs
tile_sweep_publication,preimage,3d,sparse,5,25,2,cpu_source,cpu_us,1,0,0,1,502454032,2,3,3,100,100,4,1,0,1.937491,/pscratch/sd/r/rchanani/realm/build_pm_deppart/tests/benchmark -ll:gpu 1 -ll:cpu 1 -ll:fsize 8192 -dp:workers 1 -dp:hpool 256 -nocheck -block_random -block_volume 1024 -d1 3 -d2 3 preimage -n 100 -e 100 -p 1 -s 4 -f 5 -b 25,"{""buffer_size"": ""25"", ""cpu_us"": ""968855"", ""d1"": ""3"", ""d2"": ""3"", ""gpu_us"": ""4937"", ""num_edges"": ""100"", ""num_nodes"": ""100"", ""num_pieces"": ""1"", ""num_spaces"": ""4"", ""op"": ""preimage"", ""sparse_factor"": ""5""}","{""d1"": ""3"", ""d2"": ""3"", ""gpu_host_fallback"": ""0"", ""gpu_input_rects"": ""1"", ""gpu_oom_backoffs"": ""0"", ""gpu_scratch_bytes"": ""502454032"", ""gpu_tiles"": ""1"", ""op"": ""preimage"", ""path"": ""ptrs""}",708,0,block_random,1024,4937,968855,ptrs
tile_sweep_publication,preimage,3d,sparse,5,25,2,gpu_source,gpu_us,1,0,0,1,502454032,2,3,3,100,100,4,1,0,2.004947,/pscratch/sd/r/rchanani/realm/build_pm_deppart/tests/benchmark -ll:gpu 1 -ll:cpu 1 -ll:fsize 8192 -dp:workers 1 -dp:hpool 256 -nocheck -block_random -block_volume 1024 -dp:noisectopt -d1 3 -d2 3 preimage -n 100 -e 100 -p 1 -s 4 -f 5 -b 25,"{""buffer_size"": ""25"", ""cpu_us"": ""860641"", ""d1"": ""3"", ""d2"": ""3"", ""gpu_us"": ""5270"", ""num_edges"": ""100"", ""num_nodes"": ""100"", ""num_pieces"": ""1"", ""num_spaces"": ""4"", ""op"": ""preimage"", ""sparse_factor"": ""5""}","{""d1"": ""3"", ""d2"": ""3"", ""gpu_host_fallback"": ""0"", ""gpu_input_rects"": ""1"", ""gpu_oom_backoffs"": ""0"", ""gpu_scratch_bytes"": ""502454032"", ""gpu_tiles"": ""1"", ""op"": ""preimage"", ""path"": ""ptrs""}",709,1,block_random,1024,5270,860641,ptrs
tile_sweep_publication,preimage,3d,sparse,5,30,2,cpu_source,cpu_us,1,0,0,1,598454032,2,3,3,100,100,4,1,0,2.188015,/pscratch/sd/r/rchanani/realm/build_pm_deppart/tests/benchmark -ll:gpu 1 -ll:cpu 1 -ll:fsize 8192 -dp:workers 1 -dp:hpool 256 -nocheck -block_random -block_volume 1024 -d1 3 -d2 3 preimage -n 100 -e 100 -p 1 -s 4 -f 5 -b 30,"{""buffer_size"": ""30"", ""cpu_us"": ""1005032"", ""d1"": ""3"", ""d2"": ""3"", ""gpu_us"": ""5403"", ""num_edges"": ""100"", ""num_nodes"": ""100"", ""num_pieces"": ""1"", ""num_spaces"": ""4"", ""op"": ""preimage"", ""sparse_factor"": ""5""}","{""d1"": ""3"", ""d2"": ""3"", ""gpu_host_fallback"": ""0"", ""gpu_input_rects"": ""1"", ""gpu_oom_backoffs"": ""0"", ""gpu_scratch_bytes"": ""598454032"", ""gpu_tiles"": ""1"", ""op"": ""preimage"", ""path"": ""ptrs""}",710,2,block_random,1024,5403,1005032,ptrs
tile_sweep_publication,preimage,3d,sparse,5,30,2,gpu_source,gpu_us,1,0,0,1,598454032,2,3,3,100,100,4,1,0,1.827580,/pscratch/sd/r/rchanani/realm/build_pm_deppart/tests/benchmark -ll:gpu 1 -ll:cpu 1 -ll:fsize 8192 -dp:workers 1 -dp:hpool 256 -nocheck -block_random -block_volume 1024 -dp:noisectopt -d1 3 -d2 3 preimage -n 100 -e 100 -p 1 -s 4 -f 5 -b 30,"{""buffer_size"": ""30"", ""cpu_us"": ""848882"", ""d1"": ""3"", ""d2"": ""3"", ""gpu_us"": ""4791"", ""num_edges"": ""100"", ""num_nodes"": ""100"", ""num_pieces"": ""1"", ""num_spaces"": ""4"", ""op"": ""preimage"", ""sparse_factor"": ""5""}","{""d1"": ""3"", ""d2"": ""3"", ""gpu_host_fallback"": ""0"", ""gpu_input_rects"": ""1"", ""gpu_oom_backoffs"": ""0"", ""gpu_scratch_bytes"": ""598454032"", ""gpu_tiles"": ""1"", ""op"": ""preimage"", ""path"": ""ptrs""}",711,3,block_random,1024,4791,848882,ptrs
tile_sweep_publication,preimage,3d,sparse,5,40,2,cpu_source,cpu_us,1,0,0,1,790454032,2,3,3,100,100,4,1,0,1.941456,/pscratch/sd/r/rchanani/realm/build_pm_deppart/tests/benchmark -ll:gpu 1 -ll:cpu 1 -ll:fsize 8192 -dp:workers 1 -dp:hpool 256 -nocheck -block_random -block_volume 1024 -d1 3 -d2 3 preimage -n 100 -e 100 -p 1 -s 4 -f 5 -b 40,"{""buffer_size"": ""40"", ""cpu_us"": ""967714"", ""d1"": ""3"", ""d2"": ""3"", ""gpu_us"": ""4724"", ""num_edges"": ""100"", ""num_nodes"": ""100"", ""num_pieces"": ""1"", ""num_spaces"": ""4"", ""op"": ""preimage"", ""sparse_factor"": ""5""}","{""d1"": ""3"", ""d2"": ""3"", ""gpu_host_fallback"": ""0"", ""gpu_input_rects"": ""1"", ""gpu_oom_backoffs"": ""0"", ""gpu_scratch_bytes"": ""790454032"", ""gpu_tiles"": ""1"", ""op"": ""preimage"", ""path"": ""ptrs""}",712,0,block_random,1024,4724,967714,ptrs
tile_sweep_publication,preimage,3d,sparse,5,40,2,gpu_source,gpu_us,1,0,0,1,790454032,2,3,3,100,100,4,1,0,1.964943,/pscratch/sd/r/rchanani/realm/build_pm_deppart/tests/benchmark -ll:gpu 1 -ll:cpu 1 -ll:fsize 8192 -dp:workers 1 -dp:hpool 256 -nocheck -block_random -block_volume 1024 -dp:noisectopt -d1 3 -d2 3 preimage -n 100 -e 100 -p 1 -s 4 -f 5 -b 40,"{""buffer_size"": ""40"", ""cpu_us"": ""857120"", ""d1"": ""3"", ""d2"": ""3"", ""gpu_us"": ""5311"", ""num_edges"": ""100"", ""num_nodes"": ""100"", ""num_pieces"": ""1"", ""num_spaces"": ""4"", ""op"": ""preimage"", ""sparse_factor"": ""5""}","{""d1"": ""3"", ""d2"": ""3"", ""gpu_host_fallback"": ""0"", ""gpu_input_rects"": ""1"", ""gpu_oom_backoffs"": ""0"", ""gpu_scratch_bytes"": ""790454032"", ""gpu_tiles"": ""1"", ""op"": ""preimage"", ""path"": ""ptrs""}",713,1,block_random,1024,5311,857120,ptrs
tile_sweep_publication,preimage,3d,sparse,5,50,2,cpu_source,cpu_us,1,0,0,1,982454032,2,3,3,100,100,4,1,0,2.251582,/pscratch/sd/r/rchanani/realm/build_pm_deppart/tests/benchmark -ll:gpu 1 -ll:cpu 1 -ll:fsize 8192 -dp:workers 1 -dp:hpool 256 -nocheck -block_random -block_volume 1024 -d1 3 -d2 3 preimage -n 100 -e 100 -p 1 -s 4 -f 5 -b 50,"{""buffer_size"": ""50"", ""cpu_us"": ""1002924"", ""d1"": ""3"", ""d2"": ""3"", ""gpu_us"": ""5319"", ""num_edges"": ""100"", ""num_nodes"": ""100"", ""num_pieces"": ""1"", ""num_spaces"": ""4"", ""op"": ""preimage"", ""sparse_factor"": ""5""}","{""d1"": ""3"", ""d2"": ""3"", ""gpu_host_fallback"": ""0"", ""gpu_input_rects"": ""1"", ""gpu_oom_backoffs"": ""0"", ""gpu_scratch_bytes"": ""982454032"", ""gpu_tiles"": ""1"", ""op"": ""preimage"", ""path"": ""ptrs""}",714,2,block_random,1024,5319,1002924,ptrs
tile_sweep_publication,preimage,3d,sparse,5,50,2,gpu_source,gpu_us,1,0,0,1,982454032,2,3,3,100,100,4,1,0,1.853453,/pscratch/sd/r/rchanani/realm/build_pm_deppart/tests/benchmark -ll:gpu 1 -ll:cpu 1 -ll:fsize 8192 -dp:workers 1 -dp:hpool 256 -nocheck -block_random -block_volume 1024 -dp:noisectopt -d1 3 -d2 3 preimage -n 100 -e 100 -p 1 -s 4 -f 5 -b 50,"{""buffer_size"": ""50"", ""cpu_us"": ""862413"", ""d1"": ""3"", ""d2"": ""3"", ""gpu_us"": ""4555"", ""num_edges"": ""100"", ""num_nodes"": ""100"", ""num_pieces"": ""1"", ""num_spaces"": ""4"", ""op"": ""preimage"", ""sparse_factor"": ""5""}","{""d1"": ""3"", ""d2"": ""3"", ""gpu_host_fallback"": ""0"", ""gpu_input_rects"": ""1"", ""gpu_oom_backoffs"": ""0"", ""gpu_scratch_bytes"": ""982454032"", ""gpu_tiles"": ""1"", ""op"": ""preimage"", ""path"": ""ptrs""}",715,3,block_random,1024,4555,862413,ptrs
tile_sweep_publication,preimage,3d,sparse,5,75,2,cpu_source,cpu_us,1,0,0,1,1462454032,2,3,3,100,100,4,1,0,1.947407,/pscratch/sd/r/rchanani/realm/build_pm_deppart/tests/benchmark -ll:gpu 1 -ll:cpu 1 -ll:fsize 8192 -dp:workers 1 -dp:hpool 256 -nocheck -block_random -block_volume 1024 -d1 3 -d2 3 preimage -n 100 -e 100 -p 1 -s 4 -f 5 -b 75,"{""buffer_size"": ""75"", ""cpu_us"": ""974201"", ""d1"": ""3"", ""d2"": ""3"", ""gpu_us"": ""4765"", ""num_edges"": ""100"", ""num_nodes"": ""100"", ""num_pieces"": ""1"", ""num_spaces"": ""4"", ""op"": ""preimage"", ""sparse_factor"": ""5""}","{""d1"": ""3"", ""d2"": ""3"", ""gpu_host_fallback"": ""0"", ""gpu_input_rects"": ""1"", ""gpu_oom_backoffs"": ""0"", ""gpu_scratch_bytes"": ""1462454032"", ""gpu_tiles"": ""1"", ""op"": ""preimage"", ""path"": ""ptrs""}",716,0,block_random,1024,4765,974201,ptrs
tile_sweep_publication,preimage,3d,sparse,5,75,2,gpu_source,gpu_us,1,0,0,1,1462454032,2,3,3,100,100,4,1,0,1.982787,/pscratch/sd/r/rchanani/realm/build_pm_deppart/tests/benchmark -ll:gpu 1 -ll:cpu 1 -ll:fsize 8192 -dp:workers 1 -dp:hpool 256 -nocheck -block_random -block_volume 1024 -dp:noisectopt -d1 3 -d2 3 preimage -n 100 -e 100 -p 1 -s 4 -f 5 -b 75,"{""buffer_size"": ""75"", ""cpu_us"": ""859745"", ""d1"": ""3"", ""d2"": ""3"", ""gpu_us"": ""5076"", ""num_edges"": ""100"", ""num_nodes"": ""100"", ""num_pieces"": ""1"", ""num_spaces"": ""4"", ""op"": ""preimage"", ""sparse_factor"": ""5""}","{""d1"": ""3"", ""d2"": ""3"", ""gpu_host_fallback"": ""0"", ""gpu_input_rects"": ""1"", ""gpu_oom_backoffs"": ""0"", ""gpu_scratch_bytes"": ""1462454032"", ""gpu_tiles"": ""1"", ""op"": ""preimage"", ""path"": ""ptrs""}",717,1,block_random,1024,5076,859745,ptrs
tile_sweep_publication,preimage,3d,sparse,5,100,2,cpu_source,cpu_us,1,0,0,1,1942454032,2,3,3,100,100,4,1,0,2.158686,/pscratch/sd/r/rchanani/realm/build_pm_deppart/tests/benchmark -ll:gpu 1 -ll:cpu 1 -ll:fsize 8192 -dp:workers 1 -dp:hpool 256 -nocheck -block_random -block_volume 1024 -d1 3 -d2 3 preimage -n 100 -e 100 -p 1 -s 4 -f 5 -b 100,"{""buffer_size"": ""100"", ""cpu_us"": ""983743"", ""d1"": ""3"", ""d2"": ""3"", ""gpu_us"": ""5375"", ""num_edges"": ""100"", ""num_nodes"": ""100"", ""num_pieces"": ""1"", ""num_spaces"": ""4"", ""op"": ""preimage"", ""sparse_factor"": ""5""}","{""d1"": ""3"", ""d2"": ""3"", ""gpu_host_fallback"": ""0"", ""gpu_input_rects"": ""1"", ""gpu_oom_backoffs"": ""0"", ""gpu_scratch_bytes"": ""1942454032"", ""gpu_tiles"": ""1"", ""op"": ""preimage"", ""path"": ""ptrs""}",718,2,block_random,1024,5375,983743,ptrs
tile_sweep_publication,preimage,3d,sparse,5,100,2,gpu_source,gpu_us,1,0,0,1,1942454032,2,3,3,100,100,4,1,0,1.833887,/pscratch/sd/r/rchanani/realm/build_pm_deppart/tests/benchmark -ll:gpu 1 -ll:cpu 1 -ll:fsize 8192 -dp:workers 1 -dp:hpool 256 -nocheck -block_random -block_volume 1024 -dp:noisectopt -d1 3 -d2 3 preimage -n 100 -e 100 -p 1 -s 4 -f 5 -b 100,"{""buffer_size"": ""100"", ""cpu_us"": ""850721"", ""d1"": ""3"", ""d2"": ""3"", ""gpu_us"": ""4882"", ""num_edges"": ""100"", ""num_nodes"": ""100"", ""num_pieces"": ""1"", ""num_spaces"": ""4"", ""op"": ""preimage"", ""sparse_factor"": ""5""}","{""d1"": ""3"", ""d2"": ""3"", ""gpu_host_fallback"": ""0"", ""gpu_input_rects"": ""1"", ""gpu_oom_backoffs"": ""0"", ""gpu_scratch_bytes"": ""1942454032"", ""gpu_tiles"": ""1"", ""op"": ""preimage"", ""path"": ""ptrs""}",719,3,block_random,1024,4882,850721,ptrs
tile_sweep_publication,image,1d,dense,1,1,3,cpu_source,cpu_us,32,104,1,32,14800000,2,1,1,1000000,1000000,4,1,0,4.432769,/pscratch/sd/r/rchanani/realm/build_pm_deppart/tests/benchmark -ll:gpu 1 -ll:cpu 1 -ll:fsize 8192 -dp:workers 1 -dp:hpool 256 -nocheck -block_random -block_volume 1024 -d1 1 -d2 1 image -n 1000000 -e 1000000 -p 1 -s 4 -f 1 -b 1,"{""buffer_size"": ""1"", ""cpu_us"": ""46035"", ""d1"": ""1"", ""d2"": ""1"", ""gpu_us"": ""35085"", ""num_edges"": ""1000000"", ""num_nodes"": ""1000000"", ""num_pieces"": ""1"", ""num_spaces"": ""4"", ""op"": ""image"", ""sparse_factor"": ""1""}","{""d1"": ""1"", ""d2"": ""1"", ""gpu_host_fallback"": ""1"", ""gpu_input_rects"": ""32"", ""gpu_oom_backoffs"": ""104"", ""gpu_scratch_bytes"": ""14800000"", ""gpu_tiles"": ""32"", ""op"": ""image"", ""path"": ""ptrs""}",720,0,block_random,1024,35085,46035,ptrs
tile_sweep_publication,image,1d,dense,1,1,3,gpu_source,gpu_us,32,104,1,32,14800000,2,1,1,1000000,1000000,4,1,0,4.782879,/pscratch/sd/r/rchanani/realm/build_pm_deppart/tests/benchmark -ll:gpu 1 -ll:cpu 1 -ll:fsize 8192 -dp:workers 1 -dp:hpool 256 -nocheck -block_random -block_volume 1024 -dp:noisectopt -d1 1 -d2 1 image -n 1000000 -e 1000000 -p 1 -s 4 -f 1 -b 1,"{""buffer_size"": ""1"", ""cpu_us"": ""45702"", ""d1"": ""1"", ""d2"": ""1"", ""gpu_us"": ""37925"", ""num_edges"": ""1000000"", ""num_nodes"": ""1000000"", ""num_pieces"": ""1"", ""num_spaces"": ""4"", ""op"": ""image"", ""sparse_factor"": ""1""}","{""d1"": ""1"", ""d2"": ""1"", ""gpu_host_fallback"": ""1"", ""gpu_input_rects"": ""32"", ""gpu_oom_backoffs"": ""104"", ""gpu_scratch_bytes"": ""14800000"", ""gpu_tiles"": ""32"", ""op"": ""image"", ""path"": ""ptrs""}",721,1,block_random,1024,37925,45702,ptrs
tile_sweep_publication,image,1d,dense,1,2,3,cpu_source,cpu_us,16,39,1,16,27600001,2,1,1,1000000,1000000,4,1,0,4.578578,/pscratch/sd/r/rchanani/realm/build_pm_deppart/tests/benchmark -ll:gpu 1 -ll:cpu 1 -ll:fsize 8192 -dp:workers 1 -dp:hpool 256 -nocheck -block_random -block_volume 1024 -d1 1 -d2 1 image -n 1000000 -e 1000000 -p 1 -s 4 -f 1 -b 2,"{""buffer_size"": ""2"", ""cpu_us"": ""46373"", ""d1"": ""1"", ""d2"": ""1"", ""gpu_us"": ""16625"", ""num_edges"": ""1000000"", ""num_nodes"": ""1000000"", ""num_pieces"": ""1"", ""num_spaces"": ""4"", ""op"": ""image"", ""sparse_factor"": ""1""}","{""d1"": ""1"", ""d2"": ""1"", ""gpu_host_fallback"": ""1"", ""gpu_input_rects"": ""16"", ""gpu_oom_backoffs"": ""39"", ""gpu_scratch_bytes"": ""27600001"", ""gpu_tiles"": ""16"", ""op"": ""image"", ""path"": ""ptrs""}",722,2,block_random,1024,16625,46373,ptrs
tile_sweep_publication,image,1d,dense,1,2,3,gpu_source,gpu_us,16,39,1,16,27600001,2,1,1,1000000,1000000,4,1,0,4.486355,/pscratch/sd/r/rchanani/realm/build_pm_deppart/tests/benchmark -ll:gpu 1 -ll:cpu 1 -ll:fsize 8192 -dp:workers 1 -dp:hpool 256 -nocheck -block_random -block_volume 1024 -dp:noisectopt -d1 1 -d2 1 image -n 1000000 -e 1000000 -p 1 -s 4 -f 1 -b 2,"{""buffer_size"": ""2"", ""cpu_us"": ""45884"", ""d1"": ""1"", ""d2"": ""1"", ""gpu_us"": ""17909"", ""num_edges"": ""1000000"", ""num_nodes"": ""1000000"", ""num_pieces"": ""1"", ""num_spaces"": ""4"", ""op"": ""image"", ""sparse_factor"": ""1""}","{""d1"": ""1"", ""d2"": ""1"", ""gpu_host_fallback"": ""1"", ""gpu_input_rects"": ""16"", ""gpu_oom_backoffs"": ""39"", ""gpu_scratch_bytes"": ""27600001"", ""gpu_tiles"": ""16"", ""op"": ""image"", ""path"": ""ptrs""}",723,3,block_random,1024,17909,45884,ptrs
tile_sweep_publication,image,1d,dense,1,3,3,cpu_source,cpu_us,16,39,1,16,40400001,2,1,1,1000000,1000000,4,1,0,4.433545,/pscratch/sd/r/rchanani/realm/build_pm_deppart/tests/benchmark -ll:gpu 1 -ll:cpu 1 -ll:fsize 8192 -dp:workers 1 -dp:hpool 256 -nocheck -block_random -block_volume 1024 -d1 1 -d2 1 image -n 1000000 -e 1000000 -p 1 -s 4 -f 1 -b 3,"{""buffer_size"": ""3"", ""cpu_us"": ""45515"", ""d1"": ""1"", ""d2"": ""1"", ""gpu_us"": ""16798"", ""num_edges"": ""1000000"", ""num_nodes"": ""1000000"", ""num_pieces"": ""1"", ""num_spaces"": ""4"", ""op"": ""image"", ""sparse_factor"": ""1""}","{""d1"": ""1"", ""d2"": ""1"", ""gpu_host_fallback"": ""1"", ""gpu_input_rects"": ""16"", ""gpu_oom_backoffs"": ""39"", ""gpu_scratch_bytes"": ""40400001"", ""gpu_tiles"": ""16"", ""op"": ""image"", ""path"": ""ptrs""}",724,0,block_random,1024,16798,45515,ptrs
tile_sweep_publication,image,1d,dense,1,3,3,gpu_source,gpu_us,16,39,1,16,40400001,2,1,1,1000000,1000000,4,1,0,4.582014,/pscratch/sd/r/rchanani/realm/build_pm_deppart/tests/benchmark -ll:gpu 1 -ll:cpu 1 -ll:fsize 8192 -dp:workers 1 -dp:hpool 256 -nocheck -block_random -block_volume 1024 -dp:noisectopt -d1 1 -d2 1 image -n 1000000 -e 1000000 -p 1 -s 4 -f 1 -b 3,"{""buffer_size"": ""3"", ""cpu_us"": ""46089"", ""d1"": ""1"", ""d2"": ""1"", ""gpu_us"": ""18227"", ""num_edges"": ""1000000"", ""num_nodes"": ""1000000"", ""num_pieces"": ""1"", ""num_spaces"": ""4"", ""op"": ""image"", ""sparse_factor"": ""1""}","{""d1"": ""1"", ""d2"": ""1"", ""gpu_host_fallback"": ""1"", ""gpu_input_rects"": ""16"", ""gpu_oom_backoffs"": ""39"", ""gpu_scratch_bytes"": ""40400001"", ""gpu_tiles"": ""16"", ""op"": ""image"", ""path"": ""ptrs""}",725,1,block_random,1024,18227,46089,ptrs
tile_sweep_publication,image,1d,dense,1,4,3,cpu_source,cpu_us,8,14,1,8,53200002,2,1,1,1000000,1000000,4,1,0,4.654569,/pscratch/sd/r/rchanani/realm/build_pm_deppart/tests/benchmark -ll:gpu 1 -ll:cpu 1 -ll:fsize 8192 -dp:workers 1 -dp:hpool 256 -nocheck -block_random -block_volume 1024 -d1 1 -d2 1 image -n 1000000 -e 1000000 -p 1 -s 4 -f 1 -b 4,"{""buffer_size"": ""4"", ""cpu_us"": ""46977"", ""d1"": ""1"", ""d2"": ""1"", ""gpu_us"": ""8679"", ""num_edges"": ""1000000"", ""num_nodes"": ""1000000"", ""num_pieces"": ""1"", ""num_spaces"": ""4"", ""op"": ""image"", ""sparse_factor"": ""1""}","{""d1"": ""1"", ""d2"": ""1"", ""gpu_host_fallback"": ""1"", ""gpu_input_rects"": ""8"", ""gpu_oom_backoffs"": ""14"", ""gpu_scratch_bytes"": ""53200002"", ""gpu_tiles"": ""8"", ""op"": ""image"", ""path"": ""ptrs""}",726,2,block_random,1024,8679,46977,ptrs
tile_sweep_publication,image,1d,dense,1,4,3,gpu_source,gpu_us,8,14,1,8,53200002,2,1,1,1000000,1000000,4,1,0,4.421709,/pscratch/sd/r/rchanani/realm/build_pm_deppart/tests/benchmark -ll:gpu 1 -ll:cpu 1 -ll:fsize 8192 -dp:workers 1 -dp:hpool 256 -nocheck -block_random -block_volume 1024 -dp:noisectopt -d1 1 -d2 1 image -n 1000000 -e 1000000 -p 1 -s 4 -f 1 -b 4,"{""buffer_size"": ""4"", ""cpu_us"": ""47160"", ""d1"": ""1"", ""d2"": ""1"", ""gpu_us"": ""10693"", ""num_edges"": ""1000000"", ""num_nodes"": ""1000000"", ""num_pieces"": ""1"", ""num_spaces"": ""4"", ""op"": ""image"", ""sparse_factor"": ""1""}","{""d1"": ""1"", ""d2"": ""1"", ""gpu_host_fallback"": ""1"", ""gpu_input_rects"": ""8"", ""gpu_oom_backoffs"": ""14"", ""gpu_scratch_bytes"": ""53200002"", ""gpu_tiles"": ""8"", ""op"": ""image"", ""path"": ""ptrs""}",727,3,block_random,1024,10693,47160,ptrs
tile_sweep_publication,image,1d,dense,1,5,3,cpu_source,cpu_us,8,14,1,8,66000003,2,1,1,1000000,1000000,4,1,0,4.444110,/pscratch/sd/r/rchanani/realm/build_pm_deppart/tests/benchmark -ll:gpu 1 -ll:cpu 1 -ll:fsize 8192 -dp:workers 1 -dp:hpool 256 -nocheck -block_random -block_volume 1024 -d1 1 -d2 1 image -n 1000000 -e 1000000 -p 1 -s 4 -f 1 -b 5,"{""buffer_size"": ""5"", ""cpu_us"": ""47375"", ""d1"": ""1"", ""d2"": ""1"", ""gpu_us"": ""9159"", ""num_edges"": ""1000000"", ""num_nodes"": ""1000000"", ""num_pieces"": ""1"", ""num_spaces"": ""4"", ""op"": ""image"", ""sparse_factor"": ""1""}","{""d1"": ""1"", ""d2"": ""1"", ""gpu_host_fallback"": ""1"", ""gpu_input_rects"": ""8"", ""gpu_oom_backoffs"": ""14"", ""gpu_scratch_bytes"": ""66000003"", ""gpu_tiles"": ""8"", ""op"": ""image"", ""path"": ""ptrs""}",728,0,block_random,1024,9159,47375,ptrs
tile_sweep_publication,image,1d,dense,1,5,3,gpu_source,gpu_us,8,14,1,8,66000003,2,1,1,1000000,1000000,4,1,0,4.563123,/pscratch/sd/r/rchanani/realm/build_pm_deppart/tests/benchmark -ll:gpu 1 -ll:cpu 1 -ll:fsize 8192 -dp:workers 1 -dp:hpool 256 -nocheck -block_random -block_volume 1024 -dp:noisectopt -d1 1 -d2 1 image -n 1000000 -e 1000000 -p 1 -s 4 -f 1 -b 5,"{""buffer_size"": ""5"", ""cpu_us"": ""45763"", ""d1"": ""1"", ""d2"": ""1"", ""gpu_us"": ""9569"", ""num_edges"": ""1000000"", ""num_nodes"": ""1000000"", ""num_pieces"": ""1"", ""num_spaces"": ""4"", ""op"": ""image"", ""sparse_factor"": ""1""}","{""d1"": ""1"", ""d2"": ""1"", ""gpu_host_fallback"": ""1"", ""gpu_input_rects"": ""8"", ""gpu_oom_backoffs"": ""14"", ""gpu_scratch_bytes"": ""66000003"", ""gpu_tiles"": ""8"", ""op"": ""image"", ""path"": ""ptrs""}",729,1,block_random,1024,9569,45763,ptrs
tile_sweep_publication,image,1d,dense,1,7,3,cpu_source,cpu_us,4,5,1,4,91600004,2,1,1,1000000,1000000,4,1,0,4.601418,/pscratch/sd/r/rchanani/realm/build_pm_deppart/tests/benchmark -ll:gpu 1 -ll:cpu 1 -ll:fsize 8192 -dp:workers 1 -dp:hpool 256 -nocheck -block_random -block_volume 1024 -d1 1 -d2 1 image -n 1000000 -e 1000000 -p 1 -s 4 -f 1 -b 7,"{""buffer_size"": ""7"", ""cpu_us"": ""46252"", ""d1"": ""1"", ""d2"": ""1"", ""gpu_us"": ""4948"", ""num_edges"": ""1000000"", ""num_nodes"": ""1000000"", ""num_pieces"": ""1"", ""num_spaces"": ""4"", ""op"": ""image"", ""sparse_factor"": ""1""}","{""d1"": ""1"", ""d2"": ""1"", ""gpu_host_fallback"": ""1"", ""gpu_input_rects"": ""4"", ""gpu_oom_backoffs"": ""5"", ""gpu_scratch_bytes"": ""91600004"", ""gpu_tiles"": ""4"", ""op"": ""image"", ""path"": ""ptrs""}",730,2,block_random,1024,4948,46252,ptrs
tile_sweep_publication,image,1d,dense,1,7,3,gpu_source,gpu_us,4,5,1,4,91600004,2,1,1,1000000,1000000,4,1,0,4.402797,/pscratch/sd/r/rchanani/realm/build_pm_deppart/tests/benchmark -ll:gpu 1 -ll:cpu 1 -ll:fsize 8192 -dp:workers 1 -dp:hpool 256 -nocheck -block_random -block_volume 1024 -dp:noisectopt -d1 1 -d2 1 image -n 1000000 -e 1000000 -p 1 -s 4 -f 1 -b 7,"{""buffer_size"": ""7"", ""cpu_us"": ""45449"", ""d1"": ""1"", ""d2"": ""1"", ""gpu_us"": ""5078"", ""num_edges"": ""1000000"", ""num_nodes"": ""1000000"", ""num_pieces"": ""1"", ""num_spaces"": ""4"", ""op"": ""image"", ""sparse_factor"": ""1""}","{""d1"": ""1"", ""d2"": ""1"", ""gpu_host_fallback"": ""1"", ""gpu_input_rects"": ""4"", ""gpu_oom_backoffs"": ""5"", ""gpu_scratch_bytes"": ""91600004"", ""gpu_tiles"": ""4"", ""op"": ""image"", ""path"": ""ptrs""}",731,3,block_random,1024,5078,45449,ptrs
tile_sweep_publication,image,1d,dense,1,10,3,cpu_source,cpu_us,4,5,1,4,130000006,2,1,1,1000000,1000000,4,1,0,4.480457,/pscratch/sd/r/rchanani/realm/build_pm_deppart/tests/benchmark -ll:gpu 1 -ll:cpu 1 -ll:fsize 8192 -dp:workers 1 -dp:hpool 256 -nocheck -block_random -block_volume 1024 -d1 1 -d2 1 image -n 1000000 -e 1000000 -p 1 -s 4 -f 1 -b 10,"{""buffer_size"": ""10"", ""cpu_us"": ""49990"", ""d1"": ""1"", ""d2"": ""1"", ""gpu_us"": ""5117"", ""num_edges"": ""1000000"", ""num_nodes"": ""1000000"", ""num_pieces"": ""1"", ""num_spaces"": ""4"", ""op"": ""image"", ""sparse_factor"": ""1""}","{""d1"": ""1"", ""d2"": ""1"", ""gpu_host_fallback"": ""1"", ""gpu_input_rects"": ""4"", ""gpu_oom_backoffs"": ""5"", ""gpu_scratch_bytes"": ""130000006"", ""gpu_tiles"": ""4"", ""op"": ""image"", ""path"": ""ptrs""}",732,0,block_random,1024,5117,49990,ptrs
tile_sweep_publication,image,1d,dense,1,10,3,gpu_source,gpu_us,4,5,1,4,130000006,2,1,1,1000000,1000000,4,1,0,4.588851,/pscratch/sd/r/rchanani/realm/build_pm_deppart/tests/benchmark -ll:gpu 1 -ll:cpu 1 -ll:fsize 8192 -dp:workers 1 -dp:hpool 256 -nocheck -block_random -block_volume 1024 -dp:noisectopt -d1 1 -d2 1 image -n 1000000 -e 1000000 -p 1 -s 4 -f 1 -b 10,"{""buffer_size"": ""10"", ""cpu_us"": ""48743"", ""d1"": ""1"", ""d2"": ""1"", ""gpu_us"": ""5132"", ""num_edges"": ""1000000"", ""num_nodes"": ""1000000"", ""num_pieces"": ""1"", ""num_spaces"": ""4"", ""op"": ""image"", ""sparse_factor"": ""1""}","{""d1"": ""1"", ""d2"": ""1"", ""gpu_host_fallback"": ""1"", ""gpu_input_rects"": ""4"", ""gpu_oom_backoffs"": ""5"", ""gpu_scratch_bytes"": ""130000006"", ""gpu_tiles"": ""4"", ""op"": ""image"", ""path"": ""ptrs""}",733,1,block_random,1024,5132,48743,ptrs
tile_sweep_publication,image,1d,dense,1,15,3,cpu_source,cpu_us,2,2,1,2,194000009,2,1,1,1000000,1000000,4,1,0,4.604522,/pscratch/sd/r/rchanani/realm/build_pm_deppart/tests/benchmark -ll:gpu 1 -ll:cpu 1 -ll:fsize 8192 -dp:workers 1 -dp:hpool 256 -nocheck -block_random -block_volume 1024 -d1 1 -d2 1 image -n 1000000 -e 1000000 -p 1 -s 4 -f 1 -b 15,"{""buffer_size"": ""15"", ""cpu_us"": ""45843"", ""d1"": ""1"", ""d2"": ""1"", ""gpu_us"": ""3395"", ""num_edges"": ""1000000"", ""num_nodes"": ""1000000"", ""num_pieces"": ""1"", ""num_spaces"": ""4"", ""op"": ""image"", ""sparse_factor"": ""1""}","{""d1"": ""1"", ""d2"": ""1"", ""gpu_host_fallback"": ""1"", ""gpu_input_rects"": ""2"", ""gpu_oom_backoffs"": ""2"", ""gpu_scratch_bytes"": ""194000009"", ""gpu_tiles"": ""2"", ""op"": ""image"", ""path"": ""ptrs""}",734,2,block_random,1024,3395,45843,ptrs
tile_sweep_publication,image,1d,dense,1,15,3,gpu_source,gpu_us,2,2,1,2,194000009,2,1,1,1000000,1000000,4,1,0,4.387362,/pscratch/sd/r/rchanani/realm/build_pm_deppart/tests/benchmark -ll:gpu 1 -ll:cpu 1 -ll:fsize 8192 -dp:workers 1 -dp:hpool 256 -nocheck -block_random -block_volume 1024 -dp:noisectopt -d1 1 -d2 1 image -n 1000000 -e 1000000 -p 1 -s 4 -f 1 -b 15,"{""buffer_size"": ""15"", ""cpu_us"": ""45636"", ""d1"": ""1"", ""d2"": ""1"", ""gpu_us"": ""3447"", ""num_edges"": ""1000000"", ""num_nodes"": ""1000000"", ""num_pieces"": ""1"", ""num_spaces"": ""4"", ""op"": ""image"", ""sparse_factor"": ""1""}","{""d1"": ""1"", ""d2"": ""1"", ""gpu_host_fallback"": ""1"", ""gpu_input_rects"": ""2"", ""gpu_oom_backoffs"": ""2"", ""gpu_scratch_bytes"": ""194000009"", ""gpu_tiles"": ""2"", ""op"": ""image"", ""path"": ""ptrs""}",735,3,block_random,1024,3447,45636,ptrs
tile_sweep_publication,image,1d,dense,1,20,3,cpu_source,cpu_us,2,2,1,2,258000012,2,1,1,1000000,1000000,4,1,0,4.534842,/pscratch/sd/r/rchanani/realm/build_pm_deppart/tests/benchmark -ll:gpu 1 -ll:cpu 1 -ll:fsize 8192 -dp:workers 1 -dp:hpool 256 -nocheck -block_random -block_volume 1024 -d1 1 -d2 1 image -n 1000000 -e 1000000 -p 1 -s 4 -f 1 -b 20,"{""buffer_size"": ""20"", ""cpu_us"": ""45863"", ""d1"": ""1"", ""d2"": ""1"", ""gpu_us"": ""3371"", ""num_edges"": ""1000000"", ""num_nodes"": ""1000000"", ""num_pieces"": ""1"", ""num_spaces"": ""4"", ""op"": ""image"", ""sparse_factor"": ""1""}","{""d1"": ""1"", ""d2"": ""1"", ""gpu_host_fallback"": ""1"", ""gpu_input_rects"": ""2"", ""gpu_oom_backoffs"": ""2"", ""gpu_scratch_bytes"": ""258000012"", ""gpu_tiles"": ""2"", ""op"": ""image"", ""path"": ""ptrs""}",736,0,block_random,1024,3371,45863,ptrs
tile_sweep_publication,image,1d,dense,1,20,3,gpu_source,gpu_us,2,2,1,2,258000012,2,1,1,1000000,1000000,4,1,0,4.610473,/pscratch/sd/r/rchanani/realm/build_pm_deppart/tests/benchmark -ll:gpu 1 -ll:cpu 1 -ll:fsize 8192 -dp:workers 1 -dp:hpool 256 -nocheck -block_random -block_volume 1024 -dp:noisectopt -d1 1 -d2 1 image -n 1000000 -e 1000000 -p 1 -s 4 -f 1 -b 20,"{""buffer_size"": ""20"", ""cpu_us"": ""46267"", ""d1"": ""1"", ""d2"": ""1"", ""gpu_us"": ""3258"", ""num_edges"": ""1000000"", ""num_nodes"": ""1000000"", ""num_pieces"": ""1"", ""num_spaces"": ""4"", ""op"": ""image"", ""sparse_factor"": ""1""}","{""d1"": ""1"", ""d2"": ""1"", ""gpu_host_fallback"": ""1"", ""gpu_input_rects"": ""2"", ""gpu_oom_backoffs"": ""2"", ""gpu_scratch_bytes"": ""258000012"", ""gpu_tiles"": ""2"", ""op"": ""image"", ""path"": ""ptrs""}",737,1,block_random,1024,3258,46267,ptrs
tile_sweep_publication,image,1d,dense,1,25,3,cpu_source,cpu_us,2,2,1,2,322000016,2,1,1,1000000,1000000,4,1,0,4.657865,/pscratch/sd/r/rchanani/realm/build_pm_deppart/tests/benchmark -ll:gpu 1 -ll:cpu 1 -ll:fsize 8192 -dp:workers 1 -dp:hpool 256 -nocheck -block_random -block_volume 1024 -d1 1 -d2 1 image -n 1000000 -e 1000000 -p 1 -s 4 -f 1 -b 25,"{""buffer_size"": ""25"", ""cpu_us"": ""46800"", ""d1"": ""1"", ""d2"": ""1"", ""gpu_us"": ""3487"", ""num_edges"": ""1000000"", ""num_nodes"": ""1000000"", ""num_pieces"": ""1"", ""num_spaces"": ""4"", ""op"": ""image"", ""sparse_factor"": ""1""}","{""d1"": ""1"", ""d2"": ""1"", ""gpu_host_fallback"": ""1"", ""gpu_input_rects"": ""2"", ""gpu_oom_backoffs"": ""2"", ""gpu_scratch_bytes"": ""322000016"", ""gpu_tiles"": ""2"", ""op"": ""image"", ""path"": ""ptrs""}",738,2,block_random,1024,3487,46800,ptrs
tile_sweep_publication,image,1d,dense,1,25,3,gpu_source,gpu_us,2,2,1,2,322000016,2,1,1,1000000,1000000,4,1,0,4.393515,/pscratch/sd/r/rchanani/realm/build_pm_deppart/tests/benchmark -ll:gpu 1 -ll:cpu 1 -ll:fsize 8192 -dp:workers 1 -dp:hpool 256 -nocheck -block_random -block_volume 1024 -dp:noisectopt -d1 1 -d2 1 image -n 1000000 -e 1000000 -p 1 -s 4 -f 1 -b 25,"{""buffer_size"": ""25"", ""cpu_us"": ""45766"", ""d1"": ""1"", ""d2"": ""1"", ""gpu_us"": ""3547"", ""num_edges"": ""1000000"", ""num_nodes"": ""1000000"", ""num_pieces"": ""1"", ""num_spaces"": ""4"", ""op"": ""image"", ""sparse_factor"": ""1""}","{""d1"": ""1"", ""d2"": ""1"", ""gpu_host_fallback"": ""1"", ""gpu_input_rects"": ""2"", ""gpu_oom_backoffs"": ""2"", ""gpu_scratch_bytes"": ""322000016"", ""gpu_tiles"": ""2"", ""op"": ""image"", ""path"": ""ptrs""}",739,3,block_random,1024,3547,45766,ptrs
tile_sweep_publication,image,1d,dense,1,30,3,cpu_source,cpu_us,1,0,0,1,386000019,2,1,1,1000000,1000000,4,1,0,4.353632,/pscratch/sd/r/rchanani/realm/build_pm_deppart/tests/benchmark -ll:gpu 1 -ll:cpu 1 -ll:fsize 8192 -dp:workers 1 -dp:hpool 256 -nocheck -block_random -block_volume 1024 -d1 1 -d2 1 image -n 1000000 -e 1000000 -p 1 -s 4 -f 1 -b 30,"{""buffer_size"": ""30"", ""cpu_us"": ""45978"", ""d1"": ""1"", ""d2"": ""1"", ""gpu_us"": ""3618"", ""num_edges"": ""1000000"", ""num_nodes"": ""1000000"", ""num_pieces"": ""1"", ""num_spaces"": ""4"", ""op"": ""image"", ""sparse_factor"": ""1""}","{""d1"": ""1"", ""d2"": ""1"", ""gpu_host_fallback"": ""0"", ""gpu_input_rects"": ""1"", ""gpu_oom_backoffs"": ""0"", ""gpu_scratch_bytes"": ""386000019"", ""gpu_tiles"": ""1"", ""op"": ""image"", ""path"": ""ptrs""}",740,0,block_random,1024,3618,45978,ptrs
tile_sweep_publication,image,1d,dense,1,30,3,gpu_source,gpu_us,1,0,0,1,386000019,2,1,1,1000000,1000000,4,1,0,4.574226,/pscratch/sd/r/rchanani/realm/build_pm_deppart/tests/benchmark -ll:gpu 1 -ll:cpu 1 -ll:fsize 8192 -dp:workers 1 -dp:hpool 256 -nocheck -block_random -block_volume 1024 -dp:noisectopt -d1 1 -d2 1 image -n 1000000 -e 1000000 -p 1 -s 4 -f 1 -b 30,"{""buffer_size"": ""30"", ""cpu_us"": ""45908"", ""d1"": ""1"", ""d2"": ""1"", ""gpu_us"": ""2952"", ""num_edges"": ""1000000"", ""num_nodes"": ""1000000"", ""num_pieces"": ""1"", ""num_spaces"": ""4"", ""op"": ""image"", ""sparse_factor"": ""1""}","{""d1"": ""1"", ""d2"": ""1"", ""gpu_host_fallback"": ""0"", ""gpu_input_rects"": ""1"", ""gpu_oom_backoffs"": ""0"", ""gpu_scratch_bytes"": ""386000019"", ""gpu_tiles"": ""1"", ""op"": ""image"", ""path"": ""ptrs""}",741,1,block_random,1024,2952,45908,ptrs
tile_sweep_publication,image,1d,dense,1,40,3,cpu_source,cpu_us,1,0,0,1,514000025,2,1,1,1000000,1000000,4,1,0,4.553290,/pscratch/sd/r/rchanani/realm/build_pm_deppart/tests/benchmark -ll:gpu 1 -ll:cpu 1 -ll:fsize 8192 -dp:workers 1 -dp:hpool 256 -nocheck -block_random -block_volume 1024 -d1 1 -d2 1 image -n 1000000 -e 1000000 -p 1 -s 4 -f 1 -b 40,"{""buffer_size"": ""40"", ""cpu_us"": ""46455"", ""d1"": ""1"", ""d2"": ""1"", ""gpu_us"": ""2483"", ""num_edges"": ""1000000"", ""num_nodes"": ""1000000"", ""num_pieces"": ""1"", ""num_spaces"": ""4"", ""op"": ""image"", ""sparse_factor"": ""1""}","{""d1"": ""1"", ""d2"": ""1"", ""gpu_host_fallback"": ""0"", ""gpu_input_rects"": ""1"", ""gpu_oom_backoffs"": ""0"", ""gpu_scratch_bytes"": ""514000025"", ""gpu_tiles"": ""1"", ""op"": ""image"", ""path"": ""ptrs""}",742,2,block_random,1024,2483,46455,ptrs
tile_sweep_publication,image,1d,dense,1,40,3,gpu_source,gpu_us,1,0,0,1,514000025,2,1,1,1000000,1000000,4,1,0,4.442566,/pscratch/sd/r/rchanani/realm/build_pm_deppart/tests/benchmark -ll:gpu 1 -ll:cpu 1 -ll:fsize 8192 -dp:workers 1 -dp:hpool 256 -nocheck -block_random -block_volume 1024 -dp:noisectopt -d1 1 -d2 1 image -n 1000000 -e 1000000 -p 1 -s 4 -f 1 -b 40,"{""buffer_size"": ""40"", ""cpu_us"": ""46035"", ""d1"": ""1"", ""d2"": ""1"", ""gpu_us"": ""2990"", ""num_edges"": ""1000000"", ""num_nodes"": ""1000000"", ""num_pieces"": ""1"", ""num_spaces"": ""4"", ""op"": ""image"", ""sparse_factor"": ""1""}","{""d1"": ""1"", ""d2"": ""1"", ""gpu_host_fallback"": ""0"", ""gpu_input_rects"": ""1"", ""gpu_oom_backoffs"": ""0"", ""gpu_scratch_bytes"": ""514000025"", ""gpu_tiles"": ""1"", ""op"": ""image"", ""path"": ""ptrs""}",743,3,block_random,1024,2990,46035,ptrs
tile_sweep_publication,image,1d,dense,1,50,3,cpu_source,cpu_us,1,0,0,1,642000032,2,1,1,1000000,1000000,4,1,0,4.388515,/pscratch/sd/r/rchanani/realm/build_pm_deppart/tests/benchmark -ll:gpu 1 -ll:cpu 1 -ll:fsize 8192 -dp:workers 1 -dp:hpool 256 -nocheck -block_random -block_volume 1024 -d1 1 -d2 1 image -n 1000000 -e 1000000 -p 1 -s 4 -f 1 -b 50,"{""buffer_size"": ""50"", ""cpu_us"": ""46721"", ""d1"": ""1"", ""d2"": ""1"", ""gpu_us"": ""3254"", ""num_edges"": ""1000000"", ""num_nodes"": ""1000000"", ""num_pieces"": ""1"", ""num_spaces"": ""4"", ""op"": ""image"", ""sparse_factor"": ""1""}","{""d1"": ""1"", ""d2"": ""1"", ""gpu_host_fallback"": ""0"", ""gpu_input_rects"": ""1"", ""gpu_oom_backoffs"": ""0"", ""gpu_scratch_bytes"": ""642000032"", ""gpu_tiles"": ""1"", ""op"": ""image"", ""path"": ""ptrs""}",744,0,block_random,1024,3254,46721,ptrs
tile_sweep_publication,image,1d,dense,1,50,3,gpu_source,gpu_us,1,0,0,1,642000032,2,1,1,1000000,1000000,4,1,0,4.757385,/pscratch/sd/r/rchanani/realm/build_pm_deppart/tests/benchmark -ll:gpu 1 -ll:cpu 1 -ll:fsize 8192 -dp:workers 1 -dp:hpool 256 -nocheck -block_random -block_volume 1024 -dp:noisectopt -d1 1 -d2 1 image -n 1000000 -e 1000000 -p 1 -s 4 -f 1 -b 50,"{""buffer_size"": ""50"", ""cpu_us"": ""46294"", ""d1"": ""1"", ""d2"": ""1"", ""gpu_us"": ""2771"", ""num_edges"": ""1000000"", ""num_nodes"": ""1000000"", ""num_pieces"": ""1"", ""num_spaces"": ""4"", ""op"": ""image"", ""sparse_factor"": ""1""}","{""d1"": ""1"", ""d2"": ""1"", ""gpu_host_fallback"": ""0"", ""gpu_input_rects"": ""1"", ""gpu_oom_backoffs"": ""0"", ""gpu_scratch_bytes"": ""642000032"", ""gpu_tiles"": ""1"", ""op"": ""image"", ""path"": ""ptrs""}",745,1,block_random,1024,2771,46294,ptrs
tile_sweep_publication,image,1d,dense,1,75,3,cpu_source,cpu_us,1,0,0,1,962000048,2,1,1,1000000,1000000,4,1,0,4.673380,/pscratch/sd/r/rchanani/realm/build_pm_deppart/tests/benchmark -ll:gpu 1 -ll:cpu 1 -ll:fsize 8192 -dp:workers 1 -dp:hpool 256 -nocheck -block_random -block_volume 1024 -d1 1 -d2 1 image -n 1000000 -e 1000000 -p 1 -s 4 -f 1 -b 75,"{""buffer_size"": ""75"", ""cpu_us"": ""46703"", ""d1"": ""1"", ""d2"": ""1"", ""gpu_us"": ""2743"", ""num_edges"": ""1000000"", ""num_nodes"": ""1000000"", ""num_pieces"": ""1"", ""num_spaces"": ""4"", ""op"": ""image"", ""sparse_factor"": ""1""}","{""d1"": ""1"", ""d2"": ""1"", ""gpu_host_fallback"": ""0"", ""gpu_input_rects"": ""1"", ""gpu_oom_backoffs"": ""0"", ""gpu_scratch_bytes"": ""962000048"", ""gpu_tiles"": ""1"", ""op"": ""image"", ""path"": ""ptrs""}",746,2,block_random,1024,2743,46703,ptrs
tile_sweep_publication,image,1d,dense,1,75,3,gpu_source,gpu_us,1,0,0,1,962000048,2,1,1,1000000,1000000,4,1,0,4.391836,/pscratch/sd/r/rchanani/realm/build_pm_deppart/tests/benchmark -ll:gpu 1 -ll:cpu 1 -ll:fsize 8192 -dp:workers 1 -dp:hpool 256 -nocheck -block_random -block_volume 1024 -dp:noisectopt -d1 1 -d2 1 image -n 1000000 -e 1000000 -p 1 -s 4 -f 1 -b 75,"{""buffer_size"": ""75"", ""cpu_us"": ""47703"", ""d1"": ""1"", ""d2"": ""1"", ""gpu_us"": ""2795"", ""num_edges"": ""1000000"", ""num_nodes"": ""1000000"", ""num_pieces"": ""1"", ""num_spaces"": ""4"", ""op"": ""image"", ""sparse_factor"": ""1""}","{""d1"": ""1"", ""d2"": ""1"", ""gpu_host_fallback"": ""0"", ""gpu_input_rects"": ""1"", ""gpu_oom_backoffs"": ""0"", ""gpu_scratch_bytes"": ""962000048"", ""gpu_tiles"": ""1"", ""op"": ""image"", ""path"": ""ptrs""}",747,3,block_random,1024,2795,47703,ptrs
tile_sweep_publication,image,1d,dense,1,100,3,cpu_source,cpu_us,1,0,0,1,1282000064,2,1,1,1000000,1000000,4,1,0,4.391423,/pscratch/sd/r/rchanani/realm/build_pm_deppart/tests/benchmark -ll:gpu 1 -ll:cpu 1 -ll:fsize 8192 -dp:workers 1 -dp:hpool 256 -nocheck -block_random -block_volume 1024 -d1 1 -d2 1 image -n 1000000 -e 1000000 -p 1 -s 4 -f 1 -b 100,"{""buffer_size"": ""100"", ""cpu_us"": ""45964"", ""d1"": ""1"", ""d2"": ""1"", ""gpu_us"": ""3628"", ""num_edges"": ""1000000"", ""num_nodes"": ""1000000"", ""num_pieces"": ""1"", ""num_spaces"": ""4"", ""op"": ""image"", ""sparse_factor"": ""1""}","{""d1"": ""1"", ""d2"": ""1"", ""gpu_host_fallback"": ""0"", ""gpu_input_rects"": ""1"", ""gpu_oom_backoffs"": ""0"", ""gpu_scratch_bytes"": ""1282000064"", ""gpu_tiles"": ""1"", ""op"": ""image"", ""path"": ""ptrs""}",748,0,block_random,1024,3628,45964,ptrs
tile_sweep_publication,image,1d,dense,1,100,3,gpu_source,gpu_us,1,0,0,1,1282000064,2,1,1,1000000,1000000,4,1,0,4.600022,/pscratch/sd/r/rchanani/realm/build_pm_deppart/tests/benchmark -ll:gpu 1 -ll:cpu 1 -ll:fsize 8192 -dp:workers 1 -dp:hpool 256 -nocheck -block_random -block_volume 1024 -dp:noisectopt -d1 1 -d2 1 image -n 1000000 -e 1000000 -p 1 -s 4 -f 1 -b 100,"{""buffer_size"": ""100"", ""cpu_us"": ""45629"", ""d1"": ""1"", ""d2"": ""1"", ""gpu_us"": ""2994"", ""num_edges"": ""1000000"", ""num_nodes"": ""1000000"", ""num_pieces"": ""1"", ""num_spaces"": ""4"", ""op"": ""image"", ""sparse_factor"": ""1""}","{""d1"": ""1"", ""d2"": ""1"", ""gpu_host_fallback"": ""0"", ""gpu_input_rects"": ""1"", ""gpu_oom_backoffs"": ""0"", ""gpu_scratch_bytes"": ""1282000064"", ""gpu_tiles"": ""1"", ""op"": ""image"", ""path"": ""ptrs""}",749,1,block_random,1024,2994,45629,ptrs
tile_sweep_publication,image,1d,sparse,5,1,3,cpu_source,cpu_us,1,0,0,1,28050199,2,1,1,1000000,1000000,4,1,0,4.655848,/pscratch/sd/r/rchanani/realm/build_pm_deppart/tests/benchmark -ll:gpu 1 -ll:cpu 1 -ll:fsize 8192 -dp:workers 1 -dp:hpool 256 -nocheck -block_random -block_volume 1024 -d1 1 -d2 1 image -n 1000000 -e 1000000 -p 1 -s 4 -f 5 -b 1,"{""buffer_size"": ""1"", ""cpu_us"": ""42477"", ""d1"": ""1"", ""d2"": ""1"", ""gpu_us"": ""31352"", ""num_edges"": ""1000000"", ""num_nodes"": ""1000000"", ""num_pieces"": ""1"", ""num_spaces"": ""4"", ""op"": ""image"", ""sparse_factor"": ""5""}","{""d1"": ""1"", ""d2"": ""1"", ""gpu_host_fallback"": ""0"", ""gpu_input_rects"": ""1"", ""gpu_oom_backoffs"": ""0"", ""gpu_scratch_bytes"": ""28050199"", ""gpu_tiles"": ""1"", ""op"": ""image"", ""path"": ""ptrs""}",750,2,block_random,1024,31352,42477,ptrs
tile_sweep_publication,image,1d,sparse,5,1,3,gpu_source,gpu_us,1,0,0,1,28050199,2,1,1,1000000,1000000,4,1,0,4.501739,/pscratch/sd/r/rchanani/realm/build_pm_deppart/tests/benchmark -ll:gpu 1 -ll:cpu 1 -ll:fsize 8192 -dp:workers 1 -dp:hpool 256 -nocheck -block_random -block_volume 1024 -dp:noisectopt -d1 1 -d2 1 image -n 1000000 -e 1000000 -p 1 -s 4 -f 5 -b 1,"{""buffer_size"": ""1"", ""cpu_us"": ""45857"", ""d1"": ""1"", ""d2"": ""1"", ""gpu_us"": ""2670"", ""num_edges"": ""1000000"", ""num_nodes"": ""1000000"", ""num_pieces"": ""1"", ""num_spaces"": ""4"", ""op"": ""image"", ""sparse_factor"": ""5""}","{""d1"": ""1"", ""d2"": ""1"", ""gpu_host_fallback"": ""0"", ""gpu_input_rects"": ""1"", ""gpu_oom_backoffs"": ""0"", ""gpu_scratch_bytes"": ""28050199"", ""gpu_tiles"": ""1"", ""op"": ""image"", ""path"": ""ptrs""}",751,3,block_random,1024,2670,45857,ptrs
tile_sweep_publication,image,1d,sparse,5,2,3,cpu_source,cpu_us,1,0,0,1,40880639,2,1,1,1000000,1000000,4,1,0,4.509629,/pscratch/sd/r/rchanani/realm/build_pm_deppart/tests/benchmark -ll:gpu 1 -ll:cpu 1 -ll:fsize 8192 -dp:workers 1 -dp:hpool 256 -nocheck -block_random -block_volume 1024 -d1 1 -d2 1 image -n 1000000 -e 1000000 -p 1 -s 4 -f 5 -b 2,"{""buffer_size"": ""2"", ""cpu_us"": ""44526"", ""d1"": ""1"", ""d2"": ""1"", ""gpu_us"": ""31702"", ""num_edges"": ""1000000"", ""num_nodes"": ""1000000"", ""num_pieces"": ""1"", ""num_spaces"": ""4"", ""op"": ""image"", ""sparse_factor"": ""5""}","{""d1"": ""1"", ""d2"": ""1"", ""gpu_host_fallback"": ""0"", ""gpu_input_rects"": ""1"", ""gpu_oom_backoffs"": ""0"", ""gpu_scratch_bytes"": ""40880639"", ""gpu_tiles"": ""1"", ""op"": ""image"", ""path"": ""ptrs""}",752,0,block_random,1024,31702,44526,ptrs
tile_sweep_publication,image,1d,sparse,5,2,3,gpu_source,gpu_us,1,0,0,1,40880639,2,1,1,1000000,1000000,4,1,0,4.663037,/pscratch/sd/r/rchanani/realm/build_pm_deppart/tests/benchmark -ll:gpu 1 -ll:cpu 1 -ll:fsize 8192 -dp:workers 1 -dp:hpool 256 -nocheck -block_random -block_volume 1024 -dp:noisectopt -d1 1 -d2 1 image -n 1000000 -e 1000000 -p 1 -s 4 -f 5 -b 2,"{""buffer_size"": ""2"", ""cpu_us"": ""54004"", ""d1"": ""1"", ""d2"": ""1"", ""gpu_us"": ""2953"", ""num_edges"": ""1000000"", ""num_nodes"": ""1000000"", ""num_pieces"": ""1"", ""num_spaces"": ""4"", ""op"": ""image"", ""sparse_factor"": ""5""}","{""d1"": ""1"", ""d2"": ""1"", ""gpu_host_fallback"": ""0"", ""gpu_input_rects"": ""1"", ""gpu_oom_backoffs"": ""0"", ""gpu_scratch_bytes"": ""40880639"", ""gpu_tiles"": ""1"", ""op"": ""image"", ""path"": ""ptrs""}",753,1,block_random,1024,2953,54004,ptrs
tile_sweep_publication,image,1d,sparse,5,3,3,cpu_source,cpu_us,1,0,0,1,53711078,2,1,1,1000000,1000000,4,1,0,4.753414,/pscratch/sd/r/rchanani/realm/build_pm_deppart/tests/benchmark -ll:gpu 1 -ll:cpu 1 -ll:fsize 8192 -dp:workers 1 -dp:hpool 256 -nocheck -block_random -block_volume 1024 -d1 1 -d2 1 image -n 1000000 -e 1000000 -p 1 -s 4 -f 5 -b 3,"{""buffer_size"": ""3"", ""cpu_us"": ""41742"", ""d1"": ""1"", ""d2"": ""1"", ""gpu_us"": ""31135"", ""num_edges"": ""1000000"", ""num_nodes"": ""1000000"", ""num_pieces"": ""1"", ""num_spaces"": ""4"", ""op"": ""image"", ""sparse_factor"": ""5""}","{""d1"": ""1"", ""d2"": ""1"", ""gpu_host_fallback"": ""0"", ""gpu_input_rects"": ""1"", ""gpu_oom_backoffs"": ""0"", ""gpu_scratch_bytes"": ""53711078"", ""gpu_tiles"": ""1"", ""op"": ""image"", ""path"": ""ptrs""}",754,2,block_random,1024,31135,41742,ptrs
tile_sweep_publication,image,1d,sparse,5,3,3,gpu_source,gpu_us,1,0,0,1,53711078,2,1,1,1000000,1000000,4,1,0,4.604964,/pscratch/sd/r/rchanani/realm/build_pm_deppart/tests/benchmark -ll:gpu 1 -ll:cpu 1 -ll:fsize 8192 -dp:workers 1 -dp:hpool 256 -nocheck -block_random -block_volume 1024 -dp:noisectopt -d1 1 -d2 1 image -n 1000000 -e 1000000 -p 1 -s 4 -f 5 -b 3,"{""buffer_size"": ""3"", ""cpu_us"": ""47589"", ""d1"": ""1"", ""d2"": ""1"", ""gpu_us"": ""2560"", ""num_edges"": ""1000000"", ""num_nodes"": ""1000000"", ""num_pieces"": ""1"", ""num_spaces"": ""4"", ""op"": ""image"", ""sparse_factor"": ""5""}","{""d1"": ""1"", ""d2"": ""1"", ""gpu_host_fallback"": ""0"", ""gpu_input_rects"": ""1"", ""gpu_oom_backoffs"": ""0"", ""gpu_scratch_bytes"": ""53711078"", ""gpu_tiles"": ""1"", ""op"": ""image"", ""path"": ""ptrs""}",755,3,block_random,1024,2560,47589,ptrs
tile_sweep_publication,image,1d,sparse,5,4,3,cpu_source,cpu_us,1,0,0,1,66541518,2,1,1,1000000,1000000,4,1,0,4.492975,/pscratch/sd/r/rchanani/realm/build_pm_deppart/tests/benchmark -ll:gpu 1 -ll:cpu 1 -ll:fsize 8192 -dp:workers 1 -dp:hpool 256 -nocheck -block_random -block_volume 1024 -d1 1 -d2 1 image -n 1000000 -e 1000000 -p 1 -s 4 -f 5 -b 4,"{""buffer_size"": ""4"", ""cpu_us"": ""41297"", ""d1"": ""1"", ""d2"": ""1"", ""gpu_us"": ""31435"", ""num_edges"": ""1000000"", ""num_nodes"": ""1000000"", ""num_pieces"": ""1"", ""num_spaces"": ""4"", ""op"": ""image"", ""sparse_factor"": ""5""}","{""d1"": ""1"", ""d2"": ""1"", ""gpu_host_fallback"": ""0"", ""gpu_input_rects"": ""1"", ""gpu_oom_backoffs"": ""0"", ""gpu_scratch_bytes"": ""66541518"", ""gpu_tiles"": ""1"", ""op"": ""image"", ""path"": ""ptrs""}",756,0,block_random,1024,31435,41297,ptrs
tile_sweep_publication,image,1d,sparse,5,4,3,gpu_source,gpu_us,1,0,0,1,66541518,2,1,1,1000000,1000000,4,1,0,4.652330,/pscratch/sd/r/rchanani/realm/build_pm_deppart/tests/benchmark -ll:gpu 1 -ll:cpu 1 -ll:fsize 8192 -dp:workers 1 -dp:hpool 256 -nocheck -block_random -block_volume 1024 -dp:noisectopt -d1 1 -d2 1 image -n 1000000 -e 1000000 -p 1 -s 4 -f 5 -b 4,"{""buffer_size"": ""4"", ""cpu_us"": ""44419"", ""d1"": ""1"", ""d2"": ""1"", ""gpu_us"": ""3085"", ""num_edges"": ""1000000"", ""num_nodes"": ""1000000"", ""num_pieces"": ""1"", ""num_spaces"": ""4"", ""op"": ""image"", ""sparse_factor"": ""5""}","{""d1"": ""1"", ""d2"": ""1"", ""gpu_host_fallback"": ""0"", ""gpu_input_rects"": ""1"", ""gpu_oom_backoffs"": ""0"", ""gpu_scratch_bytes"": ""66541518"", ""gpu_tiles"": ""1"", ""op"": ""image"", ""path"": ""ptrs""}",757,1,block_random,1024,3085,44419,ptrs
tile_sweep_publication,image,1d,sparse,5,5,3,cpu_source,cpu_us,1,0,0,1,79371957,2,1,1,1000000,1000000,4,1,0,4.783594,/pscratch/sd/r/rchanani/realm/build_pm_deppart/tests/benchmark -ll:gpu 1 -ll:cpu 1 -ll:fsize 8192 -dp:workers 1 -dp:hpool 256 -nocheck -block_random -block_volume 1024 -d1 1 -d2 1 image -n 1000000 -e 1000000 -p 1 -s 4 -f 5 -b 5,"{""buffer_size"": ""5"", ""cpu_us"": ""41776"", ""d1"": ""1"", ""d2"": ""1"", ""gpu_us"": ""31339"", ""num_edges"": ""1000000"", ""num_nodes"": ""1000000"", ""num_pieces"": ""1"", ""num_spaces"": ""4"", ""op"": ""image"", ""sparse_factor"": ""5""}","{""d1"": ""1"", ""d2"": ""1"", ""gpu_host_fallback"": ""0"", ""gpu_input_rects"": ""1"", ""gpu_oom_backoffs"": ""0"", ""gpu_scratch_bytes"": ""79371957"", ""gpu_tiles"": ""1"", ""op"": ""image"", ""path"": ""ptrs""}",758,2,block_random,1024,31339,41776,ptrs
tile_sweep_publication,image,1d,sparse,5,5,3,gpu_source,gpu_us,1,0,0,1,79371957,2,1,1,1000000,1000000,4,1,0,4.513514,/pscratch/sd/r/rchanani/realm/build_pm_deppart/tests/benchmark -ll:gpu 1 -ll:cpu 1 -ll:fsize 8192 -dp:workers 1 -dp:hpool 256 -nocheck -block_random -block_volume 1024 -dp:noisectopt -d1 1 -d2 1 image -n 1000000 -e 1000000 -p 1 -s 4 -f 5 -b 5,"{""buffer_size"": ""5"", ""cpu_us"": ""44052"", ""d1"": ""1"", ""d2"": ""1"", ""gpu_us"": ""2724"", ""num_edges"": ""1000000"", ""num_nodes"": ""1000000"", ""num_pieces"": ""1"", ""num_spaces"": ""4"", ""op"": ""image"", ""sparse_factor"": ""5""}","{""d1"": ""1"", ""d2"": ""1"", ""gpu_host_fallback"": ""0"", ""gpu_input_rects"": ""1"", ""gpu_oom_backoffs"": ""0"", ""gpu_scratch_bytes"": ""79371957"", ""gpu_tiles"": ""1"", ""op"": ""image"", ""path"": ""ptrs""}",759,3,block_random,1024,2724,44052,ptrs
tile_sweep_publication,image,1d,sparse,5,7,3,cpu_source,cpu_us,1,0,0,1,105032836,2,1,1,1000000,1000000,4,1,0,4.503739,/pscratch/sd/r/rchanani/realm/build_pm_deppart/tests/benchmark -ll:gpu 1 -ll:cpu 1 -ll:fsize 8192 -dp:workers 1 -dp:hpool 256 -nocheck -block_random -block_volume 1024 -d1 1 -d2 1 image -n 1000000 -e 1000000 -p 1 -s 4 -f 5 -b 7,"{""buffer_size"": ""7"", ""cpu_us"": ""41535"", ""d1"": ""1"", ""d2"": ""1"", ""gpu_us"": ""31437"", ""num_edges"": ""1000000"", ""num_nodes"": ""1000000"", ""num_pieces"": ""1"", ""num_spaces"": ""4"", ""op"": ""image"", ""sparse_factor"": ""5""}","{""d1"": ""1"", ""d2"": ""1"", ""gpu_host_fallback"": ""0"", ""gpu_input_rects"": ""1"", ""gpu_oom_backoffs"": ""0"", ""gpu_scratch_bytes"": ""105032836"", ""gpu_tiles"": ""1"", ""op"": ""image"", ""path"": ""ptrs""}",760,0,block_random,1024,31437,41535,ptrs
tile_sweep_publication,image,1d,sparse,5,7,3,gpu_source,gpu_us,1,0,0,1,105032836,2,1,1,1000000,1000000,4,1,0,4.610269,/pscratch/sd/r/rchanani/realm/build_pm_deppart/tests/benchmark -ll:gpu 1 -ll:cpu 1 -ll:fsize 8192 -dp:workers 1 -dp:hpool 256 -nocheck -block_random -block_volume 1024 -dp:noisectopt -d1 1 -d2 1 image -n 1000000 -e 1000000 -p 1 -s 4 -f 5 -b 7,"{""buffer_size"": ""7"", ""cpu_us"": ""43828"", ""d1"": ""1"", ""d2"": ""1"", ""gpu_us"": ""1622"", ""num_edges"": ""1000000"", ""num_nodes"": ""1000000"", ""num_pieces"": ""1"", ""num_spaces"": ""4"", ""op"": ""image"", ""sparse_factor"": ""5""}","{""d1"": ""1"", ""d2"": ""1"", ""gpu_host_fallback"": ""0"", ""gpu_input_rects"": ""1"", ""gpu_oom_backoffs"": ""0"", ""gpu_scratch_bytes"": ""105032836"", ""gpu_tiles"": ""1"", ""op"": ""image"", ""path"": ""ptrs""}",761,1,block_random,1024,1622,43828,ptrs
tile_sweep_publication,image,1d,sparse,5,10,3,cpu_source,cpu_us,1,0,0,1,143524155,2,1,1,1000000,1000000,4,1,0,4.718065,/pscratch/sd/r/rchanani/realm/build_pm_deppart/tests/benchmark -ll:gpu 1 -ll:cpu 1 -ll:fsize 8192 -dp:workers 1 -dp:hpool 256 -nocheck -block_random -block_volume 1024 -d1 1 -d2 1 image -n 1000000 -e 1000000 -p 1 -s 4 -f 5 -b 10,"{""buffer_size"": ""10"", ""cpu_us"": ""41653"", ""d1"": ""1"", ""d2"": ""1"", ""gpu_us"": ""31468"", ""num_edges"": ""1000000"", ""num_nodes"": ""1000000"", ""num_pieces"": ""1"", ""num_spaces"": ""4"", ""op"": ""image"", ""sparse_factor"": ""5""}","{""d1"": ""1"", ""d2"": ""1"", ""gpu_host_fallback"": ""0"", ""gpu_input_rects"": ""1"", ""gpu_oom_backoffs"": ""0"", ""gpu_scratch_bytes"": ""143524155"", ""gpu_tiles"": ""1"", ""op"": ""image"", ""path"": ""ptrs""}",762,2,block_random,1024,31468,41653,ptrs
tile_sweep_publication,image,1d,sparse,5,10,3,gpu_source,gpu_us,1,0,0,1,143524155,2,1,1,1000000,1000000,4,1,0,4.431895,/pscratch/sd/r/rchanani/realm/build_pm_deppart/tests/benchmark -ll:gpu 1 -ll:cpu 1 -ll:fsize 8192 -dp:workers 1 -dp:hpool 256 -nocheck -block_random -block_volume 1024 -dp:noisectopt -d1 1 -d2 1 image -n 1000000 -e 1000000 -p 1 -s 4 -f 5 -b 10,"{""buffer_size"": ""10"", ""cpu_us"": ""43790"", ""d1"": ""1"", ""d2"": ""1"", ""gpu_us"": ""2575"", ""num_edges"": ""1000000"", ""num_nodes"": ""1000000"", ""num_pieces"": ""1"", ""num_spaces"": ""4"", ""op"": ""image"", ""sparse_factor"": ""5""}","{""d1"": ""1"", ""d2"": ""1"", ""gpu_host_fallback"": ""0"", ""gpu_input_rects"": ""1"", ""gpu_oom_backoffs"": ""0"", ""gpu_scratch_bytes"": ""143524155"", ""gpu_tiles"": ""1"", ""op"": ""image"", ""path"": ""ptrs""}",763,3,block_random,1024,2575,43790,ptrs
tile_sweep_publication,image,1d,sparse,5,15,3,cpu_source,cpu_us,1,0,0,1,207676352,2,1,1,1000000,1000000,4,1,0,4.518810,/pscratch/sd/r/rchanani/realm/build_pm_deppart/tests/benchmark -ll:gpu 1 -ll:cpu 1 -ll:fsize 8192 -dp:workers 1 -dp:hpool 256 -nocheck -block_random -block_volume 1024 -d1 1 -d2 1 image -n 1000000 -e 1000000 -p 1 -s 4 -f 5 -b 15,"{""buffer_size"": ""15"", ""cpu_us"": ""41662"", ""d1"": ""1"", ""d2"": ""1"", ""gpu_us"": ""31294"", ""num_edges"": ""1000000"", ""num_nodes"": ""1000000"", ""num_pieces"": ""1"", ""num_spaces"": ""4"", ""op"": ""image"", ""sparse_factor"": ""5""}","{""d1"": ""1"", ""d2"": ""1"", ""gpu_host_fallback"": ""0"", ""gpu_input_rects"": ""1"", ""gpu_oom_backoffs"": ""0"", ""gpu_scratch_bytes"": ""207676352"", ""gpu_tiles"": ""1"", ""op"": ""image"", ""path"": ""ptrs""}",764,0,block_random,1024,31294,41662,ptrs
tile_sweep_publication,image,1d,sparse,5,15,3,gpu_source,gpu_us,1,0,0,1,207676352,2,1,1,1000000,1000000,4,1,0,4.634029,/pscratch/sd/r/rchanani/realm/build_pm_deppart/tests/benchmark -ll:gpu 1 -ll:cpu 1 -ll:fsize 8192 -dp:workers 1 -dp:hpool 256 -nocheck -block_random -block_volume 1024 -dp:noisectopt -d1 1 -d2 1 image -n 1000000 -e 1000000 -p 1 -s 4 -f 5 -b 15,"{""buffer_size"": ""15"", ""cpu_us"": ""55153"", ""d1"": ""1"", ""d2"": ""1"", ""gpu_us"": ""1652"", ""num_edges"": ""1000000"", ""num_nodes"": ""1000000"", ""num_pieces"": ""1"", ""num_spaces"": ""4"", ""op"": ""image"", ""sparse_factor"": ""5""}","{""d1"": ""1"", ""d2"": ""1"", ""gpu_host_fallback"": ""0"", ""gpu_input_rects"": ""1"", ""gpu_oom_backoffs"": ""0"", ""gpu_scratch_bytes"": ""207676352"", ""gpu_tiles"": ""1"", ""op"": ""image"", ""path"": ""ptrs""}",765,1,block_random,1024,1652,55153,ptrs
tile_sweep_publication,image,1d,sparse,5,20,3,cpu_source,cpu_us,1,0,0,1,271828550,2,1,1,1000000,1000000,4,1,0,4.718469,/pscratch/sd/r/rchanani/realm/build_pm_deppart/tests/benchmark -ll:gpu 1 -ll:cpu 1 -ll:fsize 8192 -dp:workers 1 -dp:hpool 256 -nocheck -block_random -block_volume 1024 -d1 1 -d2 1 image -n 1000000 -e 1000000 -p 1 -s 4 -f 5 -b 20,"{""buffer_size"": ""20"", ""cpu_us"": ""42390"", ""d1"": ""1"", ""d2"": ""1"", ""gpu_us"": ""31051"", ""num_edges"": ""1000000"", ""num_nodes"": ""1000000"", ""num_pieces"": ""1"", ""num_spaces"": ""4"", ""op"": ""image"", ""sparse_factor"": ""5""}","{""d1"": ""1"", ""d2"": ""1"", ""gpu_host_fallback"": ""0"", ""gpu_input_rects"": ""1"", ""gpu_oom_backoffs"": ""0"", ""gpu_scratch_bytes"": ""271828550"", ""gpu_tiles"": ""1"", ""op"": ""image"", ""path"": ""ptrs""}",766,2,block_random,1024,31051,42390,ptrs
tile_sweep_publication,image,1d,sparse,5,20,3,gpu_source,gpu_us,1,0,0,1,271828550,2,1,1,1000000,1000000,4,1,0,4.468887,/pscratch/sd/r/rchanani/realm/build_pm_deppart/tests/benchmark -ll:gpu 1 -ll:cpu 1 -ll:fsize 8192 -dp:workers 1 -dp:hpool 256 -nocheck -block_random -block_volume 1024 -dp:noisectopt -d1 1 -d2 1 image -n 1000000 -e 1000000 -p 1 -s 4 -f 5 -b 20,"{""buffer_size"": ""20"", ""cpu_us"": ""44018"", ""d1"": ""1"", ""d2"": ""1"", ""gpu_us"": ""3106"", ""num_edges"": ""1000000"", ""num_nodes"": ""1000000"", ""num_pieces"": ""1"", ""num_spaces"": ""4"", ""op"": ""image"", ""sparse_factor"": ""5""}","{""d1"": ""1"", ""d2"": ""1"", ""gpu_host_fallback"": ""0"", ""gpu_input_rects"": ""1"", ""gpu_oom_backoffs"": ""0"", ""gpu_scratch_bytes"": ""271828550"", ""gpu_tiles"": ""1"", ""op"": ""image"", ""path"": ""ptrs""}",767,3,block_random,1024,3106,44018,ptrs
tile_sweep_publication,image,1d,sparse,5,25,3,cpu_source,cpu_us,1,0,0,1,335980748,2,1,1,1000000,1000000,4,1,0,4.473735,/pscratch/sd/r/rchanani/realm/build_pm_deppart/tests/benchmark -ll:gpu 1 -ll:cpu 1 -ll:fsize 8192 -dp:workers 1 -dp:hpool 256 -nocheck -block_random -block_volume 1024 -d1 1 -d2 1 image -n 1000000 -e 1000000 -p 1 -s 4 -f 5 -b 25,"{""buffer_size"": ""25"", ""cpu_us"": ""41298"", ""d1"": ""1"", ""d2"": ""1"", ""gpu_us"": ""31352"", ""num_edges"": ""1000000"", ""num_nodes"": ""1000000"", ""num_pieces"": ""1"", ""num_spaces"": ""4"", ""op"": ""image"", ""sparse_factor"": ""5""}","{""d1"": ""1"", ""d2"": ""1"", ""gpu_host_fallback"": ""0"", ""gpu_input_rects"": ""1"", ""gpu_oom_backoffs"": ""0"", ""gpu_scratch_bytes"": ""335980748"", ""gpu_tiles"": ""1"", ""op"": ""image"", ""path"": ""ptrs""}",768,0,block_random,1024,31352,41298,ptrs
tile_sweep_publication,image,1d,sparse,5,25,3,gpu_source,gpu_us,1,0,0,1,335980748,2,1,1,1000000,1000000,4,1,0,4.621170,/pscratch/sd/r/rchanani/realm/build_pm_deppart/tests/benchmark -ll:gpu 1 -ll:cpu 1 -ll:fsize 8192 -dp:workers 1 -dp:hpool 256 -nocheck -block_random -block_volume 1024 -dp:noisectopt -d1 1 -d2 1 image -n 1000000 -e 1000000 -p 1 -s 4 -f 5 -b 25,"{""buffer_size"": ""25"", ""cpu_us"": ""43897"", ""d1"": ""1"", ""d2"": ""1"", ""gpu_us"": ""2350"", ""num_edges"": ""1000000"", ""num_nodes"": ""1000000"", ""num_pieces"": ""1"", ""num_spaces"": ""4"", ""op"": ""image"", ""sparse_factor"": ""5""}","{""d1"": ""1"", ""d2"": ""1"", ""gpu_host_fallback"": ""0"", ""gpu_input_rects"": ""1"", ""gpu_oom_backoffs"": ""0"", ""gpu_scratch_bytes"": ""335980748"", ""gpu_tiles"": ""1"", ""op"": ""image"", ""path"": ""ptrs""}",769,1,block_random,1024,2350,43897,ptrs
tile_sweep_publication,image,1d,sparse,5,30,3,cpu_source,cpu_us,1,0,0,1,400132945,2,1,1,1000000,1000000,4,1,0,4.660882,/pscratch/sd/r/rchanani/realm/build_pm_deppart/tests/benchmark -ll:gpu 1 -ll:cpu 1 -ll:fsize 8192 -dp:workers 1 -dp:hpool 256 -nocheck -block_random -block_volume 1024 -d1 1 -d2 1 image -n 1000000 -e 1000000 -p 1 -s 4 -f 5 -b 30,"{""buffer_size"": ""30"", ""cpu_us"": ""42056"", ""d1"": ""1"", ""d2"": ""1"", ""gpu_us"": ""31406"", ""num_edges"": ""1000000"", ""num_nodes"": ""1000000"", ""num_pieces"": ""1"", ""num_spaces"": ""4"", ""op"": ""image"", ""sparse_factor"": ""5""}","{""d1"": ""1"", ""d2"": ""1"", ""gpu_host_fallback"": ""0"", ""gpu_input_rects"": ""1"", ""gpu_oom_backoffs"": ""0"", ""gpu_scratch_bytes"": ""400132945"", ""gpu_tiles"": ""1"", ""op"": ""image"", ""path"": ""ptrs""}",770,2,block_random,1024,31406,42056,ptrs
tile_sweep_publication,image,1d,sparse,5,30,3,gpu_source,gpu_us,1,0,0,1,400132945,2,1,1,1000000,1000000,4,1,0,4.453399,/pscratch/sd/r/rchanani/realm/build_pm_deppart/tests/benchmark -ll:gpu 1 -ll:cpu 1 -ll:fsize 8192 -dp:workers 1 -dp:hpool 256 -nocheck -block_random -block_volume 1024 -dp:noisectopt -d1 1 -d2 1 image -n 1000000 -e 1000000 -p 1 -s 4 -f 5 -b 30,"{""buffer_size"": ""30"", ""cpu_us"": ""43763"", ""d1"": ""1"", ""d2"": ""1"", ""gpu_us"": ""2961"", ""num_edges"": ""1000000"", ""num_nodes"": ""1000000"", ""num_pieces"": ""1"", ""num_spaces"": ""4"", ""op"": ""image"", ""sparse_factor"": ""5""}","{""d1"": ""1"", ""d2"": ""1"", ""gpu_host_fallback"": ""0"", ""gpu_input_rects"": ""1"", ""gpu_oom_backoffs"": ""0"", ""gpu_scratch_bytes"": ""400132945"", ""gpu_tiles"": ""1"", ""op"": ""image"", ""path"": ""ptrs""}",771,3,block_random,1024,2961,43763,ptrs
tile_sweep_publication,image,1d,sparse,5,40,3,cpu_source,cpu_us,1,0,0,1,528437340,2,1,1,1000000,1000000,4,1,0,4.553638,/pscratch/sd/r/rchanani/realm/build_pm_deppart/tests/benchmark -ll:gpu 1 -ll:cpu 1 -ll:fsize 8192 -dp:workers 1 -dp:hpool 256 -nocheck -block_random -block_volume 1024 -d1 1 -d2 1 image -n 1000000 -e 1000000 -p 1 -s 4 -f 5 -b 40,"{""buffer_size"": ""40"", ""cpu_us"": ""42517"", ""d1"": ""1"", ""d2"": ""1"", ""gpu_us"": ""32499"", ""num_edges"": ""1000000"", ""num_nodes"": ""1000000"", ""num_pieces"": ""1"", ""num_spaces"": ""4"", ""op"": ""image"", ""sparse_factor"": ""5""}","{""d1"": ""1"", ""d2"": ""1"", ""gpu_host_fallback"": ""0"", ""gpu_input_rects"": ""1"", ""gpu_oom_backoffs"": ""0"", ""gpu_scratch_bytes"": ""528437340"", ""gpu_tiles"": ""1"", ""op"": ""image"", ""path"": ""ptrs""}",772,0,block_random,1024,32499,42517,ptrs
tile_sweep_publication,image,1d,sparse,5,40,3,gpu_source,gpu_us,1,0,0,1,528437340,2,1,1,1000000,1000000,4,1,0,4.586852,/pscratch/sd/r/rchanani/realm/build_pm_deppart/tests/benchmark -ll:gpu 1 -ll:cpu 1 -ll:fsize 8192 -dp:workers 1 -dp:hpool 256 -nocheck -block_random -block_volume 1024 -dp:noisectopt -d1 1 -d2 1 image -n 1000000 -e 1000000 -p 1 -s 4 -f 5 -b 40,"{""buffer_size"": ""40"", ""cpu_us"": ""45906"", ""d1"": ""1"", ""d2"": ""1"", ""gpu_us"": ""1745"", ""num_edges"": ""1000000"", ""num_nodes"": ""1000000"", ""num_pieces"": ""1"", ""num_spaces"": ""4"", ""op"": ""image"", ""sparse_factor"": ""5""}","{""d1"": ""1"", ""d2"": ""1"", ""gpu_host_fallback"": ""0"", ""gpu_input_rects"": ""1"", ""gpu_oom_backoffs"": ""0"", ""gpu_scratch_bytes"": ""528437340"", ""gpu_tiles"": ""1"", ""op"": ""image"", ""path"": ""ptrs""}",773,1,block_random,1024,1745,45906,ptrs
tile_sweep_publication,image,1d,sparse,5,50,3,cpu_source,cpu_us,1,0,0,1,656741736,2,1,1,1000000,1000000,4,1,0,4.807945,/pscratch/sd/r/rchanani/realm/build_pm_deppart/tests/benchmark -ll:gpu 1 -ll:cpu 1 -ll:fsize 8192 -dp:workers 1 -dp:hpool 256 -nocheck -block_random -block_volume 1024 -d1 1 -d2 1 image -n 1000000 -e 1000000 -p 1 -s 4 -f 5 -b 50,"{""buffer_size"": ""50"", ""cpu_us"": ""44476"", ""d1"": ""1"", ""d2"": ""1"", ""gpu_us"": ""34652"", ""num_edges"": ""1000000"", ""num_nodes"": ""1000000"", ""num_pieces"": ""1"", ""num_spaces"": ""4"", ""op"": ""image"", ""sparse_factor"": ""5""}","{""d1"": ""1"", ""d2"": ""1"", ""gpu_host_fallback"": ""0"", ""gpu_input_rects"": ""1"", ""gpu_oom_backoffs"": ""0"", ""gpu_scratch_bytes"": ""656741736"", ""gpu_tiles"": ""1"", ""op"": ""image"", ""path"": ""ptrs""}",774,2,block_random,1024,34652,44476,ptrs
tile_sweep_publication,image,1d,sparse,5,50,3,gpu_source,gpu_us,1,0,0,1,656741736,2,1,1,1000000,1000000,4,1,0,4.457774,/pscratch/sd/r/rchanani/realm/build_pm_deppart/tests/benchmark -ll:gpu 1 -ll:cpu 1 -ll:fsize 8192 -dp:workers 1 -dp:hpool 256 -nocheck -block_random -block_volume 1024 -dp:noisectopt -d1 1 -d2 1 image -n 1000000 -e 1000000 -p 1 -s 4 -f 5 -b 50,"{""buffer_size"": ""50"", ""cpu_us"": ""43990"", ""d1"": ""1"", ""d2"": ""1"", ""gpu_us"": ""2978"", ""num_edges"": ""1000000"", ""num_nodes"": ""1000000"", ""num_pieces"": ""1"", ""num_spaces"": ""4"", ""op"": ""image"", ""sparse_factor"": ""5""}","{""d1"": ""1"", ""d2"": ""1"", ""gpu_host_fallback"": ""0"", ""gpu_input_rects"": ""1"", ""gpu_oom_backoffs"": ""0"", ""gpu_scratch_bytes"": ""656741736"", ""gpu_tiles"": ""1"", ""op"": ""image"", ""path"": ""ptrs""}",775,3,block_random,1024,2978,43990,ptrs
tile_sweep_publication,image,1d,sparse,5,75,3,cpu_source,cpu_us,1,0,0,1,977502724,2,1,1,1000000,1000000,4,1,0,4.522835,/pscratch/sd/r/rchanani/realm/build_pm_deppart/tests/benchmark -ll:gpu 1 -ll:cpu 1 -ll:fsize 8192 -dp:workers 1 -dp:hpool 256 -nocheck -block_random -block_volume 1024 -d1 1 -d2 1 image -n 1000000 -e 1000000 -p 1 -s 4 -f 5 -b 75,"{""buffer_size"": ""75"", ""cpu_us"": ""41929"", ""d1"": ""1"", ""d2"": ""1"", ""gpu_us"": ""31058"", ""num_edges"": ""1000000"", ""num_nodes"": ""1000000"", ""num_pieces"": ""1"", ""num_spaces"": ""4"", ""op"": ""image"", ""sparse_factor"": ""5""}","{""d1"": ""1"", ""d2"": ""1"", ""gpu_host_fallback"": ""0"", ""gpu_input_rects"": ""1"", ""gpu_oom_backoffs"": ""0"", ""gpu_scratch_bytes"": ""977502724"", ""gpu_tiles"": ""1"", ""op"": ""image"", ""path"": ""ptrs""}",776,0,block_random,1024,31058,41929,ptrs
tile_sweep_publication,image,1d,sparse,5,75,3,gpu_source,gpu_us,1,0,0,1,977502724,2,1,1,1000000,1000000,4,1,0,4.632823,/pscratch/sd/r/rchanani/realm/build_pm_deppart/tests/benchmark -ll:gpu 1 -ll:cpu 1 -ll:fsize 8192 -dp:workers 1 -dp:hpool 256 -nocheck -block_random -block_volume 1024 -dp:noisectopt -d1 1 -d2 1 image -n 1000000 -e 1000000 -p 1 -s 4 -f 5 -b 75,"{""buffer_size"": ""75"", ""cpu_us"": ""43591"", ""d1"": ""1"", ""d2"": ""1"", ""gpu_us"": ""1725"", ""num_edges"": ""1000000"", ""num_nodes"": ""1000000"", ""num_pieces"": ""1"", ""num_spaces"": ""4"", ""op"": ""image"", ""sparse_factor"": ""5""}","{""d1"": ""1"", ""d2"": ""1"", ""gpu_host_fallback"": ""0"", ""gpu_input_rects"": ""1"", ""gpu_oom_backoffs"": ""0"", ""gpu_scratch_bytes"": ""977502724"", ""gpu_tiles"": ""1"", ""op"": ""image"", ""path"": ""ptrs""}",777,1,block_random,1024,1725,43591,ptrs
tile_sweep_publication,image,1d,sparse,5,100,3,cpu_source,cpu_us,1,0,0,1,1298263712,2,1,1,1000000,1000000,4,1,0,4.727977,/pscratch/sd/r/rchanani/realm/build_pm_deppart/tests/benchmark -ll:gpu 1 -ll:cpu 1 -ll:fsize 8192 -dp:workers 1 -dp:hpool 256 -nocheck -block_random -block_volume 1024 -d1 1 -d2 1 image -n 1000000 -e 1000000 -p 1 -s 4 -f 5 -b 100,"{""buffer_size"": ""100"", ""cpu_us"": ""41119"", ""d1"": ""1"", ""d2"": ""1"", ""gpu_us"": ""31130"", ""num_edges"": ""1000000"", ""num_nodes"": ""1000000"", ""num_pieces"": ""1"", ""num_spaces"": ""4"", ""op"": ""image"", ""sparse_factor"": ""5""}","{""d1"": ""1"", ""d2"": ""1"", ""gpu_host_fallback"": ""0"", ""gpu_input_rects"": ""1"", ""gpu_oom_backoffs"": ""0"", ""gpu_scratch_bytes"": ""1298263712"", ""gpu_tiles"": ""1"", ""op"": ""image"", ""path"": ""ptrs""}",778,2,block_random,1024,31130,41119,ptrs
tile_sweep_publication,image,1d,sparse,5,100,3,gpu_source,gpu_us,1,0,0,1,1298263712,2,1,1,1000000,1000000,4,1,0,4.496392,/pscratch/sd/r/rchanani/realm/build_pm_deppart/tests/benchmark -ll:gpu 1 -ll:cpu 1 -ll:fsize 8192 -dp:workers 1 -dp:hpool 256 -nocheck -block_random -block_volume 1024 -dp:noisectopt -d1 1 -d2 1 image -n 1000000 -e 1000000 -p 1 -s 4 -f 5 -b 100,"{""buffer_size"": ""100"", ""cpu_us"": ""45307"", ""d1"": ""1"", ""d2"": ""1"", ""gpu_us"": ""2794"", ""num_edges"": ""1000000"", ""num_nodes"": ""1000000"", ""num_pieces"": ""1"", ""num_spaces"": ""4"", ""op"": ""image"", ""sparse_factor"": ""5""}","{""d1"": ""1"", ""d2"": ""1"", ""gpu_host_fallback"": ""0"", ""gpu_input_rects"": ""1"", ""gpu_oom_backoffs"": ""0"", ""gpu_scratch_bytes"": ""1298263712"", ""gpu_tiles"": ""1"", ""op"": ""image"", ""path"": ""ptrs""}",779,3,block_random,1024,2794,45307,ptrs
tile_sweep_publication,image,2d,dense,1,1,3,cpu_source,cpu_us,32,104,1,32,21200001,2,2,2,1000,1000,4,1,0,1.446528,/pscratch/sd/r/rchanani/realm/build_pm_deppart/tests/benchmark -ll:gpu 1 -ll:cpu 1 -ll:fsize 8192 -dp:workers 1 -dp:hpool 256 -nocheck -block_random -block_volume 1024 -d1 2 -d2 2 image -n 1000 -e 1000 -p 1 -s 4 -f 1 -b 1,"{""buffer_size"": ""1"", ""cpu_us"": ""249850"", ""d1"": ""2"", ""d2"": ""2"", ""gpu_us"": ""151546"", ""num_edges"": ""1000"", ""num_nodes"": ""1000"", ""num_pieces"": ""1"", ""num_spaces"": ""4"", ""op"": ""image"", ""sparse_factor"": ""1""}","{""d1"": ""2"", ""d2"": ""2"", ""gpu_host_fallback"": ""1"", ""gpu_input_rects"": ""32"", ""gpu_oom_backoffs"": ""104"", ""gpu_scratch_bytes"": ""21200001"", ""gpu_tiles"": ""32"", ""op"": ""image"", ""path"": ""ptrs""}",780,0,block_random,1024,151546,249850,ptrs
tile_sweep_publication,image,2d,dense,1,1,3,gpu_source,gpu_us,32,104,1,32,21200001,2,2,2,1000,1000,4,1,0,1.560700,/pscratch/sd/r/rchanani/realm/build_pm_deppart/tests/benchmark -ll:gpu 1 -ll:cpu 1 -ll:fsize 8192 -dp:workers 1 -dp:hpool 256 -nocheck -block_random -block_volume 1024 -dp:noisectopt -d1 2 -d2 2 image -n 1000 -e 1000 -p 1 -s 4 -f 1 -b 1,"{""buffer_size"": ""1"", ""cpu_us"": ""257393"", ""d1"": ""2"", ""d2"": ""2"", ""gpu_us"": ""152926"", ""num_edges"": ""1000"", ""num_nodes"": ""1000"", ""num_pieces"": ""1"", ""num_spaces"": ""4"", ""op"": ""image"", ""sparse_factor"": ""1""}","{""d1"": ""2"", ""d2"": ""2"", ""gpu_host_fallback"": ""1"", ""gpu_input_rects"": ""32"", ""gpu_oom_backoffs"": ""104"", ""gpu_scratch_bytes"": ""21200001"", ""gpu_tiles"": ""32"", ""op"": ""image"", ""path"": ""ptrs""}",781,1,block_random,1024,152926,257393,ptrs
tile_sweep_publication,image,2d,dense,1,2,3,cpu_source,cpu_us,16,39,1,16,40400002,2,2,2,1000,1000,4,1,0,1.545725,/pscratch/sd/r/rchanani/realm/build_pm_deppart/tests/benchmark -ll:gpu 1 -ll:cpu 1 -ll:fsize 8192 -dp:workers 1 -dp:hpool 256 -nocheck -block_random -block_volume 1024 -d1 2 -d2 2 image -n 1000 -e 1000 -p 1 -s 4 -f 1 -b 2,"{""buffer_size"": ""2"", ""cpu_us"": ""249194"", ""d1"": ""2"", ""d2"": ""2"", ""gpu_us"": ""122928"", ""num_edges"": ""1000"", ""num_nodes"": ""1000"", ""num_pieces"": ""1"", ""num_spaces"": ""4"", ""op"": ""image"", ""sparse_factor"": ""1""}","{""d1"": ""2"", ""d2"": ""2"", ""gpu_host_fallback"": ""1"", ""gpu_input_rects"": ""16"", ""gpu_oom_backoffs"": ""39"", ""gpu_scratch_bytes"": ""40400002"", ""gpu_tiles"": ""16"", ""op"": ""image"", ""path"": ""ptrs""}",782,2,block_random,1024,122928,249194,ptrs
tile_sweep_publication,image,2d,dense,1,2,3,gpu_source,gpu_us,16,39,1,16,40400002,2,2,2,1000,1000,4,1,0,1.388784,/pscratch/sd/r/rchanani/realm/build_pm_deppart/tests/benchmark -ll:gpu 1 -ll:cpu 1 -ll:fsize 8192 -dp:workers 1 -dp:hpool 256 -nocheck -block_random -block_volume 1024 -dp:noisectopt -d1 2 -d2 2 image -n 1000 -e 1000 -p 1 -s 4 -f 1 -b 2,"{""buffer_size"": ""2"", ""cpu_us"": ""247774"", ""d1"": ""2"", ""d2"": ""2"", ""gpu_us"": ""125774"", ""num_edges"": ""1000"", ""num_nodes"": ""1000"", ""num_pieces"": ""1"", ""num_spaces"": ""4"", ""op"": ""image"", ""sparse_factor"": ""1""}","{""d1"": ""2"", ""d2"": ""2"", ""gpu_host_fallback"": ""1"", ""gpu_input_rects"": ""16"", ""gpu_oom_backoffs"": ""39"", ""gpu_scratch_bytes"": ""40400002"", ""gpu_tiles"": ""16"", ""op"": ""image"", ""path"": ""ptrs""}",783,3,block_random,1024,125774,247774,ptrs
tile_sweep_publication,image,2d,dense,1,3,3,cpu_source,cpu_us,8,14,1,8,59600003,2,2,2,1000,1000,4,1,0,1.366885,/pscratch/sd/r/rchanani/realm/build_pm_deppart/tests/benchmark -ll:gpu 1 -ll:cpu 1 -ll:fsize 8192 -dp:workers 1 -dp:hpool 256 -nocheck -block_random -block_volume 1024 -d1 2 -d2 2 image -n 1000 -e 1000 -p 1 -s 4 -f 1 -b 3,"{""buffer_size"": ""3"", ""cpu_us"": ""249064"", ""d1"": ""2"", ""d2"": ""2"", ""gpu_us"": ""121612"", ""num_edges"": ""1000"", ""num_nodes"": ""1000"", ""num_pieces"": ""1"", ""num_spaces"": ""4"", ""op"": ""image"", ""sparse_factor"": ""1""}","{""d1"": ""2"", ""d2"": ""2"", ""gpu_host_fallback"": ""1"", ""gpu_input_rects"": ""8"", ""gpu_oom_backoffs"": ""14"", ""gpu_scratch_bytes"": ""59600003"", ""gpu_tiles"": ""8"", ""op"": ""image"", ""path"": ""ptrs""}",784,0,block_random,1024,121612,249064,ptrs
tile_sweep_publication,image,2d,dense,1,3,3,gpu_source,gpu_us,8,14,1,8,59600003,2,2,2,1000,1000,4,1,0,1.524404,/pscratch/sd/r/rchanani/realm/build_pm_deppart/tests/benchmark -ll:gpu 1 -ll:cpu 1 -ll:fsize 8192 -dp:workers 1 -dp:hpool 256 -nocheck -block_random -block_volume 1024 -dp:noisectopt -d1 2 -d2 2 image -n 1000 -e 1000 -p 1 -s 4 -f 1 -b 3,"{""buffer_size"": ""3"", ""cpu_us"": ""254310"", ""d1"": ""2"", ""d2"": ""2"", ""gpu_us"": ""121376"", ""num_edges"": ""1000"", ""num_nodes"": ""1000"", ""num_pieces"": ""1"", ""num_spaces"": ""4"", ""op"": ""image"", ""sparse_factor"": ""1""}","{""d1"": ""2"", ""d2"": ""2"", ""gpu_host_fallback"": ""1"", ""gpu_input_rects"": ""8"", ""gpu_oom_backoffs"": ""14"", ""gpu_scratch_bytes"": ""59600003"", ""gpu_tiles"": ""8"", ""op"": ""image"", ""path"": ""ptrs""}",785,1,block_random,1024,121376,254310,ptrs
tile_sweep_publication,image,2d,dense,1,4,3,cpu_source,cpu_us,8,14,1,8,78800005,2,2,2,1000,1000,4,1,0,1.488044,/pscratch/sd/r/rchanani/realm/build_pm_deppart/tests/benchmark -ll:gpu 1 -ll:cpu 1 -ll:fsize 8192 -dp:workers 1 -dp:hpool 256 -nocheck -block_random -block_volume 1024 -d1 2 -d2 2 image -n 1000 -e 1000 -p 1 -s 4 -f 1 -b 4,"{""buffer_size"": ""4"", ""cpu_us"": ""252091"", ""d1"": ""2"", ""d2"": ""2"", ""gpu_us"": ""122432"", ""num_edges"": ""1000"", ""num_nodes"": ""1000"", ""num_pieces"": ""1"", ""num_spaces"": ""4"", ""op"": ""image"", ""sparse_factor"": ""1""}","{""d1"": ""2"", ""d2"": ""2"", ""gpu_host_fallback"": ""1"", ""gpu_input_rects"": ""8"", ""gpu_oom_backoffs"": ""14"", ""gpu_scratch_bytes"": ""78800005"", ""gpu_tiles"": ""8"", ""op"": ""image"", ""path"": ""ptrs""}",786,2,block_random,1024,122432,252091,ptrs
tile_sweep_publication,image,2d,dense,1,4,3,gpu_source,gpu_us,8,14,1,8,78800005,2,2,2,1000,1000,4,1,0,1.390995,/pscratch/sd/r/rchanani/realm/build_pm_deppart/tests/benchmark -ll:gpu 1 -ll:cpu 1 -ll:fsize 8192 -dp:workers 1 -dp:hpool 256 -nocheck -block_random -block_volume 1024 -dp:noisectopt -d1 2 -d2 2 image -n 1000 -e 1000 -p 1 -s 4 -f 1 -b 4,"{""buffer_size"": ""4"", ""cpu_us"": ""248245"", ""d1"": ""2"", ""d2"": ""2"", ""gpu_us"": ""121130"", ""num_edges"": ""1000"", ""num_nodes"": ""1000"", ""num_pieces"": ""1"", ""num_spaces"": ""4"", ""op"": ""image"", ""sparse_factor"": ""1""}","{""d1"": ""2"", ""d2"": ""2"", ""gpu_host_fallback"": ""1"", ""gpu_input_rects"": ""8"", ""gpu_oom_backoffs"": ""14"", ""gpu_scratch_bytes"": ""78800005"", ""gpu_tiles"": ""8"", ""op"": ""image"", ""path"": ""ptrs""}",787,3,block_random,1024,121130,248245,ptrs
tile_sweep_publication,image,2d,dense,1,5,3,cpu_source,cpu_us,8,14,1,8,98000006,2,2,2,1000,1000,4,1,0,1.396039,/pscratch/sd/r/rchanani/realm/build_pm_deppart/tests/benchmark -ll:gpu 1 -ll:cpu 1 -ll:fsize 8192 -dp:workers 1 -dp:hpool 256 -nocheck -block_random -block_volume 1024 -d1 2 -d2 2 image -n 1000 -e 1000 -p 1 -s 4 -f 1 -b 5,"{""buffer_size"": ""5"", ""cpu_us"": ""250256"", ""d1"": ""2"", ""d2"": ""2"", ""gpu_us"": ""123907"", ""num_edges"": ""1000"", ""num_nodes"": ""1000"", ""num_pieces"": ""1"", ""num_spaces"": ""4"", ""op"": ""image"", ""sparse_factor"": ""1""}","{""d1"": ""2"", ""d2"": ""2"", ""gpu_host_fallback"": ""1"", ""gpu_input_rects"": ""8"", ""gpu_oom_backoffs"": ""14"", ""gpu_scratch_bytes"": ""98000006"", ""gpu_tiles"": ""8"", ""op"": ""image"", ""path"": ""ptrs""}",788,0,block_random,1024,123907,250256,ptrs
tile_sweep_publication,image,2d,dense,1,5,3,gpu_source,gpu_us,8,14,1,8,98000006,2,2,2,1000,1000,4,1,0,1.626658,/pscratch/sd/r/rchanani/realm/build_pm_deppart/tests/benchmark -ll:gpu 1 -ll:cpu 1 -ll:fsize 8192 -dp:workers 1 -dp:hpool 256 -nocheck -block_random -block_volume 1024 -dp:noisectopt -d1 2 -d2 2 image -n 1000 -e 1000 -p 1 -s 4 -f 1 -b 5,"{""buffer_size"": ""5"", ""cpu_us"": ""248711"", ""d1"": ""2"", ""d2"": ""2"", ""gpu_us"": ""123003"", ""num_edges"": ""1000"", ""num_nodes"": ""1000"", ""num_pieces"": ""1"", ""num_spaces"": ""4"", ""op"": ""image"", ""sparse_factor"": ""1""}","{""d1"": ""2"", ""d2"": ""2"", ""gpu_host_fallback"": ""1"", ""gpu_input_rects"": ""8"", ""gpu_oom_backoffs"": ""14"", ""gpu_scratch_bytes"": ""98000006"", ""gpu_tiles"": ""8"", ""op"": ""image"", ""path"": ""ptrs""}",789,1,block_random,1024,123003,248711,ptrs
tile_sweep_publication,image,2d,dense,1,7,3,cpu_source,cpu_us,4,5,1,4,136400008,2,2,2,1000,1000,4,1,0,1.470468,/pscratch/sd/r/rchanani/realm/build_pm_deppart/tests/benchmark -ll:gpu 1 -ll:cpu 1 -ll:fsize 8192 -dp:workers 1 -dp:hpool 256 -nocheck -block_random -block_volume 1024 -d1 2 -d2 2 image -n 1000 -e 1000 -p 1 -s 4 -f 1 -b 7,"{""buffer_size"": ""7"", ""cpu_us"": ""261528"", ""d1"": ""2"", ""d2"": ""2"", ""gpu_us"": ""92405"", ""num_edges"": ""1000"", ""num_nodes"": ""1000"", ""num_pieces"": ""1"", ""num_spaces"": ""4"", ""op"": ""image"", ""sparse_factor"": ""1""}","{""d1"": ""2"", ""d2"": ""2"", ""gpu_host_fallback"": ""1"", ""gpu_input_rects"": ""4"", ""gpu_oom_backoffs"": ""5"", ""gpu_scratch_bytes"": ""136400008"", ""gpu_tiles"": ""4"", ""op"": ""image"", ""path"": ""ptrs""}",790,2,block_random,1024,92405,261528,ptrs
tile_sweep_publication,image,2d,dense,1,7,3,gpu_source,gpu_us,4,5,1,4,136400008,2,2,2,1000,1000,4,1,0,1.339964,/pscratch/sd/r/rchanani/realm/build_pm_deppart/tests/benchmark -ll:gpu 1 -ll:cpu 1 -ll:fsize 8192 -dp:workers 1 -dp:hpool 256 -nocheck -block_random -block_volume 1024 -dp:noisectopt -d1 2 -d2 2 image -n 1000 -e 1000 -p 1 -s 4 -f 1 -b 7,"{""buffer_size"": ""7"", ""cpu_us"": ""250983"", ""d1"": ""2"", ""d2"": ""2"", ""gpu_us"": ""87754"", ""num_edges"": ""1000"", ""num_nodes"": ""1000"", ""num_pieces"": ""1"", ""num_spaces"": ""4"", ""op"": ""image"", ""sparse_factor"": ""1""}","{""d1"": ""2"", ""d2"": ""2"", ""gpu_host_fallback"": ""1"", ""gpu_input_rects"": ""4"", ""gpu_oom_backoffs"": ""5"", ""gpu_scratch_bytes"": ""136400008"", ""gpu_tiles"": ""4"", ""op"": ""image"", ""path"": ""ptrs""}",791,3,block_random,1024,87754,250983,ptrs
tile_sweep_publication,image,2d,dense,1,10,3,cpu_source,cpu_us,4,5,1,4,194000012,2,2,2,1000,1000,4,1,0,1.313679,/pscratch/sd/r/rchanani/realm/build_pm_deppart/tests/benchmark -ll:gpu 1 -ll:cpu 1 -ll:fsize 8192 -dp:workers 1 -dp:hpool 256 -nocheck -block_random -block_volume 1024 -d1 2 -d2 2 image -n 1000 -e 1000 -p 1 -s 4 -f 1 -b 10,"{""buffer_size"": ""10"", ""cpu_us"": ""250602"", ""d1"": ""2"", ""d2"": ""2"", ""gpu_us"": ""88386"", ""num_edges"": ""1000"", ""num_nodes"": ""1000"", ""num_pieces"": ""1"", ""num_spaces"": ""4"", ""op"": ""image"", ""sparse_factor"": ""1""}","{""d1"": ""2"", ""d2"": ""2"", ""gpu_host_fallback"": ""1"", ""gpu_input_rects"": ""4"", ""gpu_oom_backoffs"": ""5"", ""gpu_scratch_bytes"": ""194000012"", ""gpu_tiles"": ""4"", ""op"": ""image"", ""path"": ""ptrs""}",792,0,block_random,1024,88386,250602,ptrs
tile_sweep_publication,image,2d,dense,1,10,3,gpu_source,gpu_us,4,5,1,4,194000012,2,2,2,1000,1000,4,1,0,1.502770,/pscratch/sd/r/rchanani/realm/build_pm_deppart/tests/benchmark -ll:gpu 1 -ll:cpu 1 -ll:fsize 8192 -dp:workers 1 -dp:hpool 256 -nocheck -block_random -block_volume 1024 -dp:noisectopt -d1 2 -d2 2 image -n 1000 -e 1000 -p 1 -s 4 -f 1 -b 10,"{""buffer_size"": ""10"", ""cpu_us"": ""250283"", ""d1"": ""2"", ""d2"": ""2"", ""gpu_us"": ""89653"", ""num_edges"": ""1000"", ""num_nodes"": ""1000"", ""num_pieces"": ""1"", ""num_spaces"": ""4"", ""op"": ""image"", ""sparse_factor"": ""1""}","{""d1"": ""2"", ""d2"": ""2"", ""gpu_host_fallback"": ""1"", ""gpu_input_rects"": ""4"", ""gpu_oom_backoffs"": ""5"", ""gpu_scratch_bytes"": ""194000012"", ""gpu_tiles"": ""4"", ""op"": ""image"", ""path"": ""ptrs""}",793,1,block_random,1024,89653,250283,ptrs
tile_sweep_publication,image,2d,dense,1,15,3,cpu_source,cpu_us,2,2,1,2,290000019,2,2,2,1000,1000,4,1,0,1.428512,/pscratch/sd/r/rchanani/realm/build_pm_deppart/tests/benchmark -ll:gpu 1 -ll:cpu 1 -ll:fsize 8192 -dp:workers 1 -dp:hpool 256 -nocheck -block_random -block_volume 1024 -d1 2 -d2 2 image -n 1000 -e 1000 -p 1 -s 4 -f 1 -b 15,"{""buffer_size"": ""15"", ""cpu_us"": ""256199"", ""d1"": ""2"", ""d2"": ""2"", ""gpu_us"": ""61693"", ""num_edges"": ""1000"", ""num_nodes"": ""1000"", ""num_pieces"": ""1"", ""num_spaces"": ""4"", ""op"": ""image"", ""sparse_factor"": ""1""}","{""d1"": ""2"", ""d2"": ""2"", ""gpu_host_fallback"": ""1"", ""gpu_input_rects"": ""2"", ""gpu_oom_backoffs"": ""2"", ""gpu_scratch_bytes"": ""290000019"", ""gpu_tiles"": ""2"", ""op"": ""image"", ""path"": ""ptrs""}",794,2,block_random,1024,61693,256199,ptrs
tile_sweep_publication,image,2d,dense,1,15,3,gpu_source,gpu_us,2,2,1,2,290000019,2,2,2,1000,1000,4,1,0,1.266766,/pscratch/sd/r/rchanani/realm/build_pm_deppart/tests/benchmark -ll:gpu 1 -ll:cpu 1 -ll:fsize 8192 -dp:workers 1 -dp:hpool 256 -nocheck -block_random -block_volume 1024 -dp:noisectopt -d1 2 -d2 2 image -n 1000 -e 1000 -p 1 -s 4 -f 1 -b 15,"{""buffer_size"": ""15"", ""cpu_us"": ""248751"", ""d1"": ""2"", ""d2"": ""2"", ""gpu_us"": ""60240"", ""num_edges"": ""1000"", ""num_nodes"": ""1000"", ""num_pieces"": ""1"", ""num_spaces"": ""4"", ""op"": ""image"", ""sparse_factor"": ""1""}","{""d1"": ""2"", ""d2"": ""2"", ""gpu_host_fallback"": ""1"", ""gpu_input_rects"": ""2"", ""gpu_oom_backoffs"": ""2"", ""gpu_scratch_bytes"": ""290000019"", ""gpu_tiles"": ""2"", ""op"": ""image"", ""path"": ""ptrs""}",795,3,block_random,1024,60240,248751,ptrs
tile_sweep_publication,image,2d,dense,1,20,3,cpu_source,cpu_us,2,2,1,2,386000025,2,2,2,1000,1000,4,1,0,1.268456,/pscratch/sd/r/rchanani/realm/build_pm_deppart/tests/benchmark -ll:gpu 1 -ll:cpu 1 -ll:fsize 8192 -dp:workers 1 -dp:hpool 256 -nocheck -block_random -block_volume 1024 -d1 2 -d2 2 image -n 1000 -e 1000 -p 1 -s 4 -f 1 -b 20,"{""buffer_size"": ""20"", ""cpu_us"": ""249659"", ""d1"": ""2"", ""d2"": ""2"", ""gpu_us"": ""59728"", ""num_edges"": ""1000"", ""num_nodes"": ""1000"", ""num_pieces"": ""1"", ""num_spaces"": ""4"", ""op"": ""image"", ""sparse_factor"": ""1""}","{""d1"": ""2"", ""d2"": ""2"", ""gpu_host_fallback"": ""1"", ""gpu_input_rects"": ""2"", ""gpu_oom_backoffs"": ""2"", ""gpu_scratch_bytes"": ""386000025"", ""gpu_tiles"": ""2"", ""op"": ""image"", ""path"": ""ptrs""}",796,0,block_random,1024,59728,249659,ptrs
tile_sweep_publication,image,2d,dense,1,20,3,gpu_source,gpu_us,2,2,1,2,386000025,2,2,2,1000,1000,4,1,0,1.411336,/pscratch/sd/r/rchanani/realm/build_pm_deppart/tests/benchmark -ll:gpu 1 -ll:cpu 1 -ll:fsize 8192 -dp:workers 1 -dp:hpool 256 -nocheck -block_random -block_volume 1024 -dp:noisectopt -d1 2 -d2 2 image -n 1000 -e 1000 -p 1 -s 4 -f 1 -b 20,"{""buffer_size"": ""20"", ""cpu_us"": ""250081"", ""d1"": ""2"", ""d2"": ""2"", ""gpu_us"": ""61564"", ""num_edges"": ""1000"", ""num_nodes"": ""1000"", ""num_pieces"": ""1"", ""num_spaces"": ""4"", ""op"": ""image"", ""sparse_factor"": ""1""}","{""d1"": ""2"", ""d2"": ""2"", ""gpu_host_fallback"": ""1"", ""gpu_input_rects"": ""2"", ""gpu_oom_backoffs"": ""2"", ""gpu_scratch_bytes"": ""386000025"", ""gpu_tiles"": ""2"", ""op"": ""image"", ""path"": ""ptrs""}",797,1,block_random,1024,61564,250081,ptrs
tile_sweep_publication,image,2d,dense,1,25,3,cpu_source,cpu_us,1,0,0,1,482000032,2,2,2,1000,1000,4,1,0,1.357341,/pscratch/sd/r/rchanani/realm/build_pm_deppart/tests/benchmark -ll:gpu 1 -ll:cpu 1 -ll:fsize 8192 -dp:workers 1 -dp:hpool 256 -nocheck -block_random -block_volume 1024 -d1 2 -d2 2 image -n 1000 -e 1000 -p 1 -s 4 -f 1 -b 25,"{""buffer_size"": ""25"", ""cpu_us"": ""248719"", ""d1"": ""2"", ""d2"": ""2"", ""gpu_us"": ""20429"", ""num_edges"": ""1000"", ""num_nodes"": ""1000"", ""num_pieces"": ""1"", ""num_spaces"": ""4"", ""op"": ""image"", ""sparse_factor"": ""1""}","{""d1"": ""2"", ""d2"": ""2"", ""gpu_host_fallback"": ""0"", ""gpu_input_rects"": ""1"", ""gpu_oom_backoffs"": ""0"", ""gpu_scratch_bytes"": ""482000032"", ""gpu_tiles"": ""1"", ""op"": ""image"", ""path"": ""ptrs""}",798,2,block_random,1024,20429,248719,ptrs
tile_sweep_publication,image,2d,dense,1,25,3,gpu_source,gpu_us,1,0,0,1,482000032,2,2,2,1000,1000,4,1,0,1.149819,/pscratch/sd/r/rchanani/realm/build_pm_deppart/tests/benchmark -ll:gpu 1 -ll:cpu 1 -ll:fsize 8192 -dp:workers 1 -dp:hpool 256 -nocheck -block_random -block_volume 1024 -dp:noisectopt -d1 2 -d2 2 image -n 1000 -e 1000 -p 1 -s 4 -f 1 -b 25,"{""buffer_size"": ""25"", ""cpu_us"": ""249066"", ""d1"": ""2"", ""d2"": ""2"", ""gpu_us"": ""3205"", ""num_edges"": ""1000"", ""num_nodes"": ""1000"", ""num_pieces"": ""1"", ""num_spaces"": ""4"", ""op"": ""image"", ""sparse_factor"": ""1""}","{""d1"": ""2"", ""d2"": ""2"", ""gpu_host_fallback"": ""0"", ""gpu_input_rects"": ""1"", ""gpu_oom_backoffs"": ""0"", ""gpu_scratch_bytes"": ""482000032"", ""gpu_tiles"": ""1"", ""op"": ""image"", ""path"": ""ptrs""}",799,3,block_random,1024,3205,249066,ptrs
tile_sweep_publication,image,2d,dense,1,30,3,cpu_source,cpu_us,1,0,0,1,578000038,2,2,2,1000,1000,4,1,0,1.185277,/pscratch/sd/r/rchanani/realm/build_pm_deppart/tests/benchmark -ll:gpu 1 -ll:cpu 1 -ll:fsize 8192 -dp:workers 1 -dp:hpool 256 -nocheck -block_random -block_volume 1024 -d1 2 -d2 2 image -n 1000 -e 1000 -p 1 -s 4 -f 1 -b 30,"{""buffer_size"": ""30"", ""cpu_us"": ""251474"", ""d1"": ""2"", ""d2"": ""2"", ""gpu_us"": ""20270"", ""num_edges"": ""1000"", ""num_nodes"": ""1000"", ""num_pieces"": ""1"", ""num_spaces"": ""4"", ""op"": ""image"", ""sparse_factor"": ""1""}","{""d1"": ""2"", ""d2"": ""2"", ""gpu_host_fallback"": ""0"", ""gpu_input_rects"": ""1"", ""gpu_oom_backoffs"": ""0"", ""gpu_scratch_bytes"": ""578000038"", ""gpu_tiles"": ""1"", ""op"": ""image"", ""path"": ""ptrs""}",800,0,block_random,1024,20270,251474,ptrs
tile_sweep_publication,image,2d,dense,1,30,3,gpu_source,gpu_us,1,0,0,1,578000038,2,2,2,1000,1000,4,1,0,1.337786,/pscratch/sd/r/rchanani/realm/build_pm_deppart/tests/benchmark -ll:gpu 1 -ll:cpu 1 -ll:fsize 8192 -dp:workers 1 -dp:hpool 256 -nocheck -block_random -block_volume 1024 -dp:noisectopt -d1 2 -d2 2 image -n 1000 -e 1000 -p 1 -s 4 -f 1 -b 30,"{""buffer_size"": ""30"", ""cpu_us"": ""250389"", ""d1"": ""2"", ""d2"": ""2"", ""gpu_us"": ""3236"", ""num_edges"": ""1000"", ""num_nodes"": ""1000"", ""num_pieces"": ""1"", ""num_spaces"": ""4"", ""op"": ""image"", ""sparse_factor"": ""1""}","{""d1"": ""2"", ""d2"": ""2"", ""gpu_host_fallback"": ""0"", ""gpu_input_rects"": ""1"", ""gpu_oom_backoffs"": ""0"", ""gpu_scratch_bytes"": ""578000038"", ""gpu_tiles"": ""1"", ""op"": ""image"", ""path"": ""ptrs""}",801,1,block_random,1024,3236,250389,ptrs
tile_sweep_publication,image,2d,dense,1,40,3,cpu_source,cpu_us,1,0,0,1,770000051,2,2,2,1000,1000,4,1,0,1.448449,/pscratch/sd/r/rchanani/realm/build_pm_deppart/tests/benchmark -ll:gpu 1 -ll:cpu 1 -ll:fsize 8192 -dp:workers 1 -dp:hpool 256 -nocheck -block_random -block_volume 1024 -d1 2 -d2 2 image -n 1000 -e 1000 -p 1 -s 4 -f 1 -b 40,"{""buffer_size"": ""40"", ""cpu_us"": ""252973"", ""d1"": ""2"", ""d2"": ""2"", ""gpu_us"": ""19920"", ""num_edges"": ""1000"", ""num_nodes"": ""1000"", ""num_pieces"": ""1"", ""num_spaces"": ""4"", ""op"": ""image"", ""sparse_factor"": ""1""}","{""d1"": ""2"", ""d2"": ""2"", ""gpu_host_fallback"": ""0"", ""gpu_input_rects"": ""1"", ""gpu_oom_backoffs"": ""0"", ""gpu_scratch_bytes"": ""770000051"", ""gpu_tiles"": ""1"", ""op"": ""image"", ""path"": ""ptrs""}",802,2,block_random,1024,19920,252973,ptrs
tile_sweep_publication,image,2d,dense,1,40,3,gpu_source,gpu_us,1,0,0,1,770000051,2,2,2,1000,1000,4,1,0,1.172745,/pscratch/sd/r/rchanani/realm/build_pm_deppart/tests/benchmark -ll:gpu 1 -ll:cpu 1 -ll:fsize 8192 -dp:workers 1 -dp:hpool 256 -nocheck -block_random -block_volume 1024 -dp:noisectopt -d1 2 -d2 2 image -n 1000 -e 1000 -p 1 -s 4 -f 1 -b 40,"{""buffer_size"": ""40"", ""cpu_us"": ""250773"", ""d1"": ""2"", ""d2"": ""2"", ""gpu_us"": ""3513"", ""num_edges"": ""1000"", ""num_nodes"": ""1000"", ""num_pieces"": ""1"", ""num_spaces"": ""4"", ""op"": ""image"", ""sparse_factor"": ""1""}","{""d1"": ""2"", ""d2"": ""2"", ""gpu_host_fallback"": ""0"", ""gpu_input_rects"": ""1"", ""gpu_oom_backoffs"": ""0"", ""gpu_scratch_bytes"": ""770000051"", ""gpu_tiles"": ""1"", ""op"": ""image"", ""path"": ""ptrs""}",803,3,block_random,1024,3513,250773,ptrs
tile_sweep_publication,image,2d,dense,1,50,3,cpu_source,cpu_us,1,0,0,1,962000064,2,2,2,1000,1000,4,1,0,1.189776,/pscratch/sd/r/rchanani/realm/build_pm_deppart/tests/benchmark -ll:gpu 1 -ll:cpu 1 -ll:fsize 8192 -dp:workers 1 -dp:hpool 256 -nocheck -block_random -block_volume 1024 -d1 2 -d2 2 image -n 1000 -e 1000 -p 1 -s 4 -f 1 -b 50,"{""buffer_size"": ""50"", ""cpu_us"": ""250054"", ""d1"": ""2"", ""d2"": ""2"", ""gpu_us"": ""19772"", ""num_edges"": ""1000"", ""num_nodes"": ""1000"", ""num_pieces"": ""1"", ""num_spaces"": ""4"", ""op"": ""image"", ""sparse_factor"": ""1""}","{""d1"": ""2"", ""d2"": ""2"", ""gpu_host_fallback"": ""0"", ""gpu_input_rects"": ""1"", ""gpu_oom_backoffs"": ""0"", ""gpu_scratch_bytes"": ""962000064"", ""gpu_tiles"": ""1"", ""op"": ""image"", ""path"": ""ptrs""}",804,0,block_random,1024,19772,250054,ptrs
tile_sweep_publication,image,2d,dense,1,50,3,gpu_source,gpu_us,1,0,0,1,962000064,2,2,2,1000,1000,4,1,0,1.421912,/pscratch/sd/r/rchanani/realm/build_pm_deppart/tests/benchmark -ll:gpu 1 -ll:cpu 1 -ll:fsize 8192 -dp:workers 1 -dp:hpool 256 -nocheck -block_random -block_volume 1024 -dp:noisectopt -d1 2 -d2 2 image -n 1000 -e 1000 -p 1 -s 4 -f 1 -b 50,"{""buffer_size"": ""50"", ""cpu_us"": ""253390"", ""d1"": ""2"", ""d2"": ""2"", ""gpu_us"": ""3073"", ""num_edges"": ""1000"", ""num_nodes"": ""1000"", ""num_pieces"": ""1"", ""num_spaces"": ""4"", ""op"": ""image"", ""sparse_factor"": ""1""}","{""d1"": ""2"", ""d2"": ""2"", ""gpu_host_fallback"": ""0"", ""gpu_input_rects"": ""1"", ""gpu_oom_backoffs"": ""0"", ""gpu_scratch_bytes"": ""962000064"", ""gpu_tiles"": ""1"", ""op"": ""image"", ""path"": ""ptrs""}",805,1,block_random,1024,3073,253390,ptrs
tile_sweep_publication,image,2d,dense,1,75,3,cpu_source,cpu_us,1,0,0,1,1442000096,2,2,2,1000,1000,4,1,0,1.409521,/pscratch/sd/r/rchanani/realm/build_pm_deppart/tests/benchmark -ll:gpu 1 -ll:cpu 1 -ll:fsize 8192 -dp:workers 1 -dp:hpool 256 -nocheck -block_random -block_volume 1024 -d1 2 -d2 2 image -n 1000 -e 1000 -p 1 -s 4 -f 1 -b 75,"{""buffer_size"": ""75"", ""cpu_us"": ""249062"", ""d1"": ""2"", ""d2"": ""2"", ""gpu_us"": ""20828"", ""num_edges"": ""1000"", ""num_nodes"": ""1000"", ""num_pieces"": ""1"", ""num_spaces"": ""4"", ""op"": ""image"", ""sparse_factor"": ""1""}","{""d1"": ""2"", ""d2"": ""2"", ""gpu_host_fallback"": ""0"", ""gpu_input_rects"": ""1"", ""gpu_oom_backoffs"": ""0"", ""gpu_scratch_bytes"": ""1442000096"", ""gpu_tiles"": ""1"", ""op"": ""image"", ""path"": ""ptrs""}",806,2,block_random,1024,20828,249062,ptrs
tile_sweep_publication,image,2d,dense,1,75,3,gpu_source,gpu_us,1,0,0,1,1442000096,2,2,2,1000,1000,4,1,0,1.153870,/pscratch/sd/r/rchanani/realm/build_pm_deppart/tests/benchmark -ll:gpu 1 -ll:cpu 1 -ll:fsize 8192 -dp:workers 1 -dp:hpool 256 -nocheck -block_random -block_volume 1024 -dp:noisectopt -d1 2 -d2 2 image -n 1000 -e 1000 -p 1 -s 4 -f 1 -b 75,"{""buffer_size"": ""75"", ""cpu_us"": ""249280"", ""d1"": ""2"", ""d2"": ""2"", ""gpu_us"": ""3298"", ""num_edges"": ""1000"", ""num_nodes"": ""1000"", ""num_pieces"": ""1"", ""num_spaces"": ""4"", ""op"": ""image"", ""sparse_factor"": ""1""}","{""d1"": ""2"", ""d2"": ""2"", ""gpu_host_fallback"": ""0"", ""gpu_input_rects"": ""1"", ""gpu_oom_backoffs"": ""0"", ""gpu_scratch_bytes"": ""1442000096"", ""gpu_tiles"": ""1"", ""op"": ""image"", ""path"": ""ptrs""}",807,3,block_random,1024,3298,249280,ptrs
tile_sweep_publication,image,2d,dense,1,100,3,cpu_source,cpu_us,1,0,0,1,1922000128,2,2,2,1000,1000,4,1,0,1.182448,/pscratch/sd/r/rchanani/realm/build_pm_deppart/tests/benchmark -ll:gpu 1 -ll:cpu 1 -ll:fsize 8192 -dp:workers 1 -dp:hpool 256 -nocheck -block_random -block_volume 1024 -d1 2 -d2 2 image -n 1000 -e 1000 -p 1 -s 4 -f 1 -b 100,"{""buffer_size"": ""100"", ""cpu_us"": ""250715"", ""d1"": ""2"", ""d2"": ""2"", ""gpu_us"": ""19954"", ""num_edges"": ""1000"", ""num_nodes"": ""1000"", ""num_pieces"": ""1"", ""num_spaces"": ""4"", ""op"": ""image"", ""sparse_factor"": ""1""}","{""d1"": ""2"", ""d2"": ""2"", ""gpu_host_fallback"": ""0"", ""gpu_input_rects"": ""1"", ""gpu_oom_backoffs"": ""0"", ""gpu_scratch_bytes"": ""1922000128"", ""gpu_tiles"": ""1"", ""op"": ""image"", ""path"": ""ptrs""}",808,0,block_random,1024,19954,250715,ptrs
tile_sweep_publication,image,2d,dense,1,100,3,gpu_source,gpu_us,1,0,0,1,1922000128,2,2,2,1000,1000,4,1,0,1.252990,/pscratch/sd/r/rchanani/realm/build_pm_deppart/tests/benchmark -ll:gpu 1 -ll:cpu 1 -ll:fsize 8192 -dp:workers 1 -dp:hpool 256 -nocheck -block_random -block_volume 1024 -dp:noisectopt -d1 2 -d2 2 image -n 1000 -e 1000 -p 1 -s 4 -f 1 -b 100,"{""buffer_size"": ""100"", ""cpu_us"": ""250585"", ""d1"": ""2"", ""d2"": ""2"", ""gpu_us"": ""3222"", ""num_edges"": ""1000"", ""num_nodes"": ""1000"", ""num_pieces"": ""1"", ""num_spaces"": ""4"", ""op"": ""image"", ""sparse_factor"": ""1""}","{""d1"": ""2"", ""d2"": ""2"", ""gpu_host_fallback"": ""0"", ""gpu_input_rects"": ""1"", ""gpu_oom_backoffs"": ""0"", ""gpu_scratch_bytes"": ""1922000128"", ""gpu_tiles"": ""1"", ""op"": ""image"", ""path"": ""ptrs""}",809,1,block_random,1024,3222,250585,ptrs
tile_sweep_publication,image,2d,sparse,5,1,3,cpu_source,cpu_us,1,0,0,1,38202417,2,2,2,1000,1000,4,1,0,43.057154,/pscratch/sd/r/rchanani/realm/build_pm_deppart/tests/benchmark -ll:gpu 1 -ll:cpu 1 -ll:fsize 8192 -dp:workers 1 -dp:hpool 256 -nocheck -block_random -block_volume 1024 -d1 2 -d2 2 image -n 1000 -e 1000 -p 1 -s 4 -f 5 -b 1,"{""buffer_size"": ""1"", ""cpu_us"": ""20026146"", ""d1"": ""2"", ""d2"": ""2"", ""gpu_us"": ""10907734"", ""num_edges"": ""1000"", ""num_nodes"": ""1000"", ""num_pieces"": ""1"", ""num_spaces"": ""4"", ""op"": ""image"", ""sparse_factor"": ""5""}","{""d1"": ""2"", ""d2"": ""2"", ""gpu_host_fallback"": ""0"", ""gpu_input_rects"": ""1"", ""gpu_oom_backoffs"": ""0"", ""gpu_scratch_bytes"": ""38202417"", ""gpu_tiles"": ""1"", ""op"": ""image"", ""path"": ""ptrs""}",810,2,block_random,1024,10907734,20026146,ptrs
tile_sweep_publication,image,2d,sparse,5,1,3,gpu_source,gpu_us,1,0,0,1,38202417,2,2,2,1000,1000,4,1,0,20.988870,/pscratch/sd/r/rchanani/realm/build_pm_deppart/tests/benchmark -ll:gpu 1 -ll:cpu 1 -ll:fsize 8192 -dp:workers 1 -dp:hpool 256 -nocheck -block_random -block_volume 1024 -dp:noisectopt -d1 2 -d2 2 image -n 1000 -e 1000 -p 1 -s 4 -f 5 -b 1,"{""buffer_size"": ""1"", ""cpu_us"": ""19925646"", ""d1"": ""2"", ""d2"": ""2"", ""gpu_us"": ""2070"", ""num_edges"": ""1000"", ""num_nodes"": ""1000"", ""num_pieces"": ""1"", ""num_spaces"": ""4"", ""op"": ""image"", ""sparse_factor"": ""5""}","{""d1"": ""2"", ""d2"": ""2"", ""gpu_host_fallback"": ""0"", ""gpu_input_rects"": ""1"", ""gpu_oom_backoffs"": ""0"", ""gpu_scratch_bytes"": ""38202417"", ""gpu_tiles"": ""1"", ""op"": ""image"", ""path"": ""ptrs""}",811,3,block_random,1024,2070,19925646,ptrs
tile_sweep_publication,image,2d,sparse,5,2,3,cpu_source,cpu_us,1,0,0,1,57460707,2,2,2,1000,1000,4,1,0,42.764632,/pscratch/sd/r/rchanani/realm/build_pm_deppart/tests/benchmark -ll:gpu 1 -ll:cpu 1 -ll:fsize 8192 -dp:workers 1 -dp:hpool 256 -nocheck -block_random -block_volume 1024 -d1 2 -d2 2 image -n 1000 -e 1000 -p 1 -s 4 -f 5 -b 2,"{""buffer_size"": ""2"", ""cpu_us"": ""20020335"", ""d1"": ""2"", ""d2"": ""2"", ""gpu_us"": ""10854908"", ""num_edges"": ""1000"", ""num_nodes"": ""1000"", ""num_pieces"": ""1"", ""num_spaces"": ""4"", ""op"": ""image"", ""sparse_factor"": ""5""}","{""d1"": ""2"", ""d2"": ""2"", ""gpu_host_fallback"": ""0"", ""gpu_input_rects"": ""1"", ""gpu_oom_backoffs"": ""0"", ""gpu_scratch_bytes"": ""57460707"", ""gpu_tiles"": ""1"", ""op"": ""image"", ""path"": ""ptrs""}",812,0,block_random,1024,10854908,20020335,ptrs
tile_sweep_publication,image,2d,sparse,5,2,3,gpu_source,gpu_us,1,0,0,1,57460707,2,2,2,1000,1000,4,1,0,21.307413,/pscratch/sd/r/rchanani/realm/build_pm_deppart/tests/benchmark -ll:gpu 1 -ll:cpu 1 -ll:fsize 8192 -dp:workers 1 -dp:hpool 256 -nocheck -block_random -block_volume 1024 -dp:noisectopt -d1 2 -d2 2 image -n 1000 -e 1000 -p 1 -s 4 -f 5 -b 2,"{""buffer_size"": ""2"", ""cpu_us"": ""19961323"", ""d1"": ""2"", ""d2"": ""2"", ""gpu_us"": ""2029"", ""num_edges"": ""1000"", ""num_nodes"": ""1000"", ""num_pieces"": ""1"", ""num_spaces"": ""4"", ""op"": ""image"", ""sparse_factor"": ""5""}","{""d1"": ""2"", ""d2"": ""2"", ""gpu_host_fallback"": ""0"", ""gpu_input_rects"": ""1"", ""gpu_oom_backoffs"": ""0"", ""gpu_scratch_bytes"": ""57460707"", ""gpu_tiles"": ""1"", ""op"": ""image"", ""path"": ""ptrs""}",813,1,block_random,1024,2029,19961323,ptrs
tile_sweep_publication,image,2d,sparse,5,3,3,cpu_source,cpu_us,1,0,0,1,76718996,2,2,2,1000,1000,4,1,0,43.284744,/pscratch/sd/r/rchanani/realm/build_pm_deppart/tests/benchmark -ll:gpu 1 -ll:cpu 1 -ll:fsize 8192 -dp:workers 1 -dp:hpool 256 -nocheck -block_random -block_volume 1024 -d1 2 -d2 2 image -n 1000 -e 1000 -p 1 -s 4 -f 5 -b 3,"{""buffer_size"": ""3"", ""cpu_us"": ""20180405"", ""d1"": ""2"", ""d2"": ""2"", ""gpu_us"": ""10912967"", ""num_edges"": ""1000"", ""num_nodes"": ""1000"", ""num_pieces"": ""1"", ""num_spaces"": ""4"", ""op"": ""image"", ""sparse_factor"": ""5""}","{""d1"": ""2"", ""d2"": ""2"", ""gpu_host_fallback"": ""0"", ""gpu_input_rects"": ""1"", ""gpu_oom_backoffs"": ""0"", ""gpu_scratch_bytes"": ""76718996"", ""gpu_tiles"": ""1"", ""op"": ""image"", ""path"": ""ptrs""}",814,2,block_random,1024,10912967,20180405,ptrs
tile_sweep_publication,image,2d,sparse,5,3,3,gpu_source,gpu_us,1,0,0,1,76718996,2,2,2,1000,1000,4,1,0,21.046997,/pscratch/sd/r/rchanani/realm/build_pm_deppart/tests/benchmark -ll:gpu 1 -ll:cpu 1 -ll:fsize 8192 -dp:workers 1 -dp:hpool 256 -nocheck -block_random -block_volume 1024 -dp:noisectopt -d1 2 -d2 2 image -n 1000 -e 1000 -p 1 -s 4 -f 5 -b 3,"{""buffer_size"": ""3"", ""cpu_us"": ""19990304"", ""d1"": ""2"", ""d2"": ""2"", ""gpu_us"": ""2370"", ""num_edges"": ""1000"", ""num_nodes"": ""1000"", ""num_pieces"": ""1"", ""num_spaces"": ""4"", ""op"": ""image"", ""sparse_factor"": ""5""}","{""d1"": ""2"", ""d2"": ""2"", ""gpu_host_fallback"": ""0"", ""gpu_input_rects"": ""1"", ""gpu_oom_backoffs"": ""0"", ""gpu_scratch_bytes"": ""76718996"", ""gpu_tiles"": ""1"", ""op"": ""image"", ""path"": ""ptrs""}",815,3,block_random,1024,2370,19990304,ptrs
tile_sweep_publication,image,2d,sparse,5,4,3,cpu_source,cpu_us,1,0,0,1,95977286,2,2,2,1000,1000,4,1,0,42.655486,/pscratch/sd/r/rchanani/realm/build_pm_deppart/tests/benchmark -ll:gpu 1 -ll:cpu 1 -ll:fsize 8192 -dp:workers 1 -dp:hpool 256 -nocheck -block_random -block_volume 1024 -d1 2 -d2 2 image -n 1000 -e 1000 -p 1 -s 4 -f 5 -b 4,"{""buffer_size"": ""4"", ""cpu_us"": ""19935608"", ""d1"": ""2"", ""d2"": ""2"", ""gpu_us"": ""10846421"", ""num_edges"": ""1000"", ""num_nodes"": ""1000"", ""num_pieces"": ""1"", ""num_spaces"": ""4"", ""op"": ""image"", ""sparse_factor"": ""5""}","{""d1"": ""2"", ""d2"": ""2"", ""gpu_host_fallback"": ""0"", ""gpu_input_rects"": ""1"", ""gpu_oom_backoffs"": ""0"", ""gpu_scratch_bytes"": ""95977286"", ""gpu_tiles"": ""1"", ""op"": ""image"", ""path"": ""ptrs""}",816,0,block_random,1024,10846421,19935608,ptrs
tile_sweep_publication,image,2d,sparse,5,4,3,gpu_source,gpu_us,1,0,0,1,95977286,2,2,2,1000,1000,4,1,0,21.430067,/pscratch/sd/r/rchanani/realm/build_pm_deppart/tests/benchmark -ll:gpu 1 -ll:cpu 1 -ll:fsize 8192 -dp:workers 1 -dp:hpool 256 -nocheck -block_random -block_volume 1024 -dp:noisectopt -d1 2 -d2 2 image -n 1000 -e 1000 -p 1 -s 4 -f 5 -b 4,"{""buffer_size"": ""4"", ""cpu_us"": ""20265701"", ""d1"": ""2"", ""d2"": ""2"", ""gpu_us"": ""2198"", ""num_edges"": ""1000"", ""num_nodes"": ""1000"", ""num_pieces"": ""1"", ""num_spaces"": ""4"", ""op"": ""image"", ""sparse_factor"": ""5""}","{""d1"": ""2"", ""d2"": ""2"", ""gpu_host_fallback"": ""0"", ""gpu_input_rects"": ""1"", ""gpu_oom_backoffs"": ""0"", ""gpu_scratch_bytes"": ""95977286"", ""gpu_tiles"": ""1"", ""op"": ""image"", ""path"": ""ptrs""}",817,1,block_random,1024,2198,20265701,ptrs
tile_sweep_publication,image,2d,sparse,5,5,3,cpu_source,cpu_us,1,0,0,1,115235576,2,2,2,1000,1000,4,1,0,43.046826,/pscratch/sd/r/rchanani/realm/build_pm_deppart/tests/benchmark -ll:gpu 1 -ll:cpu 1 -ll:fsize 8192 -dp:workers 1 -dp:hpool 256 -nocheck -block_random -block_volume 1024 -d1 2 -d2 2 image -n 1000 -e 1000 -p 1 -s 4 -f 5 -b 5,"{""buffer_size"": ""5"", ""cpu_us"": ""20062091"", ""d1"": ""2"", ""d2"": ""2"", ""gpu_us"": ""10890134"", ""num_edges"": ""1000"", ""num_nodes"": ""1000"", ""num_pieces"": ""1"", ""num_spaces"": ""4"", ""op"": ""image"", ""sparse_factor"": ""5""}","{""d1"": ""2"", ""d2"": ""2"", ""gpu_host_fallback"": ""0"", ""gpu_input_rects"": ""1"", ""gpu_oom_backoffs"": ""0"", ""gpu_scratch_bytes"": ""115235576"", ""gpu_tiles"": ""1"", ""op"": ""image"", ""path"": ""ptrs""}",818,2,block_random,1024,10890134,20062091,ptrs
tile_sweep_publication,image,2d,sparse,5,5,3,gpu_source,gpu_us,1,0,0,1,115235576,2,2,2,1000,1000,4,1,0,21.013257,/pscratch/sd/r/rchanani/realm/build_pm_deppart/tests/benchmark -ll:gpu 1 -ll:cpu 1 -ll:fsize 8192 -dp:workers 1 -dp:hpool 256 -nocheck -block_random -block_volume 1024 -dp:noisectopt -d1 2 -d2 2 image -n 1000 -e 1000 -p 1 -s 4 -f 5 -b 5,"{""buffer_size"": ""5"", ""cpu_us"": ""19970278"", ""d1"": ""2"", ""d2"": ""2"", ""gpu_us"": ""2110"", ""num_edges"": ""1000"", ""num_nodes"": ""1000"", ""num_pieces"": ""1"", ""num_spaces"": ""4"", ""op"": ""image"", ""sparse_factor"": ""5""}","{""d1"": ""2"", ""d2"": ""2"", ""gpu_host_fallback"": ""0"", ""gpu_input_rects"": ""1"", ""gpu_oom_backoffs"": ""0"", ""gpu_scratch_bytes"": ""115235576"", ""gpu_tiles"": ""1"", ""op"": ""image"", ""path"": ""ptrs""}",819,3,block_random,1024,2110,19970278,ptrs
tile_sweep_publication,image,2d,sparse,5,7,3,cpu_source,cpu_us,1,0,0,1,153752155,2,2,2,1000,1000,4,1,0,42.640715,/pscratch/sd/r/rchanani/realm/build_pm_deppart/tests/benchmark -ll:gpu 1 -ll:cpu 1 -ll:fsize 8192 -dp:workers 1 -dp:hpool 256 -nocheck -block_random -block_volume 1024 -d1 2 -d2 2 image -n 1000 -e 1000 -p 1 -s 4 -f 5 -b 7,"{""buffer_size"": ""7"", ""cpu_us"": ""19948137"", ""d1"": ""2"", ""d2"": ""2"", ""gpu_us"": ""10800253"", ""num_edges"": ""1000"", ""num_nodes"": ""1000"", ""num_pieces"": ""1"", ""num_spaces"": ""4"", ""op"": ""image"", ""sparse_factor"": ""5""}","{""d1"": ""2"", ""d2"": ""2"", ""gpu_host_fallback"": ""0"", ""gpu_input_rects"": ""1"", ""gpu_oom_backoffs"": ""0"", ""gpu_scratch_bytes"": ""153752155"", ""gpu_tiles"": ""1"", ""op"": ""image"", ""path"": ""ptrs""}",820,0,block_random,1024,10800253,19948137,ptrs
tile_sweep_publication,image,2d,sparse,5,7,3,gpu_source,gpu_us,1,0,0,1,153752155,2,2,2,1000,1000,4,1,0,21.238214,/pscratch/sd/r/rchanani/realm/build_pm_deppart/tests/benchmark -ll:gpu 1 -ll:cpu 1 -ll:fsize 8192 -dp:workers 1 -dp:hpool 256 -nocheck -block_random -block_volume 1024 -dp:noisectopt -d1 2 -d2 2 image -n 1000 -e 1000 -p 1 -s 4 -f 5 -b 7,"{""buffer_size"": ""7"", ""cpu_us"": ""20086398"", ""d1"": ""2"", ""d2"": ""2"", ""gpu_us"": ""2095"", ""num_edges"": ""1000"", ""num_nodes"": ""1000"", ""num_pieces"": ""1"", ""num_spaces"": ""4"", ""op"": ""image"", ""sparse_factor"": ""5""}","{""d1"": ""2"", ""d2"": ""2"", ""gpu_host_fallback"": ""0"", ""gpu_input_rects"": ""1"", ""gpu_oom_backoffs"": ""0"", ""gpu_scratch_bytes"": ""153752155"", ""gpu_tiles"": ""1"", ""op"": ""image"", ""path"": ""ptrs""}",821,1,block_random,1024,2095,20086398,ptrs
tile_sweep_publication,image,2d,sparse,5,10,3,cpu_source,cpu_us,1,0,0,1,211527024,2,2,2,1000,1000,4,1,0,43.142660,/pscratch/sd/r/rchanani/realm/build_pm_deppart/tests/benchmark -ll:gpu 1 -ll:cpu 1 -ll:fsize 8192 -dp:workers 1 -dp:hpool 256 -nocheck -block_random -block_volume 1024 -d1 2 -d2 2 image -n 1000 -e 1000 -p 1 -s 4 -f 5 -b 10,"{""buffer_size"": ""10"", ""cpu_us"": ""20062563"", ""d1"": ""2"", ""d2"": ""2"", ""gpu_us"": ""10889676"", ""num_edges"": ""1000"", ""num_nodes"": ""1000"", ""num_pieces"": ""1"", ""num_spaces"": ""4"", ""op"": ""image"", ""sparse_factor"": ""5""}","{""d1"": ""2"", ""d2"": ""2"", ""gpu_host_fallback"": ""0"", ""gpu_input_rects"": ""1"", ""gpu_oom_backoffs"": ""0"", ""gpu_scratch_bytes"": ""211527024"", ""gpu_tiles"": ""1"", ""op"": ""image"", ""path"": ""ptrs""}",822,2,block_random,1024,10889676,20062563,ptrs
tile_sweep_publication,image,2d,sparse,5,10,3,gpu_source,gpu_us,1,0,0,1,211527024,2,2,2,1000,1000,4,1,0,20.997703,/pscratch/sd/r/rchanani/realm/build_pm_deppart/tests/benchmark -ll:gpu 1 -ll:cpu 1 -ll:fsize 8192 -dp:workers 1 -dp:hpool 256 -nocheck -block_random -block_volume 1024 -dp:noisectopt -d1 2 -d2 2 image -n 1000 -e 1000 -p 1 -s 4 -f 5 -b 10,"{""buffer_size"": ""10"", ""cpu_us"": ""19958545"", ""d1"": ""2"", ""d2"": ""2"", ""gpu_us"": ""2126"", ""num_edges"": ""1000"", ""num_nodes"": ""1000"", ""num_pieces"": ""1"", ""num_spaces"": ""4"", ""op"": ""image"", ""sparse_factor"": ""5""}","{""d1"": ""2"", ""d2"": ""2"", ""gpu_host_fallback"": ""0"", ""gpu_input_rects"": ""1"", ""gpu_oom_backoffs"": ""0"", ""gpu_scratch_bytes"": ""211527024"", ""gpu_tiles"": ""1"", ""op"": ""image"", ""path"": ""ptrs""}",823,3,block_random,1024,2126,19958545,ptrs
tile_sweep_publication,image,2d,sparse,5,15,3,cpu_source,cpu_us,1,0,0,1,307818472,2,2,2,1000,1000,4,1,0,42.579386,/pscratch/sd/r/rchanani/realm/build_pm_deppart/tests/benchmark -ll:gpu 1 -ll:cpu 1 -ll:fsize 8192 -dp:workers 1 -dp:hpool 256 -nocheck -block_random -block_volume 1024 -d1 2 -d2 2 image -n 1000 -e 1000 -p 1 -s 4 -f 5 -b 15,"{""buffer_size"": ""15"", ""cpu_us"": ""19906140"", ""d1"": ""2"", ""d2"": ""2"", ""gpu_us"": ""10846980"", ""num_edges"": ""1000"", ""num_nodes"": ""1000"", ""num_pieces"": ""1"", ""num_spaces"": ""4"", ""op"": ""image"", ""sparse_factor"": ""5""}","{""d1"": ""2"", ""d2"": ""2"", ""gpu_host_fallback"": ""0"", ""gpu_input_rects"": ""1"", ""gpu_oom_backoffs"": ""0"", ""gpu_scratch_bytes"": ""307818472"", ""gpu_tiles"": ""1"", ""op"": ""image"", ""path"": ""ptrs""}",824,0,block_random,1024,10846980,19906140,ptrs
tile_sweep_publication,image,2d,sparse,5,15,3,gpu_source,gpu_us,1,0,0,1,307818472,2,2,2,1000,1000,4,1,0,21.182312,/pscratch/sd/r/rchanani/realm/build_pm_deppart/tests/benchmark -ll:gpu 1 -ll:cpu 1 -ll:fsize 8192 -dp:workers 1 -dp:hpool 256 -nocheck -block_random -block_volume 1024 -dp:noisectopt -d1 2 -d2 2 image -n 1000 -e 1000 -p 1 -s 4 -f 5 -b 15,"{""buffer_size"": ""15"", ""cpu_us"": ""19975287"", ""d1"": ""2"", ""d2"": ""2"", ""gpu_us"": ""2003"", ""num_edges"": ""1000"", ""num_nodes"": ""1000"", ""num_pieces"": ""1"", ""num_spaces"": ""4"", ""op"": ""image"", ""sparse_factor"": ""5""}","{""d1"": ""2"", ""d2"": ""2"", ""gpu_host_fallback"": ""0"", ""gpu_input_rects"": ""1"", ""gpu_oom_backoffs"": ""0"", ""gpu_scratch_bytes"": ""307818472"", ""gpu_tiles"": ""1"", ""op"": ""image"", ""path"": ""ptrs""}",825,1,block_random,1024,2003,19975287,ptrs
tile_sweep_publication,image,2d,sparse,5,20,3,cpu_source,cpu_us,1,0,0,1,404109920,2,2,2,1000,1000,4,1,0,43.151592,/pscratch/sd/r/rchanani/realm/build_pm_deppart/tests/benchmark -ll:gpu 1 -ll:cpu 1 -ll:fsize 8192 -dp:workers 1 -dp:hpool 256 -nocheck -block_random -block_volume 1024 -d1 2 -d2 2 image -n 1000 -e 1000 -p 1 -s 4 -f 5 -b 20,"{""buffer_size"": ""20"", ""cpu_us"": ""20137744"", ""d1"": ""2"", ""d2"": ""2"", ""gpu_us"": ""10951461"", ""num_edges"": ""1000"", ""num_nodes"": ""1000"", ""num_pieces"": ""1"", ""num_spaces"": ""4"", ""op"": ""image"", ""sparse_factor"": ""5""}","{""d1"": ""2"", ""d2"": ""2"", ""gpu_host_fallback"": ""0"", ""gpu_input_rects"": ""1"", ""gpu_oom_backoffs"": ""0"", ""gpu_scratch_bytes"": ""404109920"", ""gpu_tiles"": ""1"", ""op"": ""image"", ""path"": ""ptrs""}",826,2,block_random,1024,10951461,20137744,ptrs
tile_sweep_publication,image,2d,sparse,5,20,3,gpu_source,gpu_us,1,0,0,1,404109920,2,2,2,1000,1000,4,1,0,21.070283,/pscratch/sd/r/rchanani/realm/build_pm_deppart/tests/benchmark -ll:gpu 1 -ll:cpu 1 -ll:fsize 8192 -dp:workers 1 -dp:hpool 256 -nocheck -block_random -block_volume 1024 -dp:noisectopt -d1 2 -d2 2 image -n 1000 -e 1000 -p 1 -s 4 -f 5 -b 20,"{""buffer_size"": ""20"", ""cpu_us"": ""19956085"", ""d1"": ""2"", ""d2"": ""2"", ""gpu_us"": ""2113"", ""num_edges"": ""1000"", ""num_nodes"": ""1000"", ""num_pieces"": ""1"", ""num_spaces"": ""4"", ""op"": ""image"", ""sparse_factor"": ""5""}","{""d1"": ""2"", ""d2"": ""2"", ""gpu_host_fallback"": ""0"", ""gpu_input_rects"": ""1"", ""gpu_oom_backoffs"": ""0"", ""gpu_scratch_bytes"": ""404109920"", ""gpu_tiles"": ""1"", ""op"": ""image"", ""path"": ""ptrs""}",827,3,block_random,1024,2113,19956085,ptrs
tile_sweep_publication,image,2d,sparse,5,25,3,cpu_source,cpu_us,1,0,0,1,500401368,2,2,2,1000,1000,4,1,0,42.629858,/pscratch/sd/r/rchanani/realm/build_pm_deppart/tests/benchmark -ll:gpu 1 -ll:cpu 1 -ll:fsize 8192 -dp:workers 1 -dp:hpool 256 -nocheck -block_random -block_volume 1024 -d1 2 -d2 2 image -n 1000 -e 1000 -p 1 -s 4 -f 5 -b 25,"{""buffer_size"": ""25"", ""cpu_us"": ""19950160"", ""d1"": ""2"", ""d2"": ""2"", ""gpu_us"": ""10802833"", ""num_edges"": ""1000"", ""num_nodes"": ""1000"", ""num_pieces"": ""1"", ""num_spaces"": ""4"", ""op"": ""image"", ""sparse_factor"": ""5""}","{""d1"": ""2"", ""d2"": ""2"", ""gpu_host_fallback"": ""0"", ""gpu_input_rects"": ""1"", ""gpu_oom_backoffs"": ""0"", ""gpu_scratch_bytes"": ""500401368"", ""gpu_tiles"": ""1"", ""op"": ""image"", ""path"": ""ptrs""}",828,0,block_random,1024,10802833,19950160,ptrs
tile_sweep_publication,image,2d,sparse,5,25,3,gpu_source,gpu_us,1,0,0,1,500401368,2,2,2,1000,1000,4,1,0,21.255957,/pscratch/sd/r/rchanani/realm/build_pm_deppart/tests/benchmark -ll:gpu 1 -ll:cpu 1 -ll:fsize 8192 -dp:workers 1 -dp:hpool 256 -nocheck -block_random -block_volume 1024 -dp:noisectopt -d1 2 -d2 2 image -n 1000 -e 1000 -p 1 -s 4 -f 5 -b 25,"{""buffer_size"": ""25"", ""cpu_us"": ""20019870"", ""d1"": ""2"", ""d2"": ""2"", ""gpu_us"": ""2030"", ""num_edges"": ""1000"", ""num_nodes"": ""1000"", ""num_pieces"": ""1"", ""num_spaces"": ""4"", ""op"": ""image"", ""sparse_factor"": ""5""}","{""d1"": ""2"", ""d2"": ""2"", ""gpu_host_fallback"": ""0"", ""gpu_input_rects"": ""1"", ""gpu_oom_backoffs"": ""0"", ""gpu_scratch_bytes"": ""500401368"", ""gpu_tiles"": ""1"", ""op"": ""image"", ""path"": ""ptrs""}",829,1,block_random,1024,2030,20019870,ptrs
tile_sweep_publication,image,2d,sparse,5,30,3,cpu_source,cpu_us,1,0,0,1,596692816,2,2,2,1000,1000,4,1,0,43.158296,/pscratch/sd/r/rchanani/realm/build_pm_deppart/tests/benchmark -ll:gpu 1 -ll:cpu 1 -ll:fsize 8192 -dp:workers 1 -dp:hpool 256 -nocheck -block_random -block_volume 1024 -d1 2 -d2 2 image -n 1000 -e 1000 -p 1 -s 4 -f 5 -b 30,"{""buffer_size"": ""30"", ""cpu_us"": ""20019494"", ""d1"": ""2"", ""d2"": ""2"", ""gpu_us"": ""10905453"", ""num_edges"": ""1000"", ""num_nodes"": ""1000"", ""num_pieces"": ""1"", ""num_spaces"": ""4"", ""op"": ""image"", ""sparse_factor"": ""5""}","{""d1"": ""2"", ""d2"": ""2"", ""gpu_host_fallback"": ""0"", ""gpu_input_rects"": ""1"", ""gpu_oom_backoffs"": ""0"", ""gpu_scratch_bytes"": ""596692816"", ""gpu_tiles"": ""1"", ""op"": ""image"", ""path"": ""ptrs""}",830,2,block_random,1024,10905453,20019494,ptrs
tile_sweep_publication,image,2d,sparse,5,30,3,gpu_source,gpu_us,1,0,0,1,596692816,2,2,2,1000,1000,4,1,0,21.018851,/pscratch/sd/r/rchanani/realm/build_pm_deppart/tests/benchmark -ll:gpu 1 -ll:cpu 1 -ll:fsize 8192 -dp:workers 1 -dp:hpool 256 -nocheck -block_random -block_volume 1024 -dp:noisectopt -d1 2 -d2 2 image -n 1000 -e 1000 -p 1 -s 4 -f 5 -b 30,"{""buffer_size"": ""30"", ""cpu_us"": ""19994270"", ""d1"": ""2"", ""d2"": ""2"", ""gpu_us"": ""2139"", ""num_edges"": ""1000"", ""num_nodes"": ""1000"", ""num_pieces"": ""1"", ""num_spaces"": ""4"", ""op"": ""image"", ""sparse_factor"": ""5""}","{""d1"": ""2"", ""d2"": ""2"", ""gpu_host_fallback"": ""0"", ""gpu_input_rects"": ""1"", ""gpu_oom_backoffs"": ""0"", ""gpu_scratch_bytes"": ""596692816"", ""gpu_tiles"": ""1"", ""op"": ""image"", ""path"": ""ptrs""}",831,3,block_random,1024,2139,19994270,ptrs
tile_sweep_publication,image,2d,sparse,5,40,3,cpu_source,cpu_us,1,0,0,1,789275712,2,2,2,1000,1000,4,1,0,42.585533,/pscratch/sd/r/rchanani/realm/build_pm_deppart/tests/benchmark -ll:gpu 1 -ll:cpu 1 -ll:fsize 8192 -dp:workers 1 -dp:hpool 256 -nocheck -block_random -block_volume 1024 -d1 2 -d2 2 image -n 1000 -e 1000 -p 1 -s 4 -f 5 -b 40,"{""buffer_size"": ""40"", ""cpu_us"": ""19947892"", ""d1"": ""2"", ""d2"": ""2"", ""gpu_us"": ""10809213"", ""num_edges"": ""1000"", ""num_nodes"": ""1000"", ""num_pieces"": ""1"", ""num_spaces"": ""4"", ""op"": ""image"", ""sparse_factor"": ""5""}","{""d1"": ""2"", ""d2"": ""2"", ""gpu_host_fallback"": ""0"", ""gpu_input_rects"": ""1"", ""gpu_oom_backoffs"": ""0"", ""gpu_scratch_bytes"": ""789275712"", ""gpu_tiles"": ""1"", ""op"": ""image"", ""path"": ""ptrs""}",832,0,block_random,1024,10809213,19947892,ptrs
tile_sweep_publication,image,2d,sparse,5,40,3,gpu_source,gpu_us,1,0,0,1,789275712,2,2,2,1000,1000,4,1,0,21.257418,/pscratch/sd/r/rchanani/realm/build_pm_deppart/tests/benchmark -ll:gpu 1 -ll:cpu 1 -ll:fsize 8192 -dp:workers 1 -dp:hpool 256 -nocheck -block_random -block_volume 1024 -dp:noisectopt -d1 2 -d2 2 image -n 1000 -e 1000 -p 1 -s 4 -f 5 -b 40,"{""buffer_size"": ""40"", ""cpu_us"": ""20012311"", ""d1"": ""2"", ""d2"": ""2"", ""gpu_us"": ""1981"", ""num_edges"": ""1000"", ""num_nodes"": ""1000"", ""num_pieces"": ""1"", ""num_spaces"": ""4"", ""op"": ""image"", ""sparse_factor"": ""5""}","{""d1"": ""2"", ""d2"": ""2"", ""gpu_host_fallback"": ""0"", ""gpu_input_rects"": ""1"", ""gpu_oom_backoffs"": ""0"", ""gpu_scratch_bytes"": ""789275712"", ""gpu_tiles"": ""1"", ""op"": ""image"", ""path"": ""ptrs""}",833,1,block_random,1024,1981,20012311,ptrs
tile_sweep_publication,image,2d,sparse,5,50,3,cpu_source,cpu_us,1,0,0,1,981858608,2,2,2,1000,1000,4,1,0,43.142926,/pscratch/sd/r/rchanani/realm/build_pm_deppart/tests/benchmark -ll:gpu 1 -ll:cpu 1 -ll:fsize 8192 -dp:workers 1 -dp:hpool 256 -nocheck -block_random -block_volume 1024 -d1 2 -d2 2 image -n 1000 -e 1000 -p 1 -s 4 -f 5 -b 50,"{""buffer_size"": ""50"", ""cpu_us"": ""20177679"", ""d1"": ""2"", ""d2"": ""2"", ""gpu_us"": ""10913561"", ""num_edges"": ""1000"", ""num_nodes"": ""1000"", ""num_pieces"": ""1"", ""num_spaces"": ""4"", ""op"": ""image"", ""sparse_factor"": ""5""}","{""d1"": ""2"", ""d2"": ""2"", ""gpu_host_fallback"": ""0"", ""gpu_input_rects"": ""1"", ""gpu_oom_backoffs"": ""0"", ""gpu_scratch_bytes"": ""981858608"", ""gpu_tiles"": ""1"", ""op"": ""image"", ""path"": ""ptrs""}",834,2,block_random,1024,10913561,20177679,ptrs
tile_sweep_publication,image,2d,sparse,5,50,3,gpu_source,gpu_us,1,0,0,1,981858608,2,2,2,1000,1000,4,1,0,21.023851,/pscratch/sd/r/rchanani/realm/build_pm_deppart/tests/benchmark -ll:gpu 1 -ll:cpu 1 -ll:fsize 8192 -dp:workers 1 -dp:hpool 256 -nocheck -block_random -block_volume 1024 -dp:noisectopt -d1 2 -d2 2 image -n 1000 -e 1000 -p 1 -s 4 -f 5 -b 50,"{""buffer_size"": ""50"", ""cpu_us"": ""19975909"", ""d1"": ""2"", ""d2"": ""2"", ""gpu_us"": ""2083"", ""num_edges"": ""1000"", ""num_nodes"": ""1000"", ""num_pieces"": ""1"", ""num_spaces"": ""4"", ""op"": ""image"", ""sparse_factor"": ""5""}","{""d1"": ""2"", ""d2"": ""2"", ""gpu_host_fallback"": ""0"", ""gpu_input_rects"": ""1"", ""gpu_oom_backoffs"": ""0"", ""gpu_scratch_bytes"": ""981858608"", ""gpu_tiles"": ""1"", ""op"": ""image"", ""path"": ""ptrs""}",835,3,block_random,1024,2083,19975909,ptrs
tile_sweep_publication,image,2d,sparse,5,75,3,cpu_source,cpu_us,1,0,0,1,1463315848,2,2,2,1000,1000,4,1,0,42.554248,/pscratch/sd/r/rchanani/realm/build_pm_deppart/tests/benchmark -ll:gpu 1 -ll:cpu 1 -ll:fsize 8192 -dp:workers 1 -dp:hpool 256 -nocheck -block_random -block_volume 1024 -d1 2 -d2 2 image -n 1000 -e 1000 -p 1 -s 4 -f 5 -b 75,"{""buffer_size"": ""75"", ""cpu_us"": ""19916637"", ""d1"": ""2"", ""d2"": ""2"", ""gpu_us"": ""10818931"", ""num_edges"": ""1000"", ""num_nodes"": ""1000"", ""num_pieces"": ""1"", ""num_spaces"": ""4"", ""op"": ""image"", ""sparse_factor"": ""5""}","{""d1"": ""2"", ""d2"": ""2"", ""gpu_host_fallback"": ""0"", ""gpu_input_rects"": ""1"", ""gpu_oom_backoffs"": ""0"", ""gpu_scratch_bytes"": ""1463315848"", ""gpu_tiles"": ""1"", ""op"": ""image"", ""path"": ""ptrs""}",836,0,block_random,1024,10818931,19916637,ptrs
tile_sweep_publication,image,2d,sparse,5,75,3,gpu_source,gpu_us,1,0,0,1,1463315848,2,2,2,1000,1000,4,1,0,21.199517,/pscratch/sd/r/rchanani/realm/build_pm_deppart/tests/benchmark -ll:gpu 1 -ll:cpu 1 -ll:fsize 8192 -dp:workers 1 -dp:hpool 256 -nocheck -block_random -block_volume 1024 -dp:noisectopt -d1 2 -d2 2 image -n 1000 -e 1000 -p 1 -s 4 -f 5 -b 75,"{""buffer_size"": ""75"", ""cpu_us"": ""20031408"", ""d1"": ""2"", ""d2"": ""2"", ""gpu_us"": ""1995"", ""num_edges"": ""1000"", ""num_nodes"": ""1000"", ""num_pieces"": ""1"", ""num_spaces"": ""4"", ""op"": ""image"", ""sparse_factor"": ""5""}","{""d1"": ""2"", ""d2"": ""2"", ""gpu_host_fallback"": ""0"", ""gpu_input_rects"": ""1"", ""gpu_oom_backoffs"": ""0"", ""gpu_scratch_bytes"": ""1463315848"", ""gpu_tiles"": ""1"", ""op"": ""image"", ""path"": ""ptrs""}",837,1,block_random,1024,1995,20031408,ptrs
tile_sweep_publication,image,2d,sparse,5,100,3,cpu_source,cpu_us,1,0,0,1,1944773088,2,2,2,1000,1000,4,1,0,42.858159,/pscratch/sd/r/rchanani/realm/build_pm_deppart/tests/benchmark -ll:gpu 1 -ll:cpu 1 -ll:fsize 8192 -dp:workers 1 -dp:hpool 256 -nocheck -block_random -block_volume 1024 -d1 2 -d2 2 image -n 1000 -e 1000 -p 1 -s 4 -f 5 -b 100,"{""buffer_size"": ""100"", ""cpu_us"": ""19996262"", ""d1"": ""2"", ""d2"": ""2"", ""gpu_us"": ""10831116"", ""num_edges"": ""1000"", ""num_nodes"": ""1000"", ""num_pieces"": ""1"", ""num_spaces"": ""4"", ""op"": ""image"", ""sparse_factor"": ""5""}","{""d1"": ""2"", ""d2"": ""2"", ""gpu_host_fallback"": ""0"", ""gpu_input_rects"": ""1"", ""gpu_oom_backoffs"": ""0"", ""gpu_scratch_bytes"": ""1944773088"", ""gpu_tiles"": ""1"", ""op"": ""image"", ""path"": ""ptrs""}",838,2,block_random,1024,10831116,19996262,ptrs
tile_sweep_publication,image,2d,sparse,5,100,3,gpu_source,gpu_us,1,0,0,1,1944773088,2,2,2,1000,1000,4,1,0,21.020476,/pscratch/sd/r/rchanani/realm/build_pm_deppart/tests/benchmark -ll:gpu 1 -ll:cpu 1 -ll:fsize 8192 -dp:workers 1 -dp:hpool 256 -nocheck -block_random -block_volume 1024 -dp:noisectopt -d1 2 -d2 2 image -n 1000 -e 1000 -p 1 -s 4 -f 5 -b 100,"{""buffer_size"": ""100"", ""cpu_us"": ""19930090"", ""d1"": ""2"", ""d2"": ""2"", ""gpu_us"": ""2140"", ""num_edges"": ""1000"", ""num_nodes"": ""1000"", ""num_pieces"": ""1"", ""num_spaces"": ""4"", ""op"": ""image"", ""sparse_factor"": ""5""}","{""d1"": ""2"", ""d2"": ""2"", ""gpu_host_fallback"": ""0"", ""gpu_input_rects"": ""1"", ""gpu_oom_backoffs"": ""0"", ""gpu_scratch_bytes"": ""1944773088"", ""gpu_tiles"": ""1"", ""op"": ""image"", ""path"": ""ptrs""}",839,3,block_random,1024,2140,19930090,ptrs
tile_sweep_publication,image,3d,dense,1,1,3,cpu_source,cpu_us,32,104,1,32,27600001,2,3,3,100,100,4,1,0,7.564082,/pscratch/sd/r/rchanani/realm/build_pm_deppart/tests/benchmark -ll:gpu 1 -ll:cpu 1 -ll:fsize 8192 -dp:workers 1 -dp:hpool 256 -nocheck -block_random -block_volume 1024 -d1 3 -d2 3 image -n 100 -e 100 -p 1 -s 4 -f 1 -b 1,"{""buffer_size"": ""1"", ""cpu_us"": ""4614862"", ""d1"": ""3"", ""d2"": ""3"", ""gpu_us"": ""1037268"", ""num_edges"": ""100"", ""num_nodes"": ""100"", ""num_pieces"": ""1"", ""num_spaces"": ""4"", ""op"": ""image"", ""sparse_factor"": ""1""}","{""d1"": ""3"", ""d2"": ""3"", ""gpu_host_fallback"": ""1"", ""gpu_input_rects"": ""32"", ""gpu_oom_backoffs"": ""104"", ""gpu_scratch_bytes"": ""27600001"", ""gpu_tiles"": ""32"", ""op"": ""image"", ""path"": ""ptrs""}",840,0,block_random,1024,1037268,4614862,ptrs
tile_sweep_publication,image,3d,dense,1,1,3,gpu_source,gpu_us,32,104,1,32,27600001,2,3,3,100,100,4,1,0,7.846931,/pscratch/sd/r/rchanani/realm/build_pm_deppart/tests/benchmark -ll:gpu 1 -ll:cpu 1 -ll:fsize 8192 -dp:workers 1 -dp:hpool 256 -nocheck -block_random -block_volume 1024 -dp:noisectopt -d1 3 -d2 3 image -n 100 -e 100 -p 1 -s 4 -f 1 -b 1,"{""buffer_size"": ""1"", ""cpu_us"": ""4714978"", ""d1"": ""3"", ""d2"": ""3"", ""gpu_us"": ""1038510"", ""num_edges"": ""100"", ""num_nodes"": ""100"", ""num_pieces"": ""1"", ""num_spaces"": ""4"", ""op"": ""image"", ""sparse_factor"": ""1""}","{""d1"": ""3"", ""d2"": ""3"", ""gpu_host_fallback"": ""1"", ""gpu_input_rects"": ""32"", ""gpu_oom_backoffs"": ""104"", ""gpu_scratch_bytes"": ""27600001"", ""gpu_tiles"": ""32"", ""op"": ""image"", ""path"": ""ptrs""}",841,1,block_random,1024,1038510,4714978,ptrs
tile_sweep_publication,image,3d,dense,1,2,3,cpu_source,cpu_us,16,39,1,16,53200003,2,3,3,100,100,4,1,0,8.669019,/pscratch/sd/r/rchanani/realm/build_pm_deppart/tests/benchmark -ll:gpu 1 -ll:cpu 1 -ll:fsize 8192 -dp:workers 1 -dp:hpool 256 -nocheck -block_random -block_volume 1024 -d1 3 -d2 3 image -n 100 -e 100 -p 1 -s 4 -f 1 -b 2,"{""buffer_size"": ""2"", ""cpu_us"": ""4613990"", ""d1"": ""3"", ""d2"": ""3"", ""gpu_us"": ""1490377"", ""num_edges"": ""100"", ""num_nodes"": ""100"", ""num_pieces"": ""1"", ""num_spaces"": ""4"", ""op"": ""image"", ""sparse_factor"": ""1""}","{""d1"": ""3"", ""d2"": ""3"", ""gpu_host_fallback"": ""1"", ""gpu_input_rects"": ""16"", ""gpu_oom_backoffs"": ""39"", ""gpu_scratch_bytes"": ""53200003"", ""gpu_tiles"": ""16"", ""op"": ""image"", ""path"": ""ptrs""}",842,2,block_random,1024,1490377,4613990,ptrs
tile_sweep_publication,image,3d,dense,1,2,3,gpu_source,gpu_us,16,39,1,16,53200003,2,3,3,100,100,4,1,0,8.480254,/pscratch/sd/r/rchanani/realm/build_pm_deppart/tests/benchmark -ll:gpu 1 -ll:cpu 1 -ll:fsize 8192 -dp:workers 1 -dp:hpool 256 -nocheck -block_random -block_volume 1024 -dp:noisectopt -d1 3 -d2 3 image -n 100 -e 100 -p 1 -s 4 -f 1 -b 2,"{""buffer_size"": ""2"", ""cpu_us"": ""4601339"", ""d1"": ""3"", ""d2"": ""3"", ""gpu_us"": ""1488199"", ""num_edges"": ""100"", ""num_nodes"": ""100"", ""num_pieces"": ""1"", ""num_spaces"": ""4"", ""op"": ""image"", ""sparse_factor"": ""1""}","{""d1"": ""3"", ""d2"": ""3"", ""gpu_host_fallback"": ""1"", ""gpu_input_rects"": ""16"", ""gpu_oom_backoffs"": ""39"", ""gpu_scratch_bytes"": ""53200003"", ""gpu_tiles"": ""16"", ""op"": ""image"", ""path"": ""ptrs""}",843,3,block_random,1024,1488199,4601339,ptrs
tile_sweep_publication,image,3d,dense,1,3,3,cpu_source,cpu_us,8,14,1,8,78800005,2,3,3,100,100,4,1,0,8.219201,/pscratch/sd/r/rchanani/realm/build_pm_deppart/tests/benchmark -ll:gpu 1 -ll:cpu 1 -ll:fsize 8192 -dp:workers 1 -dp:hpool 256 -nocheck -block_random -block_volume 1024 -d1 3 -d2 3 image -n 100 -e 100 -p 1 -s 4 -f 1 -b 3,"{""buffer_size"": ""3"", ""cpu_us"": ""4555751"", ""d1"": ""3"", ""d2"": ""3"", ""gpu_us"": ""1397499"", ""num_edges"": ""100"", ""num_nodes"": ""100"", ""num_pieces"": ""1"", ""num_spaces"": ""4"", ""op"": ""image"", ""sparse_factor"": ""1""}","{""d1"": ""3"", ""d2"": ""3"", ""gpu_host_fallback"": ""1"", ""gpu_input_rects"": ""8"", ""gpu_oom_backoffs"": ""14"", ""gpu_scratch_bytes"": ""78800005"", ""gpu_tiles"": ""8"", ""op"": ""image"", ""path"": ""ptrs""}",844,0,block_random,1024,1397499,4555751,ptrs
tile_sweep_publication,image,3d,dense,1,3,3,gpu_source,gpu_us,8,14,1,8,78800005,2,3,3,100,100,4,1,0,8.430569,/pscratch/sd/r/rchanani/realm/build_pm_deppart/tests/benchmark -ll:gpu 1 -ll:cpu 1 -ll:fsize 8192 -dp:workers 1 -dp:hpool 256 -nocheck -block_random -block_volume 1024 -dp:noisectopt -d1 3 -d2 3 image -n 100 -e 100 -p 1 -s 4 -f 1 -b 3,"{""buffer_size"": ""3"", ""cpu_us"": ""4577737"", ""d1"": ""3"", ""d2"": ""3"", ""gpu_us"": ""1407067"", ""num_edges"": ""100"", ""num_nodes"": ""100"", ""num_pieces"": ""1"", ""num_spaces"": ""4"", ""op"": ""image"", ""sparse_factor"": ""1""}","{""d1"": ""3"", ""d2"": ""3"", ""gpu_host_fallback"": ""1"", ""gpu_input_rects"": ""8"", ""gpu_oom_backoffs"": ""14"", ""gpu_scratch_bytes"": ""78800005"", ""gpu_tiles"": ""8"", ""op"": ""image"", ""path"": ""ptrs""}",845,1,block_random,1024,1407067,4577737,ptrs
tile_sweep_publication,image,3d,dense,1,4,3,cpu_source,cpu_us,8,14,1,8,104400007,2,3,3,100,100,4,1,0,8.626002,/pscratch/sd/r/rchanani/realm/build_pm_deppart/tests/benchmark -ll:gpu 1 -ll:cpu 1 -ll:fsize 8192 -dp:workers 1 -dp:hpool 256 -nocheck -block_random -block_volume 1024 -d1 3 -d2 3 image -n 100 -e 100 -p 1 -s 4 -f 1 -b 4,"{""buffer_size"": ""4"", ""cpu_us"": ""4614324"", ""d1"": ""3"", ""d2"": ""3"", ""gpu_us"": ""1416913"", ""num_edges"": ""100"", ""num_nodes"": ""100"", ""num_pieces"": ""1"", ""num_spaces"": ""4"", ""op"": ""image"", ""sparse_factor"": ""1""}","{""d1"": ""3"", ""d2"": ""3"", ""gpu_host_fallback"": ""1"", ""gpu_input_rects"": ""8"", ""gpu_oom_backoffs"": ""14"", ""gpu_scratch_bytes"": ""104400007"", ""gpu_tiles"": ""8"", ""op"": ""image"", ""path"": ""ptrs""}",846,2,block_random,1024,1416913,4614324,ptrs
tile_sweep_publication,image,3d,dense,1,4,3,gpu_source,gpu_us,8,14,1,8,104400007,2,3,3,100,100,4,1,0,8.280949,/pscratch/sd/r/rchanani/realm/build_pm_deppart/tests/benchmark -ll:gpu 1 -ll:cpu 1 -ll:fsize 8192 -dp:workers 1 -dp:hpool 256 -nocheck -block_random -block_volume 1024 -dp:noisectopt -d1 3 -d2 3 image -n 100 -e 100 -p 1 -s 4 -f 1 -b 4,"{""buffer_size"": ""4"", ""cpu_us"": ""4570084"", ""d1"": ""3"", ""d2"": ""3"", ""gpu_us"": ""1401394"", ""num_edges"": ""100"", ""num_nodes"": ""100"", ""num_pieces"": ""1"", ""num_spaces"": ""4"", ""op"": ""image"", ""sparse_factor"": ""1""}","{""d1"": ""3"", ""d2"": ""3"", ""gpu_host_fallback"": ""1"", ""gpu_input_rects"": ""8"", ""gpu_oom_backoffs"": ""14"", ""gpu_scratch_bytes"": ""104400007"", ""gpu_tiles"": ""8"", ""op"": ""image"", ""path"": ""ptrs""}",847,3,block_random,1024,1401394,4570084,ptrs
tile_sweep_publication,image,3d,dense,1,5,3,cpu_source,cpu_us,8,14,1,8,130000009,2,3,3,100,100,4,1,0,8.273185,/pscratch/sd/r/rchanani/realm/build_pm_deppart/tests/benchmark -ll:gpu 1 -ll:cpu 1 -ll:fsize 8192 -dp:workers 1 -dp:hpool 256 -nocheck -block_random -block_volume 1024 -d1 3 -d2 3 image -n 100 -e 100 -p 1 -s 4 -f 1 -b 5,"{""buffer_size"": ""5"", ""cpu_us"": ""4609378"", ""d1"": ""3"", ""d2"": ""3"", ""gpu_us"": ""1401637"", ""num_edges"": ""100"", ""num_nodes"": ""100"", ""num_pieces"": ""1"", ""num_spaces"": ""4"", ""op"": ""image"", ""sparse_factor"": ""1""}","{""d1"": ""3"", ""d2"": ""3"", ""gpu_host_fallback"": ""1"", ""gpu_input_rects"": ""8"", ""gpu_oom_backoffs"": ""14"", ""gpu_scratch_bytes"": ""130000009"", ""gpu_tiles"": ""8"", ""op"": ""image"", ""path"": ""ptrs""}",848,0,block_random,1024,1401637,4609378,ptrs
tile_sweep_publication,image,3d,dense,1,5,3,gpu_source,gpu_us,8,14,1,8,130000009,2,3,3,100,100,4,1,0,8.556002,/pscratch/sd/r/rchanani/realm/build_pm_deppart/tests/benchmark -ll:gpu 1 -ll:cpu 1 -ll:fsize 8192 -dp:workers 1 -dp:hpool 256 -nocheck -block_random -block_volume 1024 -dp:noisectopt -d1 3 -d2 3 image -n 100 -e 100 -p 1 -s 4 -f 1 -b 5,"{""buffer_size"": ""5"", ""cpu_us"": ""4594803"", ""d1"": ""3"", ""d2"": ""3"", ""gpu_us"": ""1406369"", ""num_edges"": ""100"", ""num_nodes"": ""100"", ""num_pieces"": ""1"", ""num_spaces"": ""4"", ""op"": ""image"", ""sparse_factor"": ""1""}","{""d1"": ""3"", ""d2"": ""3"", ""gpu_host_fallback"": ""1"", ""gpu_input_rects"": ""8"", ""gpu_oom_backoffs"": ""14"", ""gpu_scratch_bytes"": ""130000009"", ""gpu_tiles"": ""8"", ""op"": ""image"", ""path"": ""ptrs""}",849,1,block_random,1024,1406369,4594803,ptrs
tile_sweep_publication,image,3d,dense,1,7,3,cpu_source,cpu_us,4,5,1,4,181200013,2,3,3,100,100,4,1,0,9.336262,/pscratch/sd/r/rchanani/realm/build_pm_deppart/tests/benchmark -ll:gpu 1 -ll:cpu 1 -ll:fsize 8192 -dp:workers 1 -dp:hpool 256 -nocheck -block_random -block_volume 1024 -d1 3 -d2 3 image -n 100 -e 100 -p 1 -s 4 -f 1 -b 7,"{""buffer_size"": ""7"", ""cpu_us"": ""4596195"", ""d1"": ""3"", ""d2"": ""3"", ""gpu_us"": ""1913119"", ""num_edges"": ""100"", ""num_nodes"": ""100"", ""num_pieces"": ""1"", ""num_spaces"": ""4"", ""op"": ""image"", ""sparse_factor"": ""1""}","{""d1"": ""3"", ""d2"": ""3"", ""gpu_host_fallback"": ""1"", ""gpu_input_rects"": ""4"", ""gpu_oom_backoffs"": ""5"", ""gpu_scratch_bytes"": ""181200013"", ""gpu_tiles"": ""4"", ""op"": ""image"", ""path"": ""ptrs""}",850,2,block_random,1024,1913119,4596195,ptrs
tile_sweep_publication,image,3d,dense,1,7,3,gpu_source,gpu_us,4,5,1,4,181200013,2,3,3,100,100,4,1,0,9.308595,/pscratch/sd/r/rchanani/realm/build_pm_deppart/tests/benchmark -ll:gpu 1 -ll:cpu 1 -ll:fsize 8192 -dp:workers 1 -dp:hpool 256 -nocheck -block_random -block_volume 1024 -dp:noisectopt -d1 3 -d2 3 image -n 100 -e 100 -p 1 -s 4 -f 1 -b 7,"{""buffer_size"": ""7"", ""cpu_us"": ""4590378"", ""d1"": ""3"", ""d2"": ""3"", ""gpu_us"": ""1905354"", ""num_edges"": ""100"", ""num_nodes"": ""100"", ""num_pieces"": ""1"", ""num_spaces"": ""4"", ""op"": ""image"", ""sparse_factor"": ""1""}","{""d1"": ""3"", ""d2"": ""3"", ""gpu_host_fallback"": ""1"", ""gpu_input_rects"": ""4"", ""gpu_oom_backoffs"": ""5"", ""gpu_scratch_bytes"": ""181200013"", ""gpu_tiles"": ""4"", ""op"": ""image"", ""path"": ""ptrs""}",851,3,block_random,1024,1905354,4590378,ptrs
tile_sweep_publication,image,3d,dense,1,10,3,cpu_source,cpu_us,4,5,1,4,258000019,2,3,3,100,100,4,1,0,9.349337,/pscratch/sd/r/rchanani/realm/build_pm_deppart/tests/benchmark -ll:gpu 1 -ll:cpu 1 -ll:fsize 8192 -dp:workers 1 -dp:hpool 256 -nocheck -block_random -block_volume 1024 -d1 3 -d2 3 image -n 100 -e 100 -p 1 -s 4 -f 1 -b 10,"{""buffer_size"": ""10"", ""cpu_us"": ""4648704"", ""d1"": ""3"", ""d2"": ""3"", ""gpu_us"": ""1897905"", ""num_edges"": ""100"", ""num_nodes"": ""100"", ""num_pieces"": ""1"", ""num_spaces"": ""4"", ""op"": ""image"", ""sparse_factor"": ""1""}","{""d1"": ""3"", ""d2"": ""3"", ""gpu_host_fallback"": ""1"", ""gpu_input_rects"": ""4"", ""gpu_oom_backoffs"": ""5"", ""gpu_scratch_bytes"": ""258000019"", ""gpu_tiles"": ""4"", ""op"": ""image"", ""path"": ""ptrs""}",852,0,block_random,1024,1897905,4648704,ptrs
tile_sweep_publication,image,3d,dense,1,10,3,gpu_source,gpu_us,4,5,1,4,258000019,2,3,3,100,100,4,1,0,9.733873,/pscratch/sd/r/rchanani/realm/build_pm_deppart/tests/benchmark -ll:gpu 1 -ll:cpu 1 -ll:fsize 8192 -dp:workers 1 -dp:hpool 256 -nocheck -block_random -block_volume 1024 -dp:noisectopt -d1 3 -d2 3 image -n 100 -e 100 -p 1 -s 4 -f 1 -b 10,"{""buffer_size"": ""10"", ""cpu_us"": ""4654843"", ""d1"": ""3"", ""d2"": ""3"", ""gpu_us"": ""1908106"", ""num_edges"": ""100"", ""num_nodes"": ""100"", ""num_pieces"": ""1"", ""num_spaces"": ""4"", ""op"": ""image"", ""sparse_factor"": ""1""}","{""d1"": ""3"", ""d2"": ""3"", ""gpu_host_fallback"": ""1"", ""gpu_input_rects"": ""4"", ""gpu_oom_backoffs"": ""5"", ""gpu_scratch_bytes"": ""258000019"", ""gpu_tiles"": ""4"", ""op"": ""image"", ""path"": ""ptrs""}",853,1,block_random,1024,1908106,4654843,ptrs
tile_sweep_publication,image,3d,dense,1,15,3,cpu_source,cpu_us,2,2,1,2,386000028,2,3,3,100,100,4,1,0,8.766611,/pscratch/sd/r/rchanani/realm/build_pm_deppart/tests/benchmark -ll:gpu 1 -ll:cpu 1 -ll:fsize 8192 -dp:workers 1 -dp:hpool 256 -nocheck -block_random -block_volume 1024 -d1 3 -d2 3 image -n 100 -e 100 -p 1 -s 4 -f 1 -b 15,"{""buffer_size"": ""15"", ""cpu_us"": ""4612779"", ""d1"": ""3"", ""d2"": ""3"", ""gpu_us"": ""1564031"", ""num_edges"": ""100"", ""num_nodes"": ""100"", ""num_pieces"": ""1"", ""num_spaces"": ""4"", ""op"": ""image"", ""sparse_factor"": ""1""}","{""d1"": ""3"", ""d2"": ""3"", ""gpu_host_fallback"": ""1"", ""gpu_input_rects"": ""2"", ""gpu_oom_backoffs"": ""2"", ""gpu_scratch_bytes"": ""386000028"", ""gpu_tiles"": ""2"", ""op"": ""image"", ""path"": ""ptrs""}",854,2,block_random,1024,1564031,4612779,ptrs
tile_sweep_publication,image,3d,dense,1,15,3,gpu_source,gpu_us,2,2,1,2,386000028,2,3,3,100,100,4,1,0,8.594914,/pscratch/sd/r/rchanani/realm/build_pm_deppart/tests/benchmark -ll:gpu 1 -ll:cpu 1 -ll:fsize 8192 -dp:workers 1 -dp:hpool 256 -nocheck -block_random -block_volume 1024 -dp:noisectopt -d1 3 -d2 3 image -n 100 -e 100 -p 1 -s 4 -f 1 -b 15,"{""buffer_size"": ""15"", ""cpu_us"": ""4600236"", ""d1"": ""3"", ""d2"": ""3"", ""gpu_us"": ""1545448"", ""num_edges"": ""100"", ""num_nodes"": ""100"", ""num_pieces"": ""1"", ""num_spaces"": ""4"", ""op"": ""image"", ""sparse_factor"": ""1""}","{""d1"": ""3"", ""d2"": ""3"", ""gpu_host_fallback"": ""1"", ""gpu_input_rects"": ""2"", ""gpu_oom_backoffs"": ""2"", ""gpu_scratch_bytes"": ""386000028"", ""gpu_tiles"": ""2"", ""op"": ""image"", ""path"": ""ptrs""}",855,3,block_random,1024,1545448,4600236,ptrs
tile_sweep_publication,image,3d,dense,1,20,3,cpu_source,cpu_us,2,2,1,2,514000038,2,3,3,100,100,4,1,0,8.564863,/pscratch/sd/r/rchanani/realm/build_pm_deppart/tests/benchmark -ll:gpu 1 -ll:cpu 1 -ll:fsize 8192 -dp:workers 1 -dp:hpool 256 -nocheck -block_random -block_volume 1024 -d1 3 -d2 3 image -n 100 -e 100 -p 1 -s 4 -f 1 -b 20,"{""buffer_size"": ""20"", ""cpu_us"": ""4566495"", ""d1"": ""3"", ""d2"": ""3"", ""gpu_us"": ""1553023"", ""num_edges"": ""100"", ""num_nodes"": ""100"", ""num_pieces"": ""1"", ""num_spaces"": ""4"", ""op"": ""image"", ""sparse_factor"": ""1""}","{""d1"": ""3"", ""d2"": ""3"", ""gpu_host_fallback"": ""1"", ""gpu_input_rects"": ""2"", ""gpu_oom_backoffs"": ""2"", ""gpu_scratch_bytes"": ""514000038"", ""gpu_tiles"": ""2"", ""op"": ""image"", ""path"": ""ptrs""}",856,0,block_random,1024,1553023,4566495,ptrs
tile_sweep_publication,image,3d,dense,1,20,3,gpu_source,gpu_us,2,2,1,2,514000038,2,3,3,100,100,4,1,0,8.851247,/pscratch/sd/r/rchanani/realm/build_pm_deppart/tests/benchmark -ll:gpu 1 -ll:cpu 1 -ll:fsize 8192 -dp:workers 1 -dp:hpool 256 -nocheck -block_random -block_volume 1024 -dp:noisectopt -d1 3 -d2 3 image -n 100 -e 100 -p 1 -s 4 -f 1 -b 20,"{""buffer_size"": ""20"", ""cpu_us"": ""4598580"", ""d1"": ""3"", ""d2"": ""3"", ""gpu_us"": ""1553635"", ""num_edges"": ""100"", ""num_nodes"": ""100"", ""num_pieces"": ""1"", ""num_spaces"": ""4"", ""op"": ""image"", ""sparse_factor"": ""1""}","{""d1"": ""3"", ""d2"": ""3"", ""gpu_host_fallback"": ""1"", ""gpu_input_rects"": ""2"", ""gpu_oom_backoffs"": ""2"", ""gpu_scratch_bytes"": ""514000038"", ""gpu_tiles"": ""2"", ""op"": ""image"", ""path"": ""ptrs""}",857,1,block_random,1024,1553635,4598580,ptrs
tile_sweep_publication,image,3d,dense,1,25,3,cpu_source,cpu_us,1,0,0,1,642000048,2,3,3,100,100,4,1,0,6.833404,/pscratch/sd/r/rchanani/realm/build_pm_deppart/tests/benchmark -ll:gpu 1 -ll:cpu 1 -ll:fsize 8192 -dp:workers 1 -dp:hpool 256 -nocheck -block_random -block_volume 1024 -d1 3 -d2 3 image -n 100 -e 100 -p 1 -s 4 -f 1 -b 25,"{""buffer_size"": ""25"", ""cpu_us"": ""4614520"", ""d1"": ""3"", ""d2"": ""3"", ""gpu_us"": ""584127"", ""num_edges"": ""100"", ""num_nodes"": ""100"", ""num_pieces"": ""1"", ""num_spaces"": ""4"", ""op"": ""image"", ""sparse_factor"": ""1""}","{""d1"": ""3"", ""d2"": ""3"", ""gpu_host_fallback"": ""0"", ""gpu_input_rects"": ""1"", ""gpu_oom_backoffs"": ""0"", ""gpu_scratch_bytes"": ""642000048"", ""gpu_tiles"": ""1"", ""op"": ""image"", ""path"": ""ptrs""}",858,2,block_random,1024,584127,4614520,ptrs
tile_sweep_publication,image,3d,dense,1,25,3,gpu_source,gpu_us,1,0,0,1,642000048,2,3,3,100,100,4,1,0,5.557812,/pscratch/sd/r/rchanani/realm/build_pm_deppart/tests/benchmark -ll:gpu 1 -ll:cpu 1 -ll:fsize 8192 -dp:workers 1 -dp:hpool 256 -nocheck -block_random -block_volume 1024 -dp:noisectopt -d1 3 -d2 3 image -n 100 -e 100 -p 1 -s 4 -f 1 -b 25,"{""buffer_size"": ""25"", ""cpu_us"": ""4648009"", ""d1"": ""3"", ""d2"": ""3"", ""gpu_us"": ""6556"", ""num_edges"": ""100"", ""num_nodes"": ""100"", ""num_pieces"": ""1"", ""num_spaces"": ""4"", ""op"": ""image"", ""sparse_factor"": ""1""}","{""d1"": ""3"", ""d2"": ""3"", ""gpu_host_fallback"": ""0"", ""gpu_input_rects"": ""1"", ""gpu_oom_backoffs"": ""0"", ""gpu_scratch_bytes"": ""642000048"", ""gpu_tiles"": ""1"", ""op"": ""image"", ""path"": ""ptrs""}",859,3,block_random,1024,6556,4648009,ptrs
tile_sweep_publication,image,3d,dense,1,30,3,cpu_source,cpu_us,1,0,0,1,770000057,2,3,3,100,100,4,1,0,6.677208,/pscratch/sd/r/rchanani/realm/build_pm_deppart/tests/benchmark -ll:gpu 1 -ll:cpu 1 -ll:fsize 8192 -dp:workers 1 -dp:hpool 256 -nocheck -block_random -block_volume 1024 -d1 3 -d2 3 image -n 100 -e 100 -p 1 -s 4 -f 1 -b 30,"{""buffer_size"": ""30"", ""cpu_us"": ""4632846"", ""d1"": ""3"", ""d2"": ""3"", ""gpu_us"": ""581399"", ""num_edges"": ""100"", ""num_nodes"": ""100"", ""num_pieces"": ""1"", ""num_spaces"": ""4"", ""op"": ""image"", ""sparse_factor"": ""1""}","{""d1"": ""3"", ""d2"": ""3"", ""gpu_host_fallback"": ""0"", ""gpu_input_rects"": ""1"", ""gpu_oom_backoffs"": ""0"", ""gpu_scratch_bytes"": ""770000057"", ""gpu_tiles"": ""1"", ""op"": ""image"", ""path"": ""ptrs""}",860,0,block_random,1024,581399,4632846,ptrs
tile_sweep_publication,image,3d,dense,1,30,3,gpu_source,gpu_us,1,0,0,1,770000057,2,3,3,100,100,4,1,0,5.672808,/pscratch/sd/r/rchanani/realm/build_pm_deppart/tests/benchmark -ll:gpu 1 -ll:cpu 1 -ll:fsize 8192 -dp:workers 1 -dp:hpool 256 -nocheck -block_random -block_volume 1024 -dp:noisectopt -d1 3 -d2 3 image -n 100 -e 100 -p 1 -s 4 -f 1 -b 30,"{""buffer_size"": ""30"", ""cpu_us"": ""4645951"", ""d1"": ""3"", ""d2"": ""3"", ""gpu_us"": ""6548"", ""num_edges"": ""100"", ""num_nodes"": ""100"", ""num_pieces"": ""1"", ""num_spaces"": ""4"", ""op"": ""image"", ""sparse_factor"": ""1""}","{""d1"": ""3"", ""d2"": ""3"", ""gpu_host_fallback"": ""0"", ""gpu_input_rects"": ""1"", ""gpu_oom_backoffs"": ""0"", ""gpu_scratch_bytes"": ""770000057"", ""gpu_tiles"": ""1"", ""op"": ""image"", ""path"": ""ptrs""}",861,1,block_random,1024,6548,4645951,ptrs
tile_sweep_publication,image,3d,dense,1,40,3,cpu_source,cpu_us,1,0,0,1,1026000076,2,3,3,100,100,4,1,0,6.970248,/pscratch/sd/r/rchanani/realm/build_pm_deppart/tests/benchmark -ll:gpu 1 -ll:cpu 1 -ll:fsize 8192 -dp:workers 1 -dp:hpool 256 -nocheck -block_random -block_volume 1024 -d1 3 -d2 3 image -n 100 -e 100 -p 1 -s 4 -f 1 -b 40,"{""buffer_size"": ""40"", ""cpu_us"": ""4619332"", ""d1"": ""3"", ""d2"": ""3"", ""gpu_us"": ""585092"", ""num_edges"": ""100"", ""num_nodes"": ""100"", ""num_pieces"": ""1"", ""num_spaces"": ""4"", ""op"": ""image"", ""sparse_factor"": ""1""}","{""d1"": ""3"", ""d2"": ""3"", ""gpu_host_fallback"": ""0"", ""gpu_input_rects"": ""1"", ""gpu_oom_backoffs"": ""0"", ""gpu_scratch_bytes"": ""1026000076"", ""gpu_tiles"": ""1"", ""op"": ""image"", ""path"": ""ptrs""}",862,2,block_random,1024,585092,4619332,ptrs
tile_sweep_publication,image,3d,dense,1,40,3,gpu_source,gpu_us,1,0,0,1,1026000076,2,3,3,100,100,4,1,0,5.609513,/pscratch/sd/r/rchanani/realm/build_pm_deppart/tests/benchmark -ll:gpu 1 -ll:cpu 1 -ll:fsize 8192 -dp:workers 1 -dp:hpool 256 -nocheck -block_random -block_volume 1024 -dp:noisectopt -d1 3 -d2 3 image -n 100 -e 100 -p 1 -s 4 -f 1 -b 40,"{""buffer_size"": ""40"", ""cpu_us"": ""4662684"", ""d1"": ""3"", ""d2"": ""3"", ""gpu_us"": ""6595"", ""num_edges"": ""100"", ""num_nodes"": ""100"", ""num_pieces"": ""1"", ""num_spaces"": ""4"", ""op"": ""image"", ""sparse_factor"": ""1""}","{""d1"": ""3"", ""d2"": ""3"", ""gpu_host_fallback"": ""0"", ""gpu_input_rects"": ""1"", ""gpu_oom_backoffs"": ""0"", ""gpu_scratch_bytes"": ""1026000076"", ""gpu_tiles"": ""1"", ""op"": ""image"", ""path"": ""ptrs""}",863,3,block_random,1024,6595,4662684,ptrs
tile_sweep_publication,image,3d,dense,1,50,3,cpu_source,cpu_us,1,0,0,1,1282000096,2,3,3,100,100,4,1,0,6.618448,/pscratch/sd/r/rchanani/realm/build_pm_deppart/tests/benchmark -ll:gpu 1 -ll:cpu 1 -ll:fsize 8192 -dp:workers 1 -dp:hpool 256 -nocheck -block_random -block_volume 1024 -d1 3 -d2 3 image -n 100 -e 100 -p 1 -s 4 -f 1 -b 50,"{""buffer_size"": ""50"", ""cpu_us"": ""4593264"", ""d1"": ""3"", ""d2"": ""3"", ""gpu_us"": ""583835"", ""num_edges"": ""100"", ""num_nodes"": ""100"", ""num_pieces"": ""1"", ""num_spaces"": ""4"", ""op"": ""image"", ""sparse_factor"": ""1""}","{""d1"": ""3"", ""d2"": ""3"", ""gpu_host_fallback"": ""0"", ""gpu_input_rects"": ""1"", ""gpu_oom_backoffs"": ""0"", ""gpu_scratch_bytes"": ""1282000096"", ""gpu_tiles"": ""1"", ""op"": ""image"", ""path"": ""ptrs""}",864,0,block_random,1024,583835,4593264,ptrs
tile_sweep_publication,image,3d,dense,1,50,3,gpu_source,gpu_us,1,0,0,1,1282000096,2,3,3,100,100,4,1,0,5.819206,/pscratch/sd/r/rchanani/realm/build_pm_deppart/tests/benchmark -ll:gpu 1 -ll:cpu 1 -ll:fsize 8192 -dp:workers 1 -dp:hpool 256 -nocheck -block_random -block_volume 1024 -dp:noisectopt -d1 3 -d2 3 image -n 100 -e 100 -p 1 -s 4 -f 1 -b 50,"{""buffer_size"": ""50"", ""cpu_us"": ""4694133"", ""d1"": ""3"", ""d2"": ""3"", ""gpu_us"": ""6652"", ""num_edges"": ""100"", ""num_nodes"": ""100"", ""num_pieces"": ""1"", ""num_spaces"": ""4"", ""op"": ""image"", ""sparse_factor"": ""1""}","{""d1"": ""3"", ""d2"": ""3"", ""gpu_host_fallback"": ""0"", ""gpu_input_rects"": ""1"", ""gpu_oom_backoffs"": ""0"", ""gpu_scratch_bytes"": ""1282000096"", ""gpu_tiles"": ""1"", ""op"": ""image"", ""path"": ""ptrs""}",865,1,block_random,1024,6652,4694133,ptrs
tile_sweep_publication,image,3d,dense,1,75,3,cpu_source,cpu_us,1,0,0,1,1922000144,2,3,3,100,100,4,1,0,6.965544,/pscratch/sd/r/rchanani/realm/build_pm_deppart/tests/benchmark -ll:gpu 1 -ll:cpu 1 -ll:fsize 8192 -dp:workers 1 -dp:hpool 256 -nocheck -block_random -block_volume 1024 -d1 3 -d2 3 image -n 100 -e 100 -p 1 -s 4 -f 1 -b 75,"{""buffer_size"": ""75"", ""cpu_us"": ""4607540"", ""d1"": ""3"", ""d2"": ""3"", ""gpu_us"": ""588601"", ""num_edges"": ""100"", ""num_nodes"": ""100"", ""num_pieces"": ""1"", ""num_spaces"": ""4"", ""op"": ""image"", ""sparse_factor"": ""1""}","{""d1"": ""3"", ""d2"": ""3"", ""gpu_host_fallback"": ""0"", ""gpu_input_rects"": ""1"", ""gpu_oom_backoffs"": ""0"", ""gpu_scratch_bytes"": ""1922000144"", ""gpu_tiles"": ""1"", ""op"": ""image"", ""path"": ""ptrs""}",866,2,block_random,1024,588601,4607540,ptrs
tile_sweep_publication,image,3d,dense,1,75,3,gpu_source,gpu_us,1,0,0,1,1922000144,2,3,3,100,100,4,1,0,5.508702,/pscratch/sd/r/rchanani/realm/build_pm_deppart/tests/benchmark -ll:gpu 1 -ll:cpu 1 -ll:fsize 8192 -dp:workers 1 -dp:hpool 256 -nocheck -block_random -block_volume 1024 -dp:noisectopt -d1 3 -d2 3 image -n 100 -e 100 -p 1 -s 4 -f 1 -b 75,"{""buffer_size"": ""75"", ""cpu_us"": ""4640236"", ""d1"": ""3"", ""d2"": ""3"", ""gpu_us"": ""6509"", ""num_edges"": ""100"", ""num_nodes"": ""100"", ""num_pieces"": ""1"", ""num_spaces"": ""4"", ""op"": ""image"", ""sparse_factor"": ""1""}","{""d1"": ""3"", ""d2"": ""3"", ""gpu_host_fallback"": ""0"", ""gpu_input_rects"": ""1"", ""gpu_oom_backoffs"": ""0"", ""gpu_scratch_bytes"": ""1922000144"", ""gpu_tiles"": ""1"", ""op"": ""image"", ""path"": ""ptrs""}",867,3,block_random,1024,6509,4640236,ptrs
tile_sweep_publication,image,3d,dense,1,100,3,cpu_source,cpu_us,1,0,0,1,2562000192,2,3,3,100,100,4,1,0,6.614080,/pscratch/sd/r/rchanani/realm/build_pm_deppart/tests/benchmark -ll:gpu 1 -ll:cpu 1 -ll:fsize 8192 -dp:workers 1 -dp:hpool 256 -nocheck -block_random -block_volume 1024 -d1 3 -d2 3 image -n 100 -e 100 -p 1 -s 4 -f 1 -b 100,"{""buffer_size"": ""100"", ""cpu_us"": ""4561053"", ""d1"": ""3"", ""d2"": ""3"", ""gpu_us"": ""584393"", ""num_edges"": ""100"", ""num_nodes"": ""100"", ""num_pieces"": ""1"", ""num_spaces"": ""4"", ""op"": ""image"", ""sparse_factor"": ""1""}","{""d1"": ""3"", ""d2"": ""3"", ""gpu_host_fallback"": ""0"", ""gpu_input_rects"": ""1"", ""gpu_oom_backoffs"": ""0"", ""gpu_scratch_bytes"": ""2562000192"", ""gpu_tiles"": ""1"", ""op"": ""image"", ""path"": ""ptrs""}",868,0,block_random,1024,584393,4561053,ptrs
tile_sweep_publication,image,3d,dense,1,100,3,gpu_source,gpu_us,1,0,0,1,2562000192,2,3,3,100,100,4,1,0,5.645082,/pscratch/sd/r/rchanani/realm/build_pm_deppart/tests/benchmark -ll:gpu 1 -ll:cpu 1 -ll:fsize 8192 -dp:workers 1 -dp:hpool 256 -nocheck -block_random -block_volume 1024 -dp:noisectopt -d1 3 -d2 3 image -n 100 -e 100 -p 1 -s 4 -f 1 -b 100,"{""buffer_size"": ""100"", ""cpu_us"": ""4623365"", ""d1"": ""3"", ""d2"": ""3"", ""gpu_us"": ""6647"", ""num_edges"": ""100"", ""num_nodes"": ""100"", ""num_pieces"": ""1"", ""num_spaces"": ""4"", ""op"": ""image"", ""sparse_factor"": ""1""}","{""d1"": ""3"", ""d2"": ""3"", ""gpu_host_fallback"": ""0"", ""gpu_input_rects"": ""1"", ""gpu_oom_backoffs"": ""0"", ""gpu_scratch_bytes"": ""2562000192"", ""gpu_tiles"": ""1"", ""op"": ""image"", ""path"": ""ptrs""}",869,1,block_random,1024,6647,4623365,ptrs
tile_sweep_publication,image,3d,sparse,5,1,3,cpu_source,cpu_us,1,0,0,1,48138234,2,3,3,100,100,4,1,0,82.092650,/pscratch/sd/r/rchanani/realm/build_pm_deppart/tests/benchmark -ll:gpu 1 -ll:cpu 1 -ll:fsize 8192 -dp:workers 1 -dp:hpool 256 -nocheck -block_random -block_volume 1024 -d1 3 -d2 3 image -n 100 -e 100 -p 1 -s 4 -f 5 -b 1,"{""buffer_size"": ""1"", ""cpu_us"": ""37576193"", ""d1"": ""3"", ""d2"": ""3"", ""gpu_us"": ""21478064"", ""num_edges"": ""100"", ""num_nodes"": ""100"", ""num_pieces"": ""1"", ""num_spaces"": ""4"", ""op"": ""image"", ""sparse_factor"": ""5""}","{""d1"": ""3"", ""d2"": ""3"", ""gpu_host_fallback"": ""0"", ""gpu_input_rects"": ""1"", ""gpu_oom_backoffs"": ""0"", ""gpu_scratch_bytes"": ""48138234"", ""gpu_tiles"": ""1"", ""op"": ""image"", ""path"": ""ptrs""}",870,2,block_random,1024,21478064,37576193,ptrs
tile_sweep_publication,image,3d,sparse,5,1,3,gpu_source,gpu_us,1,0,0,1,48138234,2,3,3,100,100,4,1,0,38.290496,/pscratch/sd/r/rchanani/realm/build_pm_deppart/tests/benchmark -ll:gpu 1 -ll:cpu 1 -ll:fsize 8192 -dp:workers 1 -dp:hpool 256 -nocheck -block_random -block_volume 1024 -dp:noisectopt -d1 3 -d2 3 image -n 100 -e 100 -p 1 -s 4 -f 5 -b 1,"{""buffer_size"": ""1"", ""cpu_us"": ""37253700"", ""d1"": ""3"", ""d2"": ""3"", ""gpu_us"": ""3203"", ""num_edges"": ""100"", ""num_nodes"": ""100"", ""num_pieces"": ""1"", ""num_spaces"": ""4"", ""op"": ""image"", ""sparse_factor"": ""5""}","{""d1"": ""3"", ""d2"": ""3"", ""gpu_host_fallback"": ""0"", ""gpu_input_rects"": ""1"", ""gpu_oom_backoffs"": ""0"", ""gpu_scratch_bytes"": ""48138234"", ""gpu_tiles"": ""1"", ""op"": ""image"", ""path"": ""ptrs""}",871,3,block_random,1024,3203,37253700,ptrs
tile_sweep_publication,image,3d,sparse,5,2,3,cpu_source,cpu_us,1,0,0,1,73822437,2,3,3,100,100,4,1,0,80.899622,/pscratch/sd/r/rchanani/realm/build_pm_deppart/tests/benchmark -ll:gpu 1 -ll:cpu 1 -ll:fsize 8192 -dp:workers 1 -dp:hpool 256 -nocheck -block_random -block_volume 1024 -d1 3 -d2 3 image -n 100 -e 100 -p 1 -s 4 -f 5 -b 2,"{""buffer_size"": ""2"", ""cpu_us"": ""37146857"", ""d1"": ""3"", ""d2"": ""3"", ""gpu_us"": ""21361818"", ""num_edges"": ""100"", ""num_nodes"": ""100"", ""num_pieces"": ""1"", ""num_spaces"": ""4"", ""op"": ""image"", ""sparse_factor"": ""5""}","{""d1"": ""3"", ""d2"": ""3"", ""gpu_host_fallback"": ""0"", ""gpu_input_rects"": ""1"", ""gpu_oom_backoffs"": ""0"", ""gpu_scratch_bytes"": ""73822437"", ""gpu_tiles"": ""1"", ""op"": ""image"", ""path"": ""ptrs""}",872,0,block_random,1024,21361818,37146857,ptrs
tile_sweep_publication,image,3d,sparse,5,2,3,gpu_source,gpu_us,1,0,0,1,73822437,2,3,3,100,100,4,1,0,38.547899,/pscratch/sd/r/rchanani/realm/build_pm_deppart/tests/benchmark -ll:gpu 1 -ll:cpu 1 -ll:fsize 8192 -dp:workers 1 -dp:hpool 256 -nocheck -block_random -block_volume 1024 -dp:noisectopt -d1 3 -d2 3 image -n 100 -e 100 -p 1 -s 4 -f 5 -b 2,"{""buffer_size"": ""2"", ""cpu_us"": ""37348810"", ""d1"": ""3"", ""d2"": ""3"", ""gpu_us"": ""3953"", ""num_edges"": ""100"", ""num_nodes"": ""100"", ""num_pieces"": ""1"", ""num_spaces"": ""4"", ""op"": ""image"", ""sparse_factor"": ""5""}","{""d1"": ""3"", ""d2"": ""3"", ""gpu_host_fallback"": ""0"", ""gpu_input_rects"": ""1"", ""gpu_oom_backoffs"": ""0"", ""gpu_scratch_bytes"": ""73822437"", ""gpu_tiles"": ""1"", ""op"": ""image"", ""path"": ""ptrs""}",873,1,block_random,1024,3953,37348810,ptrs
tile_sweep_publication,image,3d,sparse,5,3,3,cpu_source,cpu_us,1,0,0,1,99506639,2,3,3,100,100,4,1,0,81.579731,/pscratch/sd/r/rchanani/realm/build_pm_deppart/tests/benchmark -ll:gpu 1 -ll:cpu 1 -ll:fsize 8192 -dp:workers 1 -dp:hpool 256 -nocheck -block_random -block_volume 1024 -d1 3 -d2 3 image -n 100 -e 100 -p 1 -s 4 -f 5 -b 3,"{""buffer_size"": ""3"", ""cpu_us"": ""37409314"", ""d1"": ""3"", ""d2"": ""3"", ""gpu_us"": ""21457500"", ""num_edges"": ""100"", ""num_nodes"": ""100"", ""num_pieces"": ""1"", ""num_spaces"": ""4"", ""op"": ""image"", ""sparse_factor"": ""5""}","{""d1"": ""3"", ""d2"": ""3"", ""gpu_host_fallback"": ""0"", ""gpu_input_rects"": ""1"", ""gpu_oom_backoffs"": ""0"", ""gpu_scratch_bytes"": ""99506639"", ""gpu_tiles"": ""1"", ""op"": ""image"", ""path"": ""ptrs""}",874,2,block_random,1024,21457500,37409314,ptrs
tile_sweep_publication,image,3d,sparse,5,3,3,gpu_source,gpu_us,1,0,0,1,99506639,2,3,3,100,100,4,1,0,38.249603,/pscratch/sd/r/rchanani/realm/build_pm_deppart/tests/benchmark -ll:gpu 1 -ll:cpu 1 -ll:fsize 8192 -dp:workers 1 -dp:hpool 256 -nocheck -block_random -block_volume 1024 -dp:noisectopt -d1 3 -d2 3 image -n 100 -e 100 -p 1 -s 4 -f 5 -b 3,"{""buffer_size"": ""3"", ""cpu_us"": ""37223433"", ""d1"": ""3"", ""d2"": ""3"", ""gpu_us"": ""3851"", ""num_edges"": ""100"", ""num_nodes"": ""100"", ""num_pieces"": ""1"", ""num_spaces"": ""4"", ""op"": ""image"", ""sparse_factor"": ""5""}","{""d1"": ""3"", ""d2"": ""3"", ""gpu_host_fallback"": ""0"", ""gpu_input_rects"": ""1"", ""gpu_oom_backoffs"": ""0"", ""gpu_scratch_bytes"": ""99506639"", ""gpu_tiles"": ""1"", ""op"": ""image"", ""path"": ""ptrs""}",875,3,block_random,1024,3851,37223433,ptrs
tile_sweep_publication,image,3d,sparse,5,4,3,cpu_source,cpu_us,1,0,0,1,125190842,2,3,3,100,100,4,1,0,80.943807,/pscratch/sd/r/rchanani/realm/build_pm_deppart/tests/benchmark -ll:gpu 1 -ll:cpu 1 -ll:fsize 8192 -dp:workers 1 -dp:hpool 256 -nocheck -block_random -block_volume 1024 -d1 3 -d2 3 image -n 100 -e 100 -p 1 -s 4 -f 5 -b 4,"{""buffer_size"": ""4"", ""cpu_us"": ""37139855"", ""d1"": ""3"", ""d2"": ""3"", ""gpu_us"": ""21419098"", ""num_edges"": ""100"", ""num_nodes"": ""100"", ""num_pieces"": ""1"", ""num_spaces"": ""4"", ""op"": ""image"", ""sparse_factor"": ""5""}","{""d1"": ""3"", ""d2"": ""3"", ""gpu_host_fallback"": ""0"", ""gpu_input_rects"": ""1"", ""gpu_oom_backoffs"": ""0"", ""gpu_scratch_bytes"": ""125190842"", ""gpu_tiles"": ""1"", ""op"": ""image"", ""path"": ""ptrs""}",876,0,block_random,1024,21419098,37139855,ptrs
tile_sweep_publication,image,3d,sparse,5,4,3,gpu_source,gpu_us,1,0,0,1,125190842,2,3,3,100,100,4,1,0,38.559912,/pscratch/sd/r/rchanani/realm/build_pm_deppart/tests/benchmark -ll:gpu 1 -ll:cpu 1 -ll:fsize 8192 -dp:workers 1 -dp:hpool 256 -nocheck -block_random -block_volume 1024 -dp:noisectopt -d1 3 -d2 3 image -n 100 -e 100 -p 1 -s 4 -f 5 -b 4,"{""buffer_size"": ""4"", ""cpu_us"": ""37383508"", ""d1"": ""3"", ""d2"": ""3"", ""gpu_us"": ""3837"", ""num_edges"": ""100"", ""num_nodes"": ""100"", ""num_pieces"": ""1"", ""num_spaces"": ""4"", ""op"": ""image"", ""sparse_factor"": ""5""}","{""d1"": ""3"", ""d2"": ""3"", ""gpu_host_fallback"": ""0"", ""gpu_input_rects"": ""1"", ""gpu_oom_backoffs"": ""0"", ""gpu_scratch_bytes"": ""125190842"", ""gpu_tiles"": ""1"", ""op"": ""image"", ""path"": ""ptrs""}",877,1,block_random,1024,3837,37383508,ptrs
tile_sweep_publication,image,3d,sparse,5,5,3,cpu_source,cpu_us,1,0,0,1,150875044,2,3,3,100,100,4,1,0,81.645822,/pscratch/sd/r/rchanani/realm/build_pm_deppart/tests/benchmark -ll:gpu 1 -ll:cpu 1 -ll:fsize 8192 -dp:workers 1 -dp:hpool 256 -nocheck -block_random -block_volume 1024 -d1 3 -d2 3 image -n 100 -e 100 -p 1 -s 4 -f 5 -b 5,"{""buffer_size"": ""5"", ""cpu_us"": ""37369877"", ""d1"": ""3"", ""d2"": ""3"", ""gpu_us"": ""21525520"", ""num_edges"": ""100"", ""num_nodes"": ""100"", ""num_pieces"": ""1"", ""num_spaces"": ""4"", ""op"": ""image"", ""sparse_factor"": ""5""}","{""d1"": ""3"", ""d2"": ""3"", ""gpu_host_fallback"": ""0"", ""gpu_input_rects"": ""1"", ""gpu_oom_backoffs"": ""0"", ""gpu_scratch_bytes"": ""150875044"", ""gpu_tiles"": ""1"", ""op"": ""image"", ""path"": ""ptrs""}",878,2,block_random,1024,21525520,37369877,ptrs
tile_sweep_publication,image,3d,sparse,5,5,3,gpu_source,gpu_us,1,0,0,1,150875044,2,3,3,100,100,4,1,0,38.294712,/pscratch/sd/r/rchanani/realm/build_pm_deppart/tests/benchmark -ll:gpu 1 -ll:cpu 1 -ll:fsize 8192 -dp:workers 1 -dp:hpool 256 -nocheck -block_random -block_volume 1024 -dp:noisectopt -d1 3 -d2 3 image -n 100 -e 100 -p 1 -s 4 -f 5 -b 5,"{""buffer_size"": ""5"", ""cpu_us"": ""37258908"", ""d1"": ""3"", ""d2"": ""3"", ""gpu_us"": ""3818"", ""num_edges"": ""100"", ""num_nodes"": ""100"", ""num_pieces"": ""1"", ""num_spaces"": ""4"", ""op"": ""image"", ""sparse_factor"": ""5""}","{""d1"": ""3"", ""d2"": ""3"", ""gpu_host_fallback"": ""0"", ""gpu_input_rects"": ""1"", ""gpu_oom_backoffs"": ""0"", ""gpu_scratch_bytes"": ""150875044"", ""gpu_tiles"": ""1"", ""op"": ""image"", ""path"": ""ptrs""}",879,3,block_random,1024,3818,37258908,ptrs
tile_sweep_publication,image,3d,sparse,5,7,3,cpu_source,cpu_us,1,0,0,1,202243449,2,3,3,100,100,4,1,0,80.897823,/pscratch/sd/r/rchanani/realm/build_pm_deppart/tests/benchmark -ll:gpu 1 -ll:cpu 1 -ll:fsize 8192 -dp:workers 1 -dp:hpool 256 -nocheck -block_random -block_volume 1024 -d1 3 -d2 3 image -n 100 -e 100 -p 1 -s 4 -f 5 -b 7,"{""buffer_size"": ""7"", ""cpu_us"": ""37212921"", ""d1"": ""3"", ""d2"": ""3"", ""gpu_us"": ""21340642"", ""num_edges"": ""100"", ""num_nodes"": ""100"", ""num_pieces"": ""1"", ""num_spaces"": ""4"", ""op"": ""image"", ""sparse_factor"": ""5""}","{""d1"": ""3"", ""d2"": ""3"", ""gpu_host_fallback"": ""0"", ""gpu_input_rects"": ""1"", ""gpu_oom_backoffs"": ""0"", ""gpu_scratch_bytes"": ""202243449"", ""gpu_tiles"": ""1"", ""op"": ""image"", ""path"": ""ptrs""}",880,0,block_random,1024,21340642,37212921,ptrs
tile_sweep_publication,image,3d,sparse,5,7,3,gpu_source,gpu_us,1,0,0,1,202243449,2,3,3,100,100,4,1,0,38.510576,/pscratch/sd/r/rchanani/realm/build_pm_deppart/tests/benchmark -ll:gpu 1 -ll:cpu 1 -ll:fsize 8192 -dp:workers 1 -dp:hpool 256 -nocheck -block_random -block_volume 1024 -dp:noisectopt -d1 3 -d2 3 image -n 100 -e 100 -p 1 -s 4 -f 5 -b 7,"{""buffer_size"": ""7"", ""cpu_us"": ""37373964"", ""d1"": ""3"", ""d2"": ""3"", ""gpu_us"": ""3786"", ""num_edges"": ""100"", ""num_nodes"": ""100"", ""num_pieces"": ""1"", ""num_spaces"": ""4"", ""op"": ""image"", ""sparse_factor"": ""5""}","{""d1"": ""3"", ""d2"": ""3"", ""gpu_host_fallback"": ""0"", ""gpu_input_rects"": ""1"", ""gpu_oom_backoffs"": ""0"", ""gpu_scratch_bytes"": ""202243449"", ""gpu_tiles"": ""1"", ""op"": ""image"", ""path"": ""ptrs""}",881,1,block_random,1024,3786,37373964,ptrs
tile_sweep_publication,image,3d,sparse,5,10,3,cpu_source,cpu_us,1,0,0,1,279296057,2,3,3,100,100,4,1,0,82.008012,/pscratch/sd/r/rchanani/realm/build_pm_deppart/tests/benchmark -ll:gpu 1 -ll:cpu 1 -ll:fsize 8192 -dp:workers 1 -dp:hpool 256 -nocheck -block_random -block_volume 1024 -d1 3 -d2 3 image -n 100 -e 100 -p 1 -s 4 -f 5 -b 10,"{""buffer_size"": ""10"", ""cpu_us"": ""37619631"", ""d1"": ""3"", ""d2"": ""3"", ""gpu_us"": ""21533274"", ""num_edges"": ""100"", ""num_nodes"": ""100"", ""num_pieces"": ""1"", ""num_spaces"": ""4"", ""op"": ""image"", ""sparse_factor"": ""5""}","{""d1"": ""3"", ""d2"": ""3"", ""gpu_host_fallback"": ""0"", ""gpu_input_rects"": ""1"", ""gpu_oom_backoffs"": ""0"", ""gpu_scratch_bytes"": ""279296057"", ""gpu_tiles"": ""1"", ""op"": ""image"", ""path"": ""ptrs""}",882,2,block_random,1024,21533274,37619631,ptrs
tile_sweep_publication,image,3d,sparse,5,10,3,gpu_source,gpu_us,1,0,0,1,279296057,2,3,3,100,100,4,1,0,38.212253,/pscratch/sd/r/rchanani/realm/build_pm_deppart/tests/benchmark -ll:gpu 1 -ll:cpu 1 -ll:fsize 8192 -dp:workers 1 -dp:hpool 256 -nocheck -block_random -block_volume 1024 -dp:noisectopt -d1 3 -d2 3 image -n 100 -e 100 -p 1 -s 4 -f 5 -b 10,"{""buffer_size"": ""10"", ""cpu_us"": ""37174840"", ""d1"": ""3"", ""d2"": ""3"", ""gpu_us"": ""3878"", ""num_edges"": ""100"", ""num_nodes"": ""100"", ""num_pieces"": ""1"", ""num_spaces"": ""4"", ""op"": ""image"", ""sparse_factor"": ""5""}","{""d1"": ""3"", ""d2"": ""3"", ""gpu_host_fallback"": ""0"", ""gpu_input_rects"": ""1"", ""gpu_oom_backoffs"": ""0"", ""gpu_scratch_bytes"": ""279296057"", ""gpu_tiles"": ""1"", ""op"": ""image"", ""path"": ""ptrs""}",883,3,block_random,1024,3878,37174840,ptrs
tile_sweep_publication,image,3d,sparse,5,15,3,cpu_source,cpu_us,1,0,0,1,407717070,2,3,3,100,100,4,1,0,80.870431,/pscratch/sd/r/rchanani/realm/build_pm_deppart/tests/benchmark -ll:gpu 1 -ll:cpu 1 -ll:fsize 8192 -dp:workers 1 -dp:hpool 256 -nocheck -block_random -block_volume 1024 -d1 3 -d2 3 image -n 100 -e 100 -p 1 -s 4 -f 5 -b 15,"{""buffer_size"": ""15"", ""cpu_us"": ""37174832"", ""d1"": ""3"", ""d2"": ""3"", ""gpu_us"": ""21312386"", ""num_edges"": ""100"", ""num_nodes"": ""100"", ""num_pieces"": ""1"", ""num_spaces"": ""4"", ""op"": ""image"", ""sparse_factor"": ""5""}","{""d1"": ""3"", ""d2"": ""3"", ""gpu_host_fallback"": ""0"", ""gpu_input_rects"": ""1"", ""gpu_oom_backoffs"": ""0"", ""gpu_scratch_bytes"": ""407717070"", ""gpu_tiles"": ""1"", ""op"": ""image"", ""path"": ""ptrs""}",884,0,block_random,1024,21312386,37174832,ptrs
tile_sweep_publication,image,3d,sparse,5,15,3,gpu_source,gpu_us,1,0,0,1,407717070,2,3,3,100,100,4,1,0,38.551135,/pscratch/sd/r/rchanani/realm/build_pm_deppart/tests/benchmark -ll:gpu 1 -ll:cpu 1 -ll:fsize 8192 -dp:workers 1 -dp:hpool 256 -nocheck -block_random -block_volume 1024 -dp:noisectopt -d1 3 -d2 3 image -n 100 -e 100 -p 1 -s 4 -f 5 -b 15,"{""buffer_size"": ""15"", ""cpu_us"": ""37353779"", ""d1"": ""3"", ""d2"": ""3"", ""gpu_us"": ""2584"", ""num_edges"": ""100"", ""num_nodes"": ""100"", ""num_pieces"": ""1"", ""num_spaces"": ""4"", ""op"": ""image"", ""sparse_factor"": ""5""}","{""d1"": ""3"", ""d2"": ""3"", ""gpu_host_fallback"": ""0"", ""gpu_input_rects"": ""1"", ""gpu_oom_backoffs"": ""0"", ""gpu_scratch_bytes"": ""407717070"", ""gpu_tiles"": ""1"", ""op"": ""image"", ""path"": ""ptrs""}",885,1,block_random,1024,2584,37353779,ptrs
tile_sweep_publication,image,3d,sparse,5,20,3,cpu_source,cpu_us,1,0,0,1,536138083,2,3,3,100,100,4,1,0,81.656938,/pscratch/sd/r/rchanani/realm/build_pm_deppart/tests/benchmark -ll:gpu 1 -ll:cpu 1 -ll:fsize 8192 -dp:workers 1 -dp:hpool 256 -nocheck -block_random -block_volume 1024 -d1 3 -d2 3 image -n 100 -e 100 -p 1 -s 4 -f 5 -b 20,"{""buffer_size"": ""20"", ""cpu_us"": ""37405489"", ""d1"": ""3"", ""d2"": ""3"", ""gpu_us"": ""21543179"", ""num_edges"": ""100"", ""num_nodes"": ""100"", ""num_pieces"": ""1"", ""num_spaces"": ""4"", ""op"": ""image"", ""sparse_factor"": ""5""}","{""d1"": ""3"", ""d2"": ""3"", ""gpu_host_fallback"": ""0"", ""gpu_input_rects"": ""1"", ""gpu_oom_backoffs"": ""0"", ""gpu_scratch_bytes"": ""536138083"", ""gpu_tiles"": ""1"", ""op"": ""image"", ""path"": ""ptrs""}",886,2,block_random,1024,21543179,37405489,ptrs
tile_sweep_publication,image,3d,sparse,5,20,3,gpu_source,gpu_us,1,0,0,1,536138083,2,3,3,100,100,4,1,0,38.210701,/pscratch/sd/r/rchanani/realm/build_pm_deppart/tests/benchmark -ll:gpu 1 -ll:cpu 1 -ll:fsize 8192 -dp:workers 1 -dp:hpool 256 -nocheck -block_random -block_volume 1024 -dp:noisectopt -d1 3 -d2 3 image -n 100 -e 100 -p 1 -s 4 -f 5 -b 20,"{""buffer_size"": ""20"", ""cpu_us"": ""37180798"", ""d1"": ""3"", ""d2"": ""3"", ""gpu_us"": ""3866"", ""num_edges"": ""100"", ""num_nodes"": ""100"", ""num_pieces"": ""1"", ""num_spaces"": ""4"", ""op"": ""image"", ""sparse_factor"": ""5""}","{""d1"": ""3"", ""d2"": ""3"", ""gpu_host_fallback"": ""0"", ""gpu_input_rects"": ""1"", ""gpu_oom_backoffs"": ""0"", ""gpu_scratch_bytes"": ""536138083"", ""gpu_tiles"": ""1"", ""op"": ""image"", ""path"": ""ptrs""}",887,3,block_random,1024,3866,37180798,ptrs
tile_sweep_publication,image,3d,sparse,5,25,3,cpu_source,cpu_us,1,0,0,1,664559096,2,3,3,100,100,4,1,0,81.043339,/pscratch/sd/r/rchanani/realm/build_pm_deppart/tests/benchmark -ll:gpu 1 -ll:cpu 1 -ll:fsize 8192 -dp:workers 1 -dp:hpool 256 -nocheck -block_random -block_volume 1024 -d1 3 -d2 3 image -n 100 -e 100 -p 1 -s 4 -f 5 -b 25,"{""buffer_size"": ""25"", ""cpu_us"": ""37191277"", ""d1"": ""3"", ""d2"": ""3"", ""gpu_us"": ""21414914"", ""num_edges"": ""100"", ""num_nodes"": ""100"", ""num_pieces"": ""1"", ""num_spaces"": ""4"", ""op"": ""image"", ""sparse_factor"": ""5""}","{""d1"": ""3"", ""d2"": ""3"", ""gpu_host_fallback"": ""0"", ""gpu_input_rects"": ""1"", ""gpu_oom_backoffs"": ""0"", ""gpu_scratch_bytes"": ""664559096"", ""gpu_tiles"": ""1"", ""op"": ""image"", ""path"": ""ptrs""}",888,0,block_random,1024,21414914,37191277,ptrs
tile_sweep_publication,image,3d,sparse,5,25,3,gpu_source,gpu_us,1,0,0,1,664559096,2,3,3,100,100,4,1,0,38.644603,/pscratch/sd/r/rchanani/realm/build_pm_deppart/tests/benchmark -ll:gpu 1 -ll:cpu 1 -ll:fsize 8192 -dp:workers 1 -dp:hpool 256 -nocheck -block_random -block_volume 1024 -dp:noisectopt -d1 3 -d2 3 image -n 100 -e 100 -p 1 -s 4 -f 5 -b 25,"{""buffer_size"": ""25"", ""cpu_us"": ""37363854"", ""d1"": ""3"", ""d2"": ""3"", ""gpu_us"": ""3853"", ""num_edges"": ""100"", ""num_nodes"": ""100"", ""num_pieces"": ""1"", ""num_spaces"": ""4"", ""op"": ""image"", ""sparse_factor"": ""5""}","{""d1"": ""3"", ""d2"": ""3"", ""gpu_host_fallback"": ""0"", ""gpu_input_rects"": ""1"", ""gpu_oom_backoffs"": ""0"", ""gpu_scratch_bytes"": ""664559096"", ""gpu_tiles"": ""1"", ""op"": ""image"", ""path"": ""ptrs""}",889,1,block_random,1024,3853,37363854,ptrs
tile_sweep_publication,image,3d,sparse,5,30,3,cpu_source,cpu_us,1,0,0,1,792980108,2,3,3,100,100,4,1,0,81.666898,/pscratch/sd/r/rchanani/realm/build_pm_deppart/tests/benchmark -ll:gpu 1 -ll:cpu 1 -ll:fsize 8192 -dp:workers 1 -dp:hpool 256 -nocheck -block_random -block_volume 1024 -d1 3 -d2 3 image -n 100 -e 100 -p 1 -s 4 -f 5 -b 30,"{""buffer_size"": ""30"", ""cpu_us"": ""37429494"", ""d1"": ""3"", ""d2"": ""3"", ""gpu_us"": ""21536565"", ""num_edges"": ""100"", ""num_nodes"": ""100"", ""num_pieces"": ""1"", ""num_spaces"": ""4"", ""op"": ""image"", ""sparse_factor"": ""5""}","{""d1"": ""3"", ""d2"": ""3"", ""gpu_host_fallback"": ""0"", ""gpu_input_rects"": ""1"", ""gpu_oom_backoffs"": ""0"", ""gpu_scratch_bytes"": ""792980108"", ""gpu_tiles"": ""1"", ""op"": ""image"", ""path"": ""ptrs""}",890,2,block_random,1024,21536565,37429494,ptrs
tile_sweep_publication,image,3d,sparse,5,30,3,gpu_source,gpu_us,1,0,0,1,792980108,2,3,3,100,100,4,1,0,38.232933,/pscratch/sd/r/rchanani/realm/build_pm_deppart/tests/benchmark -ll:gpu 1 -ll:cpu 1 -ll:fsize 8192 -dp:workers 1 -dp:hpool 256 -nocheck -block_random -block_volume 1024 -dp:noisectopt -d1 3 -d2 3 image -n 100 -e 100 -p 1 -s 4 -f 5 -b 30,"{""buffer_size"": ""30"", ""cpu_us"": ""37158995"", ""d1"": ""3"", ""d2"": ""3"", ""gpu_us"": ""3866"", ""num_edges"": ""100"", ""num_nodes"": ""100"", ""num_pieces"": ""1"", ""num_spaces"": ""4"", ""op"": ""image"", ""sparse_factor"": ""5""}","{""d1"": ""3"", ""d2"": ""3"", ""gpu_host_fallback"": ""0"", ""gpu_input_rects"": ""1"", ""gpu_oom_backoffs"": ""0"", ""gpu_scratch_bytes"": ""792980108"", ""gpu_tiles"": ""1"", ""op"": ""image"", ""path"": ""ptrs""}",891,3,block_random,1024,3866,37158995,ptrs
tile_sweep_publication,image,3d,sparse,5,40,3,cpu_source,cpu_us,1,0,0,1,1049822134,2,3,3,100,100,4,1,0,81.088523,/pscratch/sd/r/rchanani/realm/build_pm_deppart/tests/benchmark -ll:gpu 1 -ll:cpu 1 -ll:fsize 8192 -dp:workers 1 -dp:hpool 256 -nocheck -block_random -block_volume 1024 -d1 3 -d2 3 image -n 100 -e 100 -p 1 -s 4 -f 5 -b 40,"{""buffer_size"": ""40"", ""cpu_us"": ""37148070"", ""d1"": ""3"", ""d2"": ""3"", ""gpu_us"": ""21357441"", ""num_edges"": ""100"", ""num_nodes"": ""100"", ""num_pieces"": ""1"", ""num_spaces"": ""4"", ""op"": ""image"", ""sparse_factor"": ""5""}","{""d1"": ""3"", ""d2"": ""3"", ""gpu_host_fallback"": ""0"", ""gpu_input_rects"": ""1"", ""gpu_oom_backoffs"": ""0"", ""gpu_scratch_bytes"": ""1049822134"", ""gpu_tiles"": ""1"", ""op"": ""image"", ""path"": ""ptrs""}",892,0,block_random,1024,21357441,37148070,ptrs
tile_sweep_publication,image,3d,sparse,5,40,3,gpu_source,gpu_us,1,0,0,1,1049822134,2,3,3,100,100,4,1,0,38.289663,/pscratch/sd/r/rchanani/realm/build_pm_deppart/tests/benchmark -ll:gpu 1 -ll:cpu 1 -ll:fsize 8192 -dp:workers 1 -dp:hpool 256 -nocheck -block_random -block_volume 1024 -dp:noisectopt -d1 3 -d2 3 image -n 100 -e 100 -p 1 -s 4 -f 5 -b 40,"{""buffer_size"": ""40"", ""cpu_us"": ""37260911"", ""d1"": ""3"", ""d2"": ""3"", ""gpu_us"": ""3875"", ""num_edges"": ""100"", ""num_nodes"": ""100"", ""num_pieces"": ""1"", ""num_spaces"": ""4"", ""op"": ""image"", ""sparse_factor"": ""5""}","{""d1"": ""3"", ""d2"": ""3"", ""gpu_host_fallback"": ""0"", ""gpu_input_rects"": ""1"", ""gpu_oom_backoffs"": ""0"", ""gpu_scratch_bytes"": ""1049822134"", ""gpu_tiles"": ""1"", ""op"": ""image"", ""path"": ""ptrs""}",893,1,block_random,1024,3875,37260911,ptrs
tile_sweep_publication,image,3d,sparse,5,50,3,cpu_source,cpu_us,1,0,0,1,1306664160,2,3,3,100,100,4,1,0,81.816741,/pscratch/sd/r/rchanani/realm/build_pm_deppart/tests/benchmark -ll:gpu 1 -ll:cpu 1 -ll:fsize 8192 -dp:workers 1 -dp:hpool 256 -nocheck -block_random -block_volume 1024 -d1 3 -d2 3 image -n 100 -e 100 -p 1 -s 4 -f 5 -b 50,"{""buffer_size"": ""50"", ""cpu_us"": ""37481706"", ""d1"": ""3"", ""d2"": ""3"", ""gpu_us"": ""21591235"", ""num_edges"": ""100"", ""num_nodes"": ""100"", ""num_pieces"": ""1"", ""num_spaces"": ""4"", ""op"": ""image"", ""sparse_factor"": ""5""}","{""d1"": ""3"", ""d2"": ""3"", ""gpu_host_fallback"": ""0"", ""gpu_input_rects"": ""1"", ""gpu_oom_backoffs"": ""0"", ""gpu_scratch_bytes"": ""1306664160"", ""gpu_tiles"": ""1"", ""op"": ""image"", ""path"": ""ptrs""}",894,2,block_random,1024,21591235,37481706,ptrs
tile_sweep_publication,image,3d,sparse,5,50,3,gpu_source,gpu_us,1,0,0,1,1306664160,2,3,3,100,100,4,1,0,38.224168,/pscratch/sd/r/rchanani/realm/build_pm_deppart/tests/benchmark -ll:gpu 1 -ll:cpu 1 -ll:fsize 8192 -dp:workers 1 -dp:hpool 256 -nocheck -block_random -block_volume 1024 -dp:noisectopt -d1 3 -d2 3 image -n 100 -e 100 -p 1 -s 4 -f 5 -b 50,"{""buffer_size"": ""50"", ""cpu_us"": ""37190679"", ""d1"": ""3"", ""d2"": ""3"", ""gpu_us"": ""3263"", ""num_edges"": ""100"", ""num_nodes"": ""100"", ""num_pieces"": ""1"", ""num_spaces"": ""4"", ""op"": ""image"", ""sparse_factor"": ""5""}","{""d1"": ""3"", ""d2"": ""3"", ""gpu_host_fallback"": ""0"", ""gpu_input_rects"": ""1"", ""gpu_oom_backoffs"": ""0"", ""gpu_scratch_bytes"": ""1306664160"", ""gpu_tiles"": ""1"", ""op"": ""image"", ""path"": ""ptrs""}",895,3,block_random,1024,3263,37190679,ptrs
tile_sweep_publication,image,3d,sparse,5,75,3,cpu_source,cpu_us,1,0,0,1,1948769224,2,3,3,100,100,4,1,0,80.837561,/pscratch/sd/r/rchanani/realm/build_pm_deppart/tests/benchmark -ll:gpu 1 -ll:cpu 1 -ll:fsize 8192 -dp:workers 1 -dp:hpool 256 -nocheck -block_random -block_volume 1024 -d1 3 -d2 3 image -n 100 -e 100 -p 1 -s 4 -f 5 -b 75,"{""buffer_size"": ""75"", ""cpu_us"": ""37110960"", ""d1"": ""3"", ""d2"": ""3"", ""gpu_us"": ""21342859"", ""num_edges"": ""100"", ""num_nodes"": ""100"", ""num_pieces"": ""1"", ""num_spaces"": ""4"", ""op"": ""image"", ""sparse_factor"": ""5""}","{""d1"": ""3"", ""d2"": ""3"", ""gpu_host_fallback"": ""0"", ""gpu_input_rects"": ""1"", ""gpu_oom_backoffs"": ""0"", ""gpu_scratch_bytes"": ""1948769224"", ""gpu_tiles"": ""1"", ""op"": ""image"", ""path"": ""ptrs""}",896,0,block_random,1024,21342859,37110960,ptrs
tile_sweep_publication,image,3d,sparse,5,75,3,gpu_source,gpu_us,1,0,0,1,1948769224,2,3,3,100,100,4,1,0,38.603196,/pscratch/sd/r/rchanani/realm/build_pm_deppart/tests/benchmark -ll:gpu 1 -ll:cpu 1 -ll:fsize 8192 -dp:workers 1 -dp:hpool 256 -nocheck -block_random -block_volume 1024 -dp:noisectopt -d1 3 -d2 3 image -n 100 -e 100 -p 1 -s 4 -f 5 -b 75,"{""buffer_size"": ""75"", ""cpu_us"": ""37360548"", ""d1"": ""3"", ""d2"": ""3"", ""gpu_us"": ""3645"", ""num_edges"": ""100"", ""num_nodes"": ""100"", ""num_pieces"": ""1"", ""num_spaces"": ""4"", ""op"": ""image"", ""sparse_factor"": ""5""}","{""d1"": ""3"", ""d2"": ""3"", ""gpu_host_fallback"": ""0"", ""gpu_input_rects"": ""1"", ""gpu_oom_backoffs"": ""0"", ""gpu_scratch_bytes"": ""1948769224"", ""gpu_tiles"": ""1"", ""op"": ""image"", ""path"": ""ptrs""}",897,1,block_random,1024,3645,37360548,ptrs
tile_sweep_publication,image,3d,sparse,5,100,3,cpu_source,cpu_us,1,0,0,1,2590874288,2,3,3,100,100,4,1,0,82.023212,/pscratch/sd/r/rchanani/realm/build_pm_deppart/tests/benchmark -ll:gpu 1 -ll:cpu 1 -ll:fsize 8192 -dp:workers 1 -dp:hpool 256 -nocheck -block_random -block_volume 1024 -d1 3 -d2 3 image -n 100 -e 100 -p 1 -s 4 -f 5 -b 100,"{""buffer_size"": ""100"", ""cpu_us"": ""37619815"", ""d1"": ""3"", ""d2"": ""3"", ""gpu_us"": ""21632295"", ""num_edges"": ""100"", ""num_nodes"": ""100"", ""num_pieces"": ""1"", ""num_spaces"": ""4"", ""op"": ""image"", ""sparse_factor"": ""5""}","{""d1"": ""3"", ""d2"": ""3"", ""gpu_host_fallback"": ""0"", ""gpu_input_rects"": ""1"", ""gpu_oom_backoffs"": ""0"", ""gpu_scratch_bytes"": ""2590874288"", ""gpu_tiles"": ""1"", ""op"": ""image"", ""path"": ""ptrs""}",898,2,block_random,1024,21632295,37619815,ptrs
tile_sweep_publication,image,3d,sparse,5,100,3,gpu_source,gpu_us,1,0,0,1,2590874288,2,3,3,100,100,4,1,0,38.240798,/pscratch/sd/r/rchanani/realm/build_pm_deppart/tests/benchmark -ll:gpu 1 -ll:cpu 1 -ll:fsize 8192 -dp:workers 1 -dp:hpool 256 -nocheck -block_random -block_volume 1024 -dp:noisectopt -d1 3 -d2 3 image -n 100 -e 100 -p 1 -s 4 -f 5 -b 100,"{""buffer_size"": ""100"", ""cpu_us"": ""37194258"", ""d1"": ""3"", ""d2"": ""3"", ""gpu_us"": ""3867"", ""num_edges"": ""100"", ""num_nodes"": ""100"", ""num_pieces"": ""1"", ""num_spaces"": ""4"", ""op"": ""image"", ""sparse_factor"": ""5""}","{""d1"": ""3"", ""d2"": ""3"", ""gpu_host_fallback"": ""0"", ""gpu_input_rects"": ""1"", ""gpu_oom_backoffs"": ""0"", ""gpu_scratch_bytes"": ""2590874288"", ""gpu_tiles"": ""1"", ""op"": ""image"", ""path"": ""ptrs""}",899,3,block_random,1024,3867,37194258,ptrs
tile_sweep_publication,preimage,1d,dense,1,1,3,cpu_source,cpu_us,16,39,1,16,8400000,2,1,1,1000000,1000000,4,1,0,4.373307,/pscratch/sd/r/rchanani/realm/build_pm_deppart/tests/benchmark -ll:gpu 1 -ll:cpu 1 -ll:fsize 8192 -dp:workers 1 -dp:hpool 256 -nocheck -block_random -block_volume 1024 -d1 1 -d2 1 preimage -n 1000000 -e 1000000 -p 1 -s 4 -f 1 -b 1,"{""buffer_size"": ""1"", ""cpu_us"": ""12067"", ""d1"": ""1"", ""d2"": ""1"", ""gpu_us"": ""21368"", ""num_edges"": ""1000000"", ""num_nodes"": ""1000000"", ""num_pieces"": ""1"", ""num_spaces"": ""4"", ""op"": ""preimage"", ""sparse_factor"": ""1""}","{""d1"": ""1"", ""d2"": ""1"", ""gpu_host_fallback"": ""1"", ""gpu_input_rects"": ""16"", ""gpu_oom_backoffs"": ""39"", ""gpu_scratch_bytes"": ""8400000"", ""gpu_tiles"": ""16"", ""op"": ""preimage"", ""path"": ""ptrs""}",900,0,block_random,1024,21368,12067,ptrs
tile_sweep_publication,preimage,1d,dense,1,1,3,gpu_source,gpu_us,16,39,1,16,8400000,2,1,1,1000000,1000000,4,1,0,4.671632,/pscratch/sd/r/rchanani/realm/build_pm_deppart/tests/benchmark -ll:gpu 1 -ll:cpu 1 -ll:fsize 8192 -dp:workers 1 -dp:hpool 256 -nocheck -block_random -block_volume 1024 -dp:noisectopt -d1 1 -d2 1 preimage -n 1000000 -e 1000000 -p 1 -s 4 -f 1 -b 1,"{""buffer_size"": ""1"", ""cpu_us"": ""7169"", ""d1"": ""1"", ""d2"": ""1"", ""gpu_us"": ""23790"", ""num_edges"": ""1000000"", ""num_nodes"": ""1000000"", ""num_pieces"": ""1"", ""num_spaces"": ""4"", ""op"": ""preimage"", ""sparse_factor"": ""1""}","{""d1"": ""1"", ""d2"": ""1"", ""gpu_host_fallback"": ""1"", ""gpu_input_rects"": ""16"", ""gpu_oom_backoffs"": ""39"", ""gpu_scratch_bytes"": ""8400000"", ""gpu_tiles"": ""16"", ""op"": ""preimage"", ""path"": ""ptrs""}",901,1,block_random,1024,23790,7169,ptrs
tile_sweep_publication,preimage,1d,dense,1,2,3,cpu_source,cpu_us,8,14,1,8,14800000,2,1,1,1000000,1000000,4,1,0,4.570189,/pscratch/sd/r/rchanani/realm/build_pm_deppart/tests/benchmark -ll:gpu 1 -ll:cpu 1 -ll:fsize 8192 -dp:workers 1 -dp:hpool 256 -nocheck -block_random -block_volume 1024 -d1 1 -d2 1 preimage -n 1000000 -e 1000000 -p 1 -s 4 -f 1 -b 2,"{""buffer_size"": ""2"", ""cpu_us"": ""11815"", ""d1"": ""1"", ""d2"": ""1"", ""gpu_us"": ""11139"", ""num_edges"": ""1000000"", ""num_nodes"": ""1000000"", ""num_pieces"": ""1"", ""num_spaces"": ""4"", ""op"": ""preimage"", ""sparse_factor"": ""1""}","{""d1"": ""1"", ""d2"": ""1"", ""gpu_host_fallback"": ""1"", ""gpu_input_rects"": ""8"", ""gpu_oom_backoffs"": ""14"", ""gpu_scratch_bytes"": ""14800000"", ""gpu_tiles"": ""8"", ""op"": ""preimage"", ""path"": ""ptrs""}",902,2,block_random,1024,11139,11815,ptrs
tile_sweep_publication,preimage,1d,dense,1,2,3,gpu_source,gpu_us,8,14,1,8,14800000,2,1,1,1000000,1000000,4,1,0,4.376595,/pscratch/sd/r/rchanani/realm/build_pm_deppart/tests/benchmark -ll:gpu 1 -ll:cpu 1 -ll:fsize 8192 -dp:workers 1 -dp:hpool 256 -nocheck -block_random -block_volume 1024 -dp:noisectopt -d1 1 -d2 1 preimage -n 1000000 -e 1000000 -p 1 -s 4 -f 1 -b 2,"{""buffer_size"": ""2"", ""cpu_us"": ""6655"", ""d1"": ""1"", ""d2"": ""1"", ""gpu_us"": ""9460"", ""num_edges"": ""1000000"", ""num_nodes"": ""1000000"", ""num_pieces"": ""1"", ""num_spaces"": ""4"", ""op"": ""preimage"", ""sparse_factor"": ""1""}","{""d1"": ""1"", ""d2"": ""1"", ""gpu_host_fallback"": ""1"", ""gpu_input_rects"": ""8"", ""gpu_oom_backoffs"": ""14"", ""gpu_scratch_bytes"": ""14800000"", ""gpu_tiles"": ""8"", ""op"": ""preimage"", ""path"": ""ptrs""}",903,3,block_random,1024,9460,6655,ptrs
tile_sweep_publication,preimage,1d,dense,1,3,3,cpu_source,cpu_us,8,14,1,8,21200000,2,1,1,1000000,1000000,4,1,0,4.352662,/pscratch/sd/r/rchanani/realm/build_pm_deppart/tests/benchmark -ll:gpu 1 -ll:cpu 1 -ll:fsize 8192 -dp:workers 1 -dp:hpool 256 -nocheck -block_random -block_volume 1024 -d1 1 -d2 1 preimage -n 1000000 -e 1000000 -p 1 -s 4 -f 1 -b 3,"{""buffer_size"": ""3"", ""cpu_us"": ""12457"", ""d1"": ""1"", ""d2"": ""1"", ""gpu_us"": ""10203"", ""num_edges"": ""1000000"", ""num_nodes"": ""1000000"", ""num_pieces"": ""1"", ""num_spaces"": ""4"", ""op"": ""preimage"", ""sparse_factor"": ""1""}","{""d1"": ""1"", ""d2"": ""1"", ""gpu_host_fallback"": ""1"", ""gpu_input_rects"": ""8"", ""gpu_oom_backoffs"": ""14"", ""gpu_scratch_bytes"": ""21200000"", ""gpu_tiles"": ""8"", ""op"": ""preimage"", ""path"": ""ptrs""}",904,0,block_random,1024,10203,12457,ptrs
tile_sweep_publication,preimage,1d,dense,1,3,3,gpu_source,gpu_us,8,14,1,8,21200000,2,1,1,1000000,1000000,4,1,0,4.580935,/pscratch/sd/r/rchanani/realm/build_pm_deppart/tests/benchmark -ll:gpu 1 -ll:cpu 1 -ll:fsize 8192 -dp:workers 1 -dp:hpool 256 -nocheck -block_random -block_volume 1024 -dp:noisectopt -d1 1 -d2 1 preimage -n 1000000 -e 1000000 -p 1 -s 4 -f 1 -b 3,"{""buffer_size"": ""3"", ""cpu_us"": ""6687"", ""d1"": ""1"", ""d2"": ""1"", ""gpu_us"": ""11491"", ""num_edges"": ""1000000"", ""num_nodes"": ""1000000"", ""num_pieces"": ""1"", ""num_spaces"": ""4"", ""op"": ""preimage"", ""sparse_factor"": ""1""}","{""d1"": ""1"", ""d2"": ""1"", ""gpu_host_fallback"": ""1"", ""gpu_input_rects"": ""8"", ""gpu_oom_backoffs"": ""14"", ""gpu_scratch_bytes"": ""21200000"", ""gpu_tiles"": ""8"", ""op"": ""preimage"", ""path"": ""ptrs""}",905,1,block_random,1024,11491,6687,ptrs
tile_sweep_publication,preimage,1d,dense,1,4,3,cpu_source,cpu_us,4,5,1,4,27600000,2,1,1,1000000,1000000,4,1,0,4.548092,/pscratch/sd/r/rchanani/realm/build_pm_deppart/tests/benchmark -ll:gpu 1 -ll:cpu 1 -ll:fsize 8192 -dp:workers 1 -dp:hpool 256 -nocheck -block_random -block_volume 1024 -d1 1 -d2 1 preimage -n 1000000 -e 1000000 -p 1 -s 4 -f 1 -b 4,"{""buffer_size"": ""4"", ""cpu_us"": ""12048"", ""d1"": ""1"", ""d2"": ""1"", ""gpu_us"": ""5811"", ""num_edges"": ""1000000"", ""num_nodes"": ""1000000"", ""num_pieces"": ""1"", ""num_spaces"": ""4"", ""op"": ""preimage"", ""sparse_factor"": ""1""}","{""d1"": ""1"", ""d2"": ""1"", ""gpu_host_fallback"": ""1"", ""gpu_input_rects"": ""4"", ""gpu_oom_backoffs"": ""5"", ""gpu_scratch_bytes"": ""27600000"", ""gpu_tiles"": ""4"", ""op"": ""preimage"", ""path"": ""ptrs""}",906,2,block_random,1024,5811,12048,ptrs
tile_sweep_publication,preimage,1d,dense,1,4,3,gpu_source,gpu_us,4,5,1,4,27600000,2,1,1,1000000,1000000,4,1,0,4.374909,/pscratch/sd/r/rchanani/realm/build_pm_deppart/tests/benchmark -ll:gpu 1 -ll:cpu 1 -ll:fsize 8192 -dp:workers 1 -dp:hpool 256 -nocheck -block_random -block_volume 1024 -dp:noisectopt -d1 1 -d2 1 preimage -n 1000000 -e 1000000 -p 1 -s 4 -f 1 -b 4,"{""buffer_size"": ""4"", ""cpu_us"": ""6635"", ""d1"": ""1"", ""d2"": ""1"", ""gpu_us"": ""5310"", ""num_edges"": ""1000000"", ""num_nodes"": ""1000000"", ""num_pieces"": ""1"", ""num_spaces"": ""4"", ""op"": ""preimage"", ""sparse_factor"": ""1""}","{""d1"": ""1"", ""d2"": ""1"", ""gpu_host_fallback"": ""1"", ""gpu_input_rects"": ""4"", ""gpu_oom_backoffs"": ""5"", ""gpu_scratch_bytes"": ""27600000"", ""gpu_tiles"": ""4"", ""op"": ""preimage"", ""path"": ""ptrs""}",907,3,block_random,1024,5310,6635,ptrs
tile_sweep_publication,preimage,1d,dense,1,5,3,cpu_source,cpu_us,4,5,1,4,34000000,2,1,1,1000000,1000000,4,1,0,4.425705,/pscratch/sd/r/rchanani/realm/build_pm_deppart/tests/benchmark -ll:gpu 1 -ll:cpu 1 -ll:fsize 8192 -dp:workers 1 -dp:hpool 256 -nocheck -block_random -block_volume 1024 -d1 1 -d2 1 preimage -n 1000000 -e 1000000 -p 1 -s 4 -f 1 -b 5,"{""buffer_size"": ""5"", ""cpu_us"": ""11967"", ""d1"": ""1"", ""d2"": ""1"", ""gpu_us"": ""5321"", ""num_edges"": ""1000000"", ""num_nodes"": ""1000000"", ""num_pieces"": ""1"", ""num_spaces"": ""4"", ""op"": ""preimage"", ""sparse_factor"": ""1""}","{""d1"": ""1"", ""d2"": ""1"", ""gpu_host_fallback"": ""1"", ""gpu_input_rects"": ""4"", ""gpu_oom_backoffs"": ""5"", ""gpu_scratch_bytes"": ""34000000"", ""gpu_tiles"": ""4"", ""op"": ""preimage"", ""path"": ""ptrs""}",908,0,block_random,1024,5321,11967,ptrs
tile_sweep_publication,preimage,1d,dense,1,5,3,gpu_source,gpu_us,4,5,1,4,34000000,2,1,1,1000000,1000000,4,1,0,4.616931,/pscratch/sd/r/rchanani/realm/build_pm_deppart/tests/benchmark -ll:gpu 1 -ll:cpu 1 -ll:fsize 8192 -dp:workers 1 -dp:hpool 256 -nocheck -block_random -block_volume 1024 -dp:noisectopt -d1 1 -d2 1 preimage -n 1000000 -e 1000000 -p 1 -s 4 -f 1 -b 5,"{""buffer_size"": ""5"", ""cpu_us"": ""6447"", ""d1"": ""1"", ""d2"": ""1"", ""gpu_us"": ""5337"", ""num_edges"": ""1000000"", ""num_nodes"": ""1000000"", ""num_pieces"": ""1"", ""num_spaces"": ""4"", ""op"": ""preimage"", ""sparse_factor"": ""1""}","{""d1"": ""1"", ""d2"": ""1"", ""gpu_host_fallback"": ""1"", ""gpu_input_rects"": ""4"", ""gpu_oom_backoffs"": ""5"", ""gpu_scratch_bytes"": ""34000000"", ""gpu_tiles"": ""4"", ""op"": ""preimage"", ""path"": ""ptrs""}",909,1,block_random,1024,5337,6447,ptrs
tile_sweep_publication,preimage,1d,dense,1,7,3,cpu_source,cpu_us,2,2,1,2,46800000,2,1,1,1000000,1000000,4,1,0,4.540435,/pscratch/sd/r/rchanani/realm/build_pm_deppart/tests/benchmark -ll:gpu 1 -ll:cpu 1 -ll:fsize 8192 -dp:workers 1 -dp:hpool 256 -nocheck -block_random -block_volume 1024 -d1 1 -d2 1 preimage -n 1000000 -e 1000000 -p 1 -s 4 -f 1 -b 7,"{""buffer_size"": ""7"", ""cpu_us"": ""12268"", ""d1"": ""1"", ""d2"": ""1"", ""gpu_us"": ""2765"", ""num_edges"": ""1000000"", ""num_nodes"": ""1000000"", ""num_pieces"": ""1"", ""num_spaces"": ""4"", ""op"": ""preimage"", ""sparse_factor"": ""1""}","{""d1"": ""1"", ""d2"": ""1"", ""gpu_host_fallback"": ""1"", ""gpu_input_rects"": ""2"", ""gpu_oom_backoffs"": ""2"", ""gpu_scratch_bytes"": ""46800000"", ""gpu_tiles"": ""2"", ""op"": ""preimage"", ""path"": ""ptrs""}",910,2,block_random,1024,2765,12268,ptrs
tile_sweep_publication,preimage,1d,dense,1,7,3,gpu_source,gpu_us,2,2,1,2,46800000,2,1,1,1000000,1000000,4,1,0,4.364372,/pscratch/sd/r/rchanani/realm/build_pm_deppart/tests/benchmark -ll:gpu 1 -ll:cpu 1 -ll:fsize 8192 -dp:workers 1 -dp:hpool 256 -nocheck -block_random -block_volume 1024 -dp:noisectopt -d1 1 -d2 1 preimage -n 1000000 -e 1000000 -p 1 -s 4 -f 1 -b 7,"{""buffer_size"": ""7"", ""cpu_us"": ""6420"", ""d1"": ""1"", ""d2"": ""1"", ""gpu_us"": ""2809"", ""num_edges"": ""1000000"", ""num_nodes"": ""1000000"", ""num_pieces"": ""1"", ""num_spaces"": ""4"", ""op"": ""preimage"", ""sparse_factor"": ""1""}","{""d1"": ""1"", ""d2"": ""1"", ""gpu_host_fallback"": ""1"", ""gpu_input_rects"": ""2"", ""gpu_oom_backoffs"": ""2"", ""gpu_scratch_bytes"": ""46800000"", ""gpu_tiles"": ""2"", ""op"": ""preimage"", ""path"": ""ptrs""}",911,3,block_random,1024,2809,6420,ptrs
tile_sweep_publication,preimage,1d,dense,1,10,3,cpu_source,cpu_us,2,2,1,2,66000000,2,1,1,1000000,1000000,4,1,0,4.356307,/pscratch/sd/r/rchanani/realm/build_pm_deppart/tests/benchmark -ll:gpu 1 -ll:cpu 1 -ll:fsize 8192 -dp:workers 1 -dp:hpool 256 -nocheck -block_random -block_volume 1024 -d1 1 -d2 1 preimage -n 1000000 -e 1000000 -p 1 -s 4 -f 1 -b 10,"{""buffer_size"": ""10"", ""cpu_us"": ""11798"", ""d1"": ""1"", ""d2"": ""1"", ""gpu_us"": ""2600"", ""num_edges"": ""1000000"", ""num_nodes"": ""1000000"", ""num_pieces"": ""1"", ""num_spaces"": ""4"", ""op"": ""preimage"", ""sparse_factor"": ""1""}","{""d1"": ""1"", ""d2"": ""1"", ""gpu_host_fallback"": ""1"", ""gpu_input_rects"": ""2"", ""gpu_oom_backoffs"": ""2"", ""gpu_scratch_bytes"": ""66000000"", ""gpu_tiles"": ""2"", ""op"": ""preimage"", ""path"": ""ptrs""}",912,0,block_random,1024,2600,11798,ptrs
tile_sweep_publication,preimage,1d,dense,1,10,3,gpu_source,gpu_us,2,2,1,2,66000000,2,1,1,1000000,1000000,4,1,0,4.543878,/pscratch/sd/r/rchanani/realm/build_pm_deppart/tests/benchmark -ll:gpu 1 -ll:cpu 1 -ll:fsize 8192 -dp:workers 1 -dp:hpool 256 -nocheck -block_random -block_volume 1024 -dp:noisectopt -d1 1 -d2 1 preimage -n 1000000 -e 1000000 -p 1 -s 4 -f 1 -b 10,"{""buffer_size"": ""10"", ""cpu_us"": ""6460"", ""d1"": ""1"", ""d2"": ""1"", ""gpu_us"": ""2763"", ""num_edges"": ""1000000"", ""num_nodes"": ""1000000"", ""num_pieces"": ""1"", ""num_spaces"": ""4"", ""op"": ""preimage"", ""sparse_factor"": ""1""}","{""d1"": ""1"", ""d2"": ""1"", ""gpu_host_fallback"": ""1"", ""gpu_input_rects"": ""2"", ""gpu_oom_backoffs"": ""2"", ""gpu_scratch_bytes"": ""66000000"", ""gpu_tiles"": ""2"", ""op"": ""preimage"", ""path"": ""ptrs""}",913,1,block_random,1024,2763,6460,ptrs
tile_sweep_publication,preimage,1d,dense,1,15,3,cpu_source,cpu_us,1,0,0,1,98000000,2,1,1,1000000,1000000,4,1,0,4.593708,/pscratch/sd/r/rchanani/realm/build_pm_deppart/tests/benchmark -ll:gpu 1 -ll:cpu 1 -ll:fsize 8192 -dp:workers 1 -dp:hpool 256 -nocheck -block_random -block_volume 1024 -d1 1 -d2 1 preimage -n 1000000 -e 1000000 -p 1 -s 4 -f 1 -b 15,"{""buffer_size"": ""15"", ""cpu_us"": ""12064"", ""d1"": ""1"", ""d2"": ""1"", ""gpu_us"": ""1341"", ""num_edges"": ""1000000"", ""num_nodes"": ""1000000"", ""num_pieces"": ""1"", ""num_spaces"": ""4"", ""op"": ""preimage"", ""sparse_factor"": ""1""}","{""d1"": ""1"", ""d2"": ""1"", ""gpu_host_fallback"": ""0"", ""gpu_input_rects"": ""1"", ""gpu_oom_backoffs"": ""0"", ""gpu_scratch_bytes"": ""98000000"", ""gpu_tiles"": ""1"", ""op"": ""preimage"", ""path"": ""ptrs""}",914,2,block_random,1024,1341,12064,ptrs
tile_sweep_publication,preimage,1d,dense,1,15,3,gpu_source,gpu_us,1,0,0,1,98000000,2,1,1,1000000,1000000,4,1,0,4.424455,/pscratch/sd/r/rchanani/realm/build_pm_deppart/tests/benchmark -ll:gpu 1 -ll:cpu 1 -ll:fsize 8192 -dp:workers 1 -dp:hpool 256 -nocheck -block_random -block_volume 1024 -dp:noisectopt -d1 1 -d2 1 preimage -n 1000000 -e 1000000 -p 1 -s 4 -f 1 -b 15,"{""buffer_size"": ""15"", ""cpu_us"": ""7206"", ""d1"": ""1"", ""d2"": ""1"", ""gpu_us"": ""1250"", ""num_edges"": ""1000000"", ""num_nodes"": ""1000000"", ""num_pieces"": ""1"", ""num_spaces"": ""4"", ""op"": ""preimage"", ""sparse_factor"": ""1""}","{""d1"": ""1"", ""d2"": ""1"", ""gpu_host_fallback"": ""0"", ""gpu_input_rects"": ""1"", ""gpu_oom_backoffs"": ""0"", ""gpu_scratch_bytes"": ""98000000"", ""gpu_tiles"": ""1"", ""op"": ""preimage"", ""path"": ""ptrs""}",915,3,block_random,1024,1250,7206,ptrs
tile_sweep_publication,preimage,1d,dense,1,20,3,cpu_source,cpu_us,1,0,0,1,130000000,2,1,1,1000000,1000000,4,1,0,4.359929,/pscratch/sd/r/rchanani/realm/build_pm_deppart/tests/benchmark -ll:gpu 1 -ll:cpu 1 -ll:fsize 8192 -dp:workers 1 -dp:hpool 256 -nocheck -block_random -block_volume 1024 -d1 1 -d2 1 preimage -n 1000000 -e 1000000 -p 1 -s 4 -f 1 -b 20,"{""buffer_size"": ""20"", ""cpu_us"": ""12063"", ""d1"": ""1"", ""d2"": ""1"", ""gpu_us"": ""1166"", ""num_edges"": ""1000000"", ""num_nodes"": ""1000000"", ""num_pieces"": ""1"", ""num_spaces"": ""4"", ""op"": ""preimage"", ""sparse_factor"": ""1""}","{""d1"": ""1"", ""d2"": ""1"", ""gpu_host_fallback"": ""0"", ""gpu_input_rects"": ""1"", ""gpu_oom_backoffs"": ""0"", ""gpu_scratch_bytes"": ""130000000"", ""gpu_tiles"": ""1"", ""op"": ""preimage"", ""path"": ""ptrs""}",916,0,block_random,1024,1166,12063,ptrs
tile_sweep_publication,preimage,1d,dense,1,20,3,gpu_source,gpu_us,1,0,0,1,130000000,2,1,1,1000000,1000000,4,1,0,4.472915,/pscratch/sd/r/rchanani/realm/build_pm_deppart/tests/benchmark -ll:gpu 1 -ll:cpu 1 -ll:fsize 8192 -dp:workers 1 -dp:hpool 256 -nocheck -block_random -block_volume 1024 -dp:noisectopt -d1 1 -d2 1 preimage -n 1000000 -e 1000000 -p 1 -s 4 -f 1 -b 20,"{""buffer_size"": ""20"", ""cpu_us"": ""6690"", ""d1"": ""1"", ""d2"": ""1"", ""gpu_us"": ""1212"", ""num_edges"": ""1000000"", ""num_nodes"": ""1000000"", ""num_pieces"": ""1"", ""num_spaces"": ""4"", ""op"": ""preimage"", ""sparse_factor"": ""1""}","{""d1"": ""1"", ""d2"": ""1"", ""gpu_host_fallback"": ""0"", ""gpu_input_rects"": ""1"", ""gpu_oom_backoffs"": ""0"", ""gpu_scratch_bytes"": ""130000000"", ""gpu_tiles"": ""1"", ""op"": ""preimage"", ""path"": ""ptrs""}",917,1,block_random,1024,1212,6690,ptrs
tile_sweep_publication,preimage,1d,dense,1,25,3,cpu_source,cpu_us,1,0,0,1,162000000,2,1,1,1000000,1000000,4,1,0,4.582189,/pscratch/sd/r/rchanani/realm/build_pm_deppart/tests/benchmark -ll:gpu 1 -ll:cpu 1 -ll:fsize 8192 -dp:workers 1 -dp:hpool 256 -nocheck -block_random -block_volume 1024 -d1 1 -d2 1 preimage -n 1000000 -e 1000000 -p 1 -s 4 -f 1 -b 25,"{""buffer_size"": ""25"", ""cpu_us"": ""12186"", ""d1"": ""1"", ""d2"": ""1"", ""gpu_us"": ""1219"", ""num_edges"": ""1000000"", ""num_nodes"": ""1000000"", ""num_pieces"": ""1"", ""num_spaces"": ""4"", ""op"": ""preimage"", ""sparse_factor"": ""1""}","{""d1"": ""1"", ""d2"": ""1"", ""gpu_host_fallback"": ""0"", ""gpu_input_rects"": ""1"", ""gpu_oom_backoffs"": ""0"", ""gpu_scratch_bytes"": ""162000000"", ""gpu_tiles"": ""1"", ""op"": ""preimage"", ""path"": ""ptrs""}",918,2,block_random,1024,1219,12186,ptrs
tile_sweep_publication,preimage,1d,dense,1,25,3,gpu_source,gpu_us,1,0,0,1,162000000,2,1,1,1000000,1000000,4,1,0,4.378474,/pscratch/sd/r/rchanani/realm/build_pm_deppart/tests/benchmark -ll:gpu 1 -ll:cpu 1 -ll:fsize 8192 -dp:workers 1 -dp:hpool 256 -nocheck -block_random -block_volume 1024 -dp:noisectopt -d1 1 -d2 1 preimage -n 1000000 -e 1000000 -p 1 -s 4 -f 1 -b 25,"{""buffer_size"": ""25"", ""cpu_us"": ""6686"", ""d1"": ""1"", ""d2"": ""1"", ""gpu_us"": ""1181"", ""num_edges"": ""1000000"", ""num_nodes"": ""1000000"", ""num_pieces"": ""1"", ""num_spaces"": ""4"", ""op"": ""preimage"", ""sparse_factor"": ""1""}","{""d1"": ""1"", ""d2"": ""1"", ""gpu_host_fallback"": ""0"", ""gpu_input_rects"": ""1"", ""gpu_oom_backoffs"": ""0"", ""gpu_scratch_bytes"": ""162000000"", ""gpu_tiles"": ""1"", ""op"": ""preimage"", ""path"": ""ptrs""}",919,3,block_random,1024,1181,6686,ptrs
tile_sweep_publication,preimage,1d,dense,1,30,3,cpu_source,cpu_us,1,0,0,1,194000000,2,1,1,1000000,1000000,4,1,0,4.321061,/pscratch/sd/r/rchanani/realm/build_pm_deppart/tests/benchmark -ll:gpu 1 -ll:cpu 1 -ll:fsize 8192 -dp:workers 1 -dp:hpool 256 -nocheck -block_random -block_volume 1024 -d1 1 -d2 1 preimage -n 1000000 -e 1000000 -p 1 -s 4 -f 1 -b 30,"{""buffer_size"": ""30"", ""cpu_us"": ""12519"", ""d1"": ""1"", ""d2"": ""1"", ""gpu_us"": ""1173"", ""num_edges"": ""1000000"", ""num_nodes"": ""1000000"", ""num_pieces"": ""1"", ""num_spaces"": ""4"", ""op"": ""preimage"", ""sparse_factor"": ""1""}","{""d1"": ""1"", ""d2"": ""1"", ""gpu_host_fallback"": ""0"", ""gpu_input_rects"": ""1"", ""gpu_oom_backoffs"": ""0"", ""gpu_scratch_bytes"": ""194000000"", ""gpu_tiles"": ""1"", ""op"": ""preimage"", ""path"": ""ptrs""}",920,0,block_random,1024,1173,12519,ptrs
tile_sweep_publication,preimage,1d,dense,1,30,3,gpu_source,gpu_us,1,0,0,1,194000000,2,1,1,1000000,1000000,4,1,0,4.534085,/pscratch/sd/r/rchanani/realm/build_pm_deppart/tests/benchmark -ll:gpu 1 -ll:cpu 1 -ll:fsize 8192 -dp:workers 1 -dp:hpool 256 -nocheck -block_random -block_volume 1024 -dp:noisectopt -d1 1 -d2 1 preimage -n 1000000 -e 1000000 -p 1 -s 4 -f 1 -b 30,"{""buffer_size"": ""30"", ""cpu_us"": ""7011"", ""d1"": ""1"", ""d2"": ""1"", ""gpu_us"": ""1201"", ""num_edges"": ""1000000"", ""num_nodes"": ""1000000"", ""num_pieces"": ""1"", ""num_spaces"": ""4"", ""op"": ""preimage"", ""sparse_factor"": ""1""}","{""d1"": ""1"", ""d2"": ""1"", ""gpu_host_fallback"": ""0"", ""gpu_input_rects"": ""1"", ""gpu_oom_backoffs"": ""0"", ""gpu_scratch_bytes"": ""194000000"", ""gpu_tiles"": ""1"", ""op"": ""preimage"", ""path"": ""ptrs""}",921,1,block_random,1024,1201,7011,ptrs
tile_sweep_publication,preimage,1d,dense,1,40,3,cpu_source,cpu_us,1,0,0,1,258000000,2,1,1,1000000,1000000,4,1,0,4.677837,/pscratch/sd/r/rchanani/realm/build_pm_deppart/tests/benchmark -ll:gpu 1 -ll:cpu 1 -ll:fsize 8192 -dp:workers 1 -dp:hpool 256 -nocheck -block_random -block_volume 1024 -d1 1 -d2 1 preimage -n 1000000 -e 1000000 -p 1 -s 4 -f 1 -b 40,"{""buffer_size"": ""40"", ""cpu_us"": ""11993"", ""d1"": ""1"", ""d2"": ""1"", ""gpu_us"": ""1290"", ""num_edges"": ""1000000"", ""num_nodes"": ""1000000"", ""num_pieces"": ""1"", ""num_spaces"": ""4"", ""op"": ""preimage"", ""sparse_factor"": ""1""}","{""d1"": ""1"", ""d2"": ""1"", ""gpu_host_fallback"": ""0"", ""gpu_input_rects"": ""1"", ""gpu_oom_backoffs"": ""0"", ""gpu_scratch_bytes"": ""258000000"", ""gpu_tiles"": ""1"", ""op"": ""preimage"", ""path"": ""ptrs""}",922,2,block_random,1024,1290,11993,ptrs
tile_sweep_publication,preimage,1d,dense,1,40,3,gpu_source,gpu_us,1,0,0,1,258000000,2,1,1,1000000,1000000,4,1,0,4.368947,/pscratch/sd/r/rchanani/realm/build_pm_deppart/tests/benchmark -ll:gpu 1 -ll:cpu 1 -ll:fsize 8192 -dp:workers 1 -dp:hpool 256 -nocheck -block_random -block_volume 1024 -dp:noisectopt -d1 1 -d2 1 preimage -n 1000000 -e 1000000 -p 1 -s 4 -f 1 -b 40,"{""buffer_size"": ""40"", ""cpu_us"": ""6581"", ""d1"": ""1"", ""d2"": ""1"", ""gpu_us"": ""1351"", ""num_edges"": ""1000000"", ""num_nodes"": ""1000000"", ""num_pieces"": ""1"", ""num_spaces"": ""4"", ""op"": ""preimage"", ""sparse_factor"": ""1""}","{""d1"": ""1"", ""d2"": ""1"", ""gpu_host_fallback"": ""0"", ""gpu_input_rects"": ""1"", ""gpu_oom_backoffs"": ""0"", ""gpu_scratch_bytes"": ""258000000"", ""gpu_tiles"": ""1"", ""op"": ""preimage"", ""path"": ""ptrs""}",923,3,block_random,1024,1351,6581,ptrs
tile_sweep_publication,preimage,1d,dense,1,50,3,cpu_source,cpu_us,1,0,0,1,322000000,2,1,1,1000000,1000000,4,1,0,4.374334,/pscratch/sd/r/rchanani/realm/build_pm_deppart/tests/benchmark -ll:gpu 1 -ll:cpu 1 -ll:fsize 8192 -dp:workers 1 -dp:hpool 256 -nocheck -block_random -block_volume 1024 -d1 1 -d2 1 preimage -n 1000000 -e 1000000 -p 1 -s 4 -f 1 -b 50,"{""buffer_size"": ""50"", ""cpu_us"": ""13336"", ""d1"": ""1"", ""d2"": ""1"", ""gpu_us"": ""1307"", ""num_edges"": ""1000000"", ""num_nodes"": ""1000000"", ""num_pieces"": ""1"", ""num_spaces"": ""4"", ""op"": ""preimage"", ""sparse_factor"": ""1""}","{""d1"": ""1"", ""d2"": ""1"", ""gpu_host_fallback"": ""0"", ""gpu_input_rects"": ""1"", ""gpu_oom_backoffs"": ""0"", ""gpu_scratch_bytes"": ""322000000"", ""gpu_tiles"": ""1"", ""op"": ""preimage"", ""path"": ""ptrs""}",924,0,block_random,1024,1307,13336,ptrs
tile_sweep_publication,preimage,1d,dense,1,50,3,gpu_source,gpu_us,1,0,0,1,322000000,2,1,1,1000000,1000000,4,1,0,4.498233,/pscratch/sd/r/rchanani/realm/build_pm_deppart/tests/benchmark -ll:gpu 1 -ll:cpu 1 -ll:fsize 8192 -dp:workers 1 -dp:hpool 256 -nocheck -block_random -block_volume 1024 -dp:noisectopt -d1 1 -d2 1 preimage -n 1000000 -e 1000000 -p 1 -s 4 -f 1 -b 50,"{""buffer_size"": ""50"", ""cpu_us"": ""12012"", ""d1"": ""1"", ""d2"": ""1"", ""gpu_us"": ""1456"", ""num_edges"": ""1000000"", ""num_nodes"": ""1000000"", ""num_pieces"": ""1"", ""num_spaces"": ""4"", ""op"": ""preimage"", ""sparse_factor"": ""1""}","{""d1"": ""1"", ""d2"": ""1"", ""gpu_host_fallback"": ""0"", ""gpu_input_rects"": ""1"", ""gpu_oom_backoffs"": ""0"", ""gpu_scratch_bytes"": ""322000000"", ""gpu_tiles"": ""1"", ""op"": ""preimage"", ""path"": ""ptrs""}",925,1,block_random,1024,1456,12012,ptrs
tile_sweep_publication,preimage,1d,dense,1,75,3,cpu_source,cpu_us,1,0,0,1,482000000,2,1,1,1000000,1000000,4,1,0,4.624890,/pscratch/sd/r/rchanani/realm/build_pm_deppart/tests/benchmark -ll:gpu 1 -ll:cpu 1 -ll:fsize 8192 -dp:workers 1 -dp:hpool 256 -nocheck -block_random -block_volume 1024 -d1 1 -d2 1 preimage -n 1000000 -e 1000000 -p 1 -s 4 -f 1 -b 75,"{""buffer_size"": ""75"", ""cpu_us"": ""12390"", ""d1"": ""1"", ""d2"": ""1"", ""gpu_us"": ""1223"", ""num_edges"": ""1000000"", ""num_nodes"": ""1000000"", ""num_pieces"": ""1"", ""num_spaces"": ""4"", ""op"": ""preimage"", ""sparse_factor"": ""1""}","{""d1"": ""1"", ""d2"": ""1"", ""gpu_host_fallback"": ""0"", ""gpu_input_rects"": ""1"", ""gpu_oom_backoffs"": ""0"", ""gpu_scratch_bytes"": ""482000000"", ""gpu_tiles"": ""1"", ""op"": ""preimage"", ""path"": ""ptrs""}",926,2,block_random,1024,1223,12390,ptrs
tile_sweep_publication,preimage,1d,dense,1,75,3,gpu_source,gpu_us,1,0,0,1,482000000,2,1,1,1000000,1000000,4,1,0,4.359900,/pscratch/sd/r/rchanani/realm/build_pm_deppart/tests/benchmark -ll:gpu 1 -ll:cpu 1 -ll:fsize 8192 -dp:workers 1 -dp:hpool 256 -nocheck -block_random -block_volume 1024 -dp:noisectopt -d1 1 -d2 1 preimage -n 1000000 -e 1000000 -p 1 -s 4 -f 1 -b 75,"{""buffer_size"": ""75"", ""cpu_us"": ""6472"", ""d1"": ""1"", ""d2"": ""1"", ""gpu_us"": ""1171"", ""num_edges"": ""1000000"", ""num_nodes"": ""1000000"", ""num_pieces"": ""1"", ""num_spaces"": ""4"", ""op"": ""preimage"", ""sparse_factor"": ""1""}","{""d1"": ""1"", ""d2"": ""1"", ""gpu_host_fallback"": ""0"", ""gpu_input_rects"": ""1"", ""gpu_oom_backoffs"": ""0"", ""gpu_scratch_bytes"": ""482000000"", ""gpu_tiles"": ""1"", ""op"": ""preimage"", ""path"": ""ptrs""}",927,3,block_random,1024,1171,6472,ptrs
tile_sweep_publication,preimage,1d,dense,1,100,3,cpu_source,cpu_us,1,0,0,1,642000000,2,1,1,1000000,1000000,4,1,0,4.391902,/pscratch/sd/r/rchanani/realm/build_pm_deppart/tests/benchmark -ll:gpu 1 -ll:cpu 1 -ll:fsize 8192 -dp:workers 1 -dp:hpool 256 -nocheck -block_random -block_volume 1024 -d1 1 -d2 1 preimage -n 1000000 -e 1000000 -p 1 -s 4 -f 1 -b 100,"{""buffer_size"": ""100"", ""cpu_us"": ""12069"", ""d1"": ""1"", ""d2"": ""1"", ""gpu_us"": ""1351"", ""num_edges"": ""1000000"", ""num_nodes"": ""1000000"", ""num_pieces"": ""1"", ""num_spaces"": ""4"", ""op"": ""preimage"", ""sparse_factor"": ""1""}","{""d1"": ""1"", ""d2"": ""1"", ""gpu_host_fallback"": ""0"", ""gpu_input_rects"": ""1"", ""gpu_oom_backoffs"": ""0"", ""gpu_scratch_bytes"": ""642000000"", ""gpu_tiles"": ""1"", ""op"": ""preimage"", ""path"": ""ptrs""}",928,0,block_random,1024,1351,12069,ptrs
tile_sweep_publication,preimage,1d,dense,1,100,3,gpu_source,gpu_us,1,0,0,1,642000000,2,1,1,1000000,1000000,4,1,0,4.589617,/pscratch/sd/r/rchanani/realm/build_pm_deppart/tests/benchmark -ll:gpu 1 -ll:cpu 1 -ll:fsize 8192 -dp:workers 1 -dp:hpool 256 -nocheck -block_random -block_volume 1024 -dp:noisectopt -d1 1 -d2 1 preimage -n 1000000 -e 1000000 -p 1 -s 4 -f 1 -b 100,"{""buffer_size"": ""100"", ""cpu_us"": ""6442"", ""d1"": ""1"", ""d2"": ""1"", ""gpu_us"": ""1294"", ""num_edges"": ""1000000"", ""num_nodes"": ""1000000"", ""num_pieces"": ""1"", ""num_spaces"": ""4"", ""op"": ""preimage"", ""sparse_factor"": ""1""}","{""d1"": ""1"", ""d2"": ""1"", ""gpu_host_fallback"": ""0"", ""gpu_input_rects"": ""1"", ""gpu_oom_backoffs"": ""0"", ""gpu_scratch_bytes"": ""642000000"", ""gpu_tiles"": ""1"", ""op"": ""preimage"", ""path"": ""ptrs""}",929,1,block_random,1024,1294,6442,ptrs
tile_sweep_publication,preimage,1d,sparse,5,1,3,cpu_source,cpu_us,1,1,1,1,21619760,2,1,1,1000000,1000000,4,1,0,4.828878,/pscratch/sd/r/rchanani/realm/build_pm_deppart/tests/benchmark -ll:gpu 1 -ll:cpu 1 -ll:fsize 8192 -dp:workers 1 -dp:hpool 256 -nocheck -block_random -block_volume 1024 -d1 1 -d2 1 preimage -n 1000000 -e 1000000 -p 1 -s 4 -f 5 -b 1,"{""buffer_size"": ""1"", ""cpu_us"": ""137559"", ""d1"": ""1"", ""d2"": ""1"", ""gpu_us"": ""33674"", ""num_edges"": ""1000000"", ""num_nodes"": ""1000000"", ""num_pieces"": ""1"", ""num_spaces"": ""4"", ""op"": ""preimage"", ""sparse_factor"": ""5""}","{""d1"": ""1"", ""d2"": ""1"", ""gpu_host_fallback"": ""1"", ""gpu_input_rects"": ""1"", ""gpu_oom_backoffs"": ""1"", ""gpu_scratch_bytes"": ""21619760"", ""gpu_tiles"": ""1"", ""op"": ""preimage"", ""path"": ""ptrs""}",930,2,block_random,1024,33674,137559,ptrs
tile_sweep_publication,preimage,1d,sparse,5,1,3,gpu_source,gpu_us,1,1,1,1,21619760,2,1,1,1000000,1000000,4,1,0,4.656943,/pscratch/sd/r/rchanani/realm/build_pm_deppart/tests/benchmark -ll:gpu 1 -ll:cpu 1 -ll:fsize 8192 -dp:workers 1 -dp:hpool 256 -nocheck -block_random -block_volume 1024 -dp:noisectopt -d1 1 -d2 1 preimage -n 1000000 -e 1000000 -p 1 -s 4 -f 5 -b 1,"{""buffer_size"": ""1"", ""cpu_us"": ""130090"", ""d1"": ""1"", ""d2"": ""1"", ""gpu_us"": ""37842"", ""num_edges"": ""1000000"", ""num_nodes"": ""1000000"", ""num_pieces"": ""1"", ""num_spaces"": ""4"", ""op"": ""preimage"", ""sparse_factor"": ""5""}","{""d1"": ""1"", ""d2"": ""1"", ""gpu_host_fallback"": ""1"", ""gpu_input_rects"": ""1"", ""gpu_oom_backoffs"": ""1"", ""gpu_scratch_bytes"": ""21619760"", ""gpu_tiles"": ""1"", ""op"": ""preimage"", ""path"": ""ptrs""}",931,3,block_random,1024,37842,130090,ptrs
tile_sweep_publication,preimage,1d,sparse,5,2,3,cpu_source,cpu_us,1,0,0,1,28019760,2,1,1,1000000,1000000,4,1,0,4.555708,/pscratch/sd/r/rchanani/realm/build_pm_deppart/tests/benchmark -ll:gpu 1 -ll:cpu 1 -ll:fsize 8192 -dp:workers 1 -dp:hpool 256 -nocheck -block_random -block_volume 1024 -d1 1 -d2 1 preimage -n 1000000 -e 1000000 -p 1 -s 4 -f 5 -b 2,"{""buffer_size"": ""2"", ""cpu_us"": ""136796"", ""d1"": ""1"", ""d2"": ""1"", ""gpu_us"": ""3268"", ""num_edges"": ""1000000"", ""num_nodes"": ""1000000"", ""num_pieces"": ""1"", ""num_spaces"": ""4"", ""op"": ""preimage"", ""sparse_factor"": ""5""}","{""d1"": ""1"", ""d2"": ""1"", ""gpu_host_fallback"": ""0"", ""gpu_input_rects"": ""1"", ""gpu_oom_backoffs"": ""0"", ""gpu_scratch_bytes"": ""28019760"", ""gpu_tiles"": ""1"", ""op"": ""preimage"", ""path"": ""ptrs""}",932,0,block_random,1024,3268,136796,ptrs
tile_sweep_publication,preimage,1d,sparse,5,2,3,gpu_source,gpu_us,1,0,0,1,28019760,2,1,1,1000000,1000000,4,1,0,4.738785,/pscratch/sd/r/rchanani/realm/build_pm_deppart/tests/benchmark -ll:gpu 1 -ll:cpu 1 -ll:fsize 8192 -dp:workers 1 -dp:hpool 256 -nocheck -block_random -block_volume 1024 -dp:noisectopt -d1 1 -d2 1 preimage -n 1000000 -e 1000000 -p 1 -s 4 -f 5 -b 2,"{""buffer_size"": ""2"", ""cpu_us"": ""131760"", ""d1"": ""1"", ""d2"": ""1"", ""gpu_us"": ""3309"", ""num_edges"": ""1000000"", ""num_nodes"": ""1000000"", ""num_pieces"": ""1"", ""num_spaces"": ""4"", ""op"": ""preimage"", ""sparse_factor"": ""5""}","{""d1"": ""1"", ""d2"": ""1"", ""gpu_host_fallback"": ""0"", ""gpu_input_rects"": ""1"", ""gpu_oom_backoffs"": ""0"", ""gpu_scratch_bytes"": ""28019760"", ""gpu_tiles"": ""1"", ""op"": ""preimage"", ""path"": ""ptrs""}",933,1,block_random,1024,3309,131760,ptrs
tile_sweep_publication,preimage,1d,sparse,5,3,3,cpu_source,cpu_us,1,0,0,1,34419760,2,1,1,1000000,1000000,4,1,0,4.677097,/pscratch/sd/r/rchanani/realm/build_pm_deppart/tests/benchmark -ll:gpu 1 -ll:cpu 1 -ll:fsize 8192 -dp:workers 1 -dp:hpool 256 -nocheck -block_random -block_volume 1024 -d1 1 -d2 1 preimage -n 1000000 -e 1000000 -p 1 -s 4 -f 5 -b 3,"{""buffer_size"": ""3"", ""cpu_us"": ""137088"", ""d1"": ""1"", ""d2"": ""1"", ""gpu_us"": ""3392"", ""num_edges"": ""1000000"", ""num_nodes"": ""1000000"", ""num_pieces"": ""1"", ""num_spaces"": ""4"", ""op"": ""preimage"", ""sparse_factor"": ""5""}","{""d1"": ""1"", ""d2"": ""1"", ""gpu_host_fallback"": ""0"", ""gpu_input_rects"": ""1"", ""gpu_oom_backoffs"": ""0"", ""gpu_scratch_bytes"": ""34419760"", ""gpu_tiles"": ""1"", ""op"": ""preimage"", ""path"": ""ptrs""}",934,2,block_random,1024,3392,137088,ptrs
tile_sweep_publication,preimage,1d,sparse,5,3,3,gpu_source,gpu_us,1,0,0,1,34419760,2,1,1,1000000,1000000,4,1,0,4.546459,/pscratch/sd/r/rchanani/realm/build_pm_deppart/tests/benchmark -ll:gpu 1 -ll:cpu 1 -ll:fsize 8192 -dp:workers 1 -dp:hpool 256 -nocheck -block_random -block_volume 1024 -dp:noisectopt -d1 1 -d2 1 preimage -n 1000000 -e 1000000 -p 1 -s 4 -f 5 -b 3,"{""buffer_size"": ""3"", ""cpu_us"": ""131388"", ""d1"": ""1"", ""d2"": ""1"", ""gpu_us"": ""3440"", ""num_edges"": ""1000000"", ""num_nodes"": ""1000000"", ""num_pieces"": ""1"", ""num_spaces"": ""4"", ""op"": ""preimage"", ""sparse_factor"": ""5""}","{""d1"": ""1"", ""d2"": ""1"", ""gpu_host_fallback"": ""0"", ""gpu_input_rects"": ""1"", ""gpu_oom_backoffs"": ""0"", ""gpu_scratch_bytes"": ""34419760"", ""gpu_tiles"": ""1"", ""op"": ""preimage"", ""path"": ""ptrs""}",935,3,block_random,1024,3440,131388,ptrs
tile_sweep_publication,preimage,1d,sparse,5,4,3,cpu_source,cpu_us,1,0,0,1,40819760,2,1,1,1000000,1000000,4,1,0,4.554744,/pscratch/sd/r/rchanani/realm/build_pm_deppart/tests/benchmark -ll:gpu 1 -ll:cpu 1 -ll:fsize 8192 -dp:workers 1 -dp:hpool 256 -nocheck -block_random -block_volume 1024 -d1 1 -d2 1 preimage -n 1000000 -e 1000000 -p 1 -s 4 -f 5 -b 4,"{""buffer_size"": ""4"", ""cpu_us"": ""136467"", ""d1"": ""1"", ""d2"": ""1"", ""gpu_us"": ""3293"", ""num_edges"": ""1000000"", ""num_nodes"": ""1000000"", ""num_pieces"": ""1"", ""num_spaces"": ""4"", ""op"": ""preimage"", ""sparse_factor"": ""5""}","{""d1"": ""1"", ""d2"": ""1"", ""gpu_host_fallback"": ""0"", ""gpu_input_rects"": ""1"", ""gpu_oom_backoffs"": ""0"", ""gpu_scratch_bytes"": ""40819760"", ""gpu_tiles"": ""1"", ""op"": ""preimage"", ""path"": ""ptrs""}",936,0,block_random,1024,3293,136467,ptrs
tile_sweep_publication,preimage,1d,sparse,5,4,3,gpu_source,gpu_us,1,0,0,1,40819760,2,1,1,1000000,1000000,4,1,0,4.682229,/pscratch/sd/r/rchanani/realm/build_pm_deppart/tests/benchmark -ll:gpu 1 -ll:cpu 1 -ll:fsize 8192 -dp:workers 1 -dp:hpool 256 -nocheck -block_random -block_volume 1024 -dp:noisectopt -d1 1 -d2 1 preimage -n 1000000 -e 1000000 -p 1 -s 4 -f 5 -b 4,"{""buffer_size"": ""4"", ""cpu_us"": ""133402"", ""d1"": ""1"", ""d2"": ""1"", ""gpu_us"": ""3349"", ""num_edges"": ""1000000"", ""num_nodes"": ""1000000"", ""num_pieces"": ""1"", ""num_spaces"": ""4"", ""op"": ""preimage"", ""sparse_factor"": ""5""}","{""d1"": ""1"", ""d2"": ""1"", ""gpu_host_fallback"": ""0"", ""gpu_input_rects"": ""1"", ""gpu_oom_backoffs"": ""0"", ""gpu_scratch_bytes"": ""40819760"", ""gpu_tiles"": ""1"", ""op"": ""preimage"", ""path"": ""ptrs""}",937,1,block_random,1024,3349,133402,ptrs
tile_sweep_publication,preimage,1d,sparse,5,5,3,cpu_source,cpu_us,1,0,0,1,47219760,2,1,1,1000000,1000000,4,1,0,4.872051,/pscratch/sd/r/rchanani/realm/build_pm_deppart/tests/benchmark -ll:gpu 1 -ll:cpu 1 -ll:fsize 8192 -dp:workers 1 -dp:hpool 256 -nocheck -block_random -block_volume 1024 -d1 1 -d2 1 preimage -n 1000000 -e 1000000 -p 1 -s 4 -f 5 -b 5,"{""buffer_size"": ""5"", ""cpu_us"": ""138355"", ""d1"": ""1"", ""d2"": ""1"", ""gpu_us"": ""3353"", ""num_edges"": ""1000000"", ""num_nodes"": ""1000000"", ""num_pieces"": ""1"", ""num_spaces"": ""4"", ""op"": ""preimage"", ""sparse_factor"": ""5""}","{""d1"": ""1"", ""d2"": ""1"", ""gpu_host_fallback"": ""0"", ""gpu_input_rects"": ""1"", ""gpu_oom_backoffs"": ""0"", ""gpu_scratch_bytes"": ""47219760"", ""gpu_tiles"": ""1"", ""op"": ""preimage"", ""path"": ""ptrs""}",938,2,block_random,1024,3353,138355,ptrs
tile_sweep_publication,preimage,1d,sparse,5,5,3,gpu_source,gpu_us,1,0,0,1,47219760,2,1,1,1000000,1000000,4,1,0,4.579103,/pscratch/sd/r/rchanani/realm/build_pm_deppart/tests/benchmark -ll:gpu 1 -ll:cpu 1 -ll:fsize 8192 -dp:workers 1 -dp:hpool 256 -nocheck -block_random -block_volume 1024 -dp:noisectopt -d1 1 -d2 1 preimage -n 1000000 -e 1000000 -p 1 -s 4 -f 5 -b 5,"{""buffer_size"": ""5"", ""cpu_us"": ""131317"", ""d1"": ""1"", ""d2"": ""1"", ""gpu_us"": ""3456"", ""num_edges"": ""1000000"", ""num_nodes"": ""1000000"", ""num_pieces"": ""1"", ""num_spaces"": ""4"", ""op"": ""preimage"", ""sparse_factor"": ""5""}","{""d1"": ""1"", ""d2"": ""1"", ""gpu_host_fallback"": ""0"", ""gpu_input_rects"": ""1"", ""gpu_oom_backoffs"": ""0"", ""gpu_scratch_bytes"": ""47219760"", ""gpu_tiles"": ""1"", ""op"": ""preimage"", ""path"": ""ptrs""}",939,3,block_random,1024,3456,131317,ptrs
tile_sweep_publication,preimage,1d,sparse,5,7,3,cpu_source,cpu_us,1,0,0,1,60019760,2,1,1,1000000,1000000,4,1,0,4.515011,/pscratch/sd/r/rchanani/realm/build_pm_deppart/tests/benchmark -ll:gpu 1 -ll:cpu 1 -ll:fsize 8192 -dp:workers 1 -dp:hpool 256 -nocheck -block_random -block_volume 1024 -d1 1 -d2 1 preimage -n 1000000 -e 1000000 -p 1 -s 4 -f 5 -b 7,"{""buffer_size"": ""7"", ""cpu_us"": ""136812"", ""d1"": ""1"", ""d2"": ""1"", ""gpu_us"": ""3267"", ""num_edges"": ""1000000"", ""num_nodes"": ""1000000"", ""num_pieces"": ""1"", ""num_spaces"": ""4"", ""op"": ""preimage"", ""sparse_factor"": ""5""}","{""d1"": ""1"", ""d2"": ""1"", ""gpu_host_fallback"": ""0"", ""gpu_input_rects"": ""1"", ""gpu_oom_backoffs"": ""0"", ""gpu_scratch_bytes"": ""60019760"", ""gpu_tiles"": ""1"", ""op"": ""preimage"", ""path"": ""ptrs""}",940,0,block_random,1024,3267,136812,ptrs
tile_sweep_publication,preimage,1d,sparse,5,7,3,gpu_source,gpu_us,1,0,0,1,60019760,2,1,1,1000000,1000000,4,1,0,4.844707,/pscratch/sd/r/rchanani/realm/build_pm_deppart/tests/benchmark -ll:gpu 1 -ll:cpu 1 -ll:fsize 8192 -dp:workers 1 -dp:hpool 256 -nocheck -block_random -block_volume 1024 -dp:noisectopt -d1 1 -d2 1 preimage -n 1000000 -e 1000000 -p 1 -s 4 -f 5 -b 7,"{""buffer_size"": ""7"", ""cpu_us"": ""132725"", ""d1"": ""1"", ""d2"": ""1"", ""gpu_us"": ""3697"", ""num_edges"": ""1000000"", ""num_nodes"": ""1000000"", ""num_pieces"": ""1"", ""num_spaces"": ""4"", ""op"": ""preimage"", ""sparse_factor"": ""5""}","{""d1"": ""1"", ""d2"": ""1"", ""gpu_host_fallback"": ""0"", ""gpu_input_rects"": ""1"", ""gpu_oom_backoffs"": ""0"", ""gpu_scratch_bytes"": ""60019760"", ""gpu_tiles"": ""1"", ""op"": ""preimage"", ""path"": ""ptrs""}",941,1,block_random,1024,3697,132725,ptrs
tile_sweep_publication,preimage,1d,sparse,5,10,3,cpu_source,cpu_us,1,0,0,1,79219760,2,1,1,1000000,1000000,4,1,0,4.738032,/pscratch/sd/r/rchanani/realm/build_pm_deppart/tests/benchmark -ll:gpu 1 -ll:cpu 1 -ll:fsize 8192 -dp:workers 1 -dp:hpool 256 -nocheck -block_random -block_volume 1024 -d1 1 -d2 1 preimage -n 1000000 -e 1000000 -p 1 -s 4 -f 5 -b 10,"{""buffer_size"": ""10"", ""cpu_us"": ""140620"", ""d1"": ""1"", ""d2"": ""1"", ""gpu_us"": ""3668"", ""num_edges"": ""1000000"", ""num_nodes"": ""1000000"", ""num_pieces"": ""1"", ""num_spaces"": ""4"", ""op"": ""preimage"", ""sparse_factor"": ""5""}","{""d1"": ""1"", ""d2"": ""1"", ""gpu_host_fallback"": ""0"", ""gpu_input_rects"": ""1"", ""gpu_oom_backoffs"": ""0"", ""gpu_scratch_bytes"": ""79219760"", ""gpu_tiles"": ""1"", ""op"": ""preimage"", ""path"": ""ptrs""}",942,2,block_random,1024,3668,140620,ptrs
tile_sweep_publication,preimage,1d,sparse,5,10,3,gpu_source,gpu_us,1,0,0,1,79219760,2,1,1,1000000,1000000,4,1,0,4.576091,/pscratch/sd/r/rchanani/realm/build_pm_deppart/tests/benchmark -ll:gpu 1 -ll:cpu 1 -ll:fsize 8192 -dp:workers 1 -dp:hpool 256 -nocheck -block_random -block_volume 1024 -dp:noisectopt -d1 1 -d2 1 preimage -n 1000000 -e 1000000 -p 1 -s 4 -f 5 -b 10,"{""buffer_size"": ""10"", ""cpu_us"": ""135863"", ""d1"": ""1"", ""d2"": ""1"", ""gpu_us"": ""3272"", ""num_edges"": ""1000000"", ""num_nodes"": ""1000000"", ""num_pieces"": ""1"", ""num_spaces"": ""4"", ""op"": ""preimage"", ""sparse_factor"": ""5""}","{""d1"": ""1"", ""d2"": ""1"", ""gpu_host_fallback"": ""0"", ""gpu_input_rects"": ""1"", ""gpu_oom_backoffs"": ""0"", ""gpu_scratch_bytes"": ""79219760"", ""gpu_tiles"": ""1"", ""op"": ""preimage"", ""path"": ""ptrs""}",943,3,block_random,1024,3272,135863,ptrs
tile_sweep_publication,preimage,1d,sparse,5,15,3,cpu_source,cpu_us,1,0,0,1,111219760,2,1,1,1000000,1000000,4,1,0,4.531365,/pscratch/sd/r/rchanani/realm/build_pm_deppart/tests/benchmark -ll:gpu 1 -ll:cpu 1 -ll:fsize 8192 -dp:workers 1 -dp:hpool 256 -nocheck -block_random -block_volume 1024 -d1 1 -d2 1 preimage -n 1000000 -e 1000000 -p 1 -s 4 -f 5 -b 15,"{""buffer_size"": ""15"", ""cpu_us"": ""137563"", ""d1"": ""1"", ""d2"": ""1"", ""gpu_us"": ""3427"", ""num_edges"": ""1000000"", ""num_nodes"": ""1000000"", ""num_pieces"": ""1"", ""num_spaces"": ""4"", ""op"": ""preimage"", ""sparse_factor"": ""5""}","{""d1"": ""1"", ""d2"": ""1"", ""gpu_host_fallback"": ""0"", ""gpu_input_rects"": ""1"", ""gpu_oom_backoffs"": ""0"", ""gpu_scratch_bytes"": ""111219760"", ""gpu_tiles"": ""1"", ""op"": ""preimage"", ""path"": ""ptrs""}",944,0,block_random,1024,3427,137563,ptrs
tile_sweep_publication,preimage,1d,sparse,5,15,3,gpu_source,gpu_us,1,0,0,1,111219760,2,1,1,1000000,1000000,4,1,0,4.642022,/pscratch/sd/r/rchanani/realm/build_pm_deppart/tests/benchmark -ll:gpu 1 -ll:cpu 1 -ll:fsize 8192 -dp:workers 1 -dp:hpool 256 -nocheck -block_random -block_volume 1024 -dp:noisectopt -d1 1 -d2 1 preimage -n 1000000 -e 1000000 -p 1 -s 4 -f 5 -b 15,"{""buffer_size"": ""15"", ""cpu_us"": ""131510"", ""d1"": ""1"", ""d2"": ""1"", ""gpu_us"": ""3528"", ""num_edges"": ""1000000"", ""num_nodes"": ""1000000"", ""num_pieces"": ""1"", ""num_spaces"": ""4"", ""op"": ""preimage"", ""sparse_factor"": ""5""}","{""d1"": ""1"", ""d2"": ""1"", ""gpu_host_fallback"": ""0"", ""gpu_input_rects"": ""1"", ""gpu_oom_backoffs"": ""0"", ""gpu_scratch_bytes"": ""111219760"", ""gpu_tiles"": ""1"", ""op"": ""preimage"", ""path"": ""ptrs""}",945,1,block_random,1024,3528,131510,ptrs
tile_sweep_publication,preimage,1d,sparse,5,20,3,cpu_source,cpu_us,1,0,0,1,143219760,2,1,1,1000000,1000000,4,1,0,4.701823,/pscratch/sd/r/rchanani/realm/build_pm_deppart/tests/benchmark -ll:gpu 1 -ll:cpu 1 -ll:fsize 8192 -dp:workers 1 -dp:hpool 256 -nocheck -block_random -block_volume 1024 -d1 1 -d2 1 preimage -n 1000000 -e 1000000 -p 1 -s 4 -f 5 -b 20,"{""buffer_size"": ""20"", ""cpu_us"": ""137795"", ""d1"": ""1"", ""d2"": ""1"", ""gpu_us"": ""3775"", ""num_edges"": ""1000000"", ""num_nodes"": ""1000000"", ""num_pieces"": ""1"", ""num_spaces"": ""4"", ""op"": ""preimage"", ""sparse_factor"": ""5""}","{""d1"": ""1"", ""d2"": ""1"", ""gpu_host_fallback"": ""0"", ""gpu_input_rects"": ""1"", ""gpu_oom_backoffs"": ""0"", ""gpu_scratch_bytes"": ""143219760"", ""gpu_tiles"": ""1"", ""op"": ""preimage"", ""path"": ""ptrs""}",946,2,block_random,1024,3775,137795,ptrs
tile_sweep_publication,preimage,1d,sparse,5,20,3,gpu_source,gpu_us,1,0,0,1,143219760,2,1,1,1000000,1000000,4,1,0,4.584205,/pscratch/sd/r/rchanani/realm/build_pm_deppart/tests/benchmark -ll:gpu 1 -ll:cpu 1 -ll:fsize 8192 -dp:workers 1 -dp:hpool 256 -nocheck -block_random -block_volume 1024 -dp:noisectopt -d1 1 -d2 1 preimage -n 1000000 -e 1000000 -p 1 -s 4 -f 5 -b 20,"{""buffer_size"": ""20"", ""cpu_us"": ""130912"", ""d1"": ""1"", ""d2"": ""1"", ""gpu_us"": ""3155"", ""num_edges"": ""1000000"", ""num_nodes"": ""1000000"", ""num_pieces"": ""1"", ""num_spaces"": ""4"", ""op"": ""preimage"", ""sparse_factor"": ""5""}","{""d1"": ""1"", ""d2"": ""1"", ""gpu_host_fallback"": ""0"", ""gpu_input_rects"": ""1"", ""gpu_oom_backoffs"": ""0"", ""gpu_scratch_bytes"": ""143219760"", ""gpu_tiles"": ""1"", ""op"": ""preimage"", ""path"": ""ptrs""}",947,3,block_random,1024,3155,130912,ptrs
tile_sweep_publication,preimage,1d,sparse,5,25,3,cpu_source,cpu_us,1,0,0,1,175219760,2,1,1,1000000,1000000,4,1,0,4.568872,/pscratch/sd/r/rchanani/realm/build_pm_deppart/tests/benchmark -ll:gpu 1 -ll:cpu 1 -ll:fsize 8192 -dp:workers 1 -dp:hpool 256 -nocheck -block_random -block_volume 1024 -d1 1 -d2 1 preimage -n 1000000 -e 1000000 -p 1 -s 4 -f 5 -b 25,"{""buffer_size"": ""25"", ""cpu_us"": ""136915"", ""d1"": ""1"", ""d2"": ""1"", ""gpu_us"": ""3440"", ""num_edges"": ""1000000"", ""num_nodes"": ""1000000"", ""num_pieces"": ""1"", ""num_spaces"": ""4"", ""op"": ""preimage"", ""sparse_factor"": ""5""}","{""d1"": ""1"", ""d2"": ""1"", ""gpu_host_fallback"": ""0"", ""gpu_input_rects"": ""1"", ""gpu_oom_backoffs"": ""0"", ""gpu_scratch_bytes"": ""175219760"", ""gpu_tiles"": ""1"", ""op"": ""preimage"", ""path"": ""ptrs""}",948,0,block_random,1024,3440,136915,ptrs
tile_sweep_publication,preimage,1d,sparse,5,25,3,gpu_source,gpu_us,1,0,0,1,175219760,2,1,1,1000000,1000000,4,1,0,4.727567,/pscratch/sd/r/rchanani/realm/build_pm_deppart/tests/benchmark -ll:gpu 1 -ll:cpu 1 -ll:fsize 8192 -dp:workers 1 -dp:hpool 256 -nocheck -block_random -block_volume 1024 -dp:noisectopt -d1 1 -d2 1 preimage -n 1000000 -e 1000000 -p 1 -s 4 -f 5 -b 25,"{""buffer_size"": ""25"", ""cpu_us"": ""131308"", ""d1"": ""1"", ""d2"": ""1"", ""gpu_us"": ""3508"", ""num_edges"": ""1000000"", ""num_nodes"": ""1000000"", ""num_pieces"": ""1"", ""num_spaces"": ""4"", ""op"": ""preimage"", ""sparse_factor"": ""5""}","{""d1"": ""1"", ""d2"": ""1"", ""gpu_host_fallback"": ""0"", ""gpu_input_rects"": ""1"", ""gpu_oom_backoffs"": ""0"", ""gpu_scratch_bytes"": ""175219760"", ""gpu_tiles"": ""1"", ""op"": ""preimage"", ""path"": ""ptrs""}",949,1,block_random,1024,3508,131308,ptrs
tile_sweep_publication,preimage,1d,sparse,5,30,3,cpu_source,cpu_us,1,0,0,1,207219760,2,1,1,1000000,1000000,4,1,0,4.791249,/pscratch/sd/r/rchanani/realm/build_pm_deppart/tests/benchmark -ll:gpu 1 -ll:cpu 1 -ll:fsize 8192 -dp:workers 1 -dp:hpool 256 -nocheck -block_random -block_volume 1024 -d1 1 -d2 1 preimage -n 1000000 -e 1000000 -p 1 -s 4 -f 5 -b 30,"{""buffer_size"": ""30"", ""cpu_us"": ""138655"", ""d1"": ""1"", ""d2"": ""1"", ""gpu_us"": ""3468"", ""num_edges"": ""1000000"", ""num_nodes"": ""1000000"", ""num_pieces"": ""1"", ""num_spaces"": ""4"", ""op"": ""preimage"", ""sparse_factor"": ""5""}","{""d1"": ""1"", ""d2"": ""1"", ""gpu_host_fallback"": ""0"", ""gpu_input_rects"": ""1"", ""gpu_oom_backoffs"": ""0"", ""gpu_scratch_bytes"": ""207219760"", ""gpu_tiles"": ""1"", ""op"": ""preimage"", ""path"": ""ptrs""}",950,2,block_random,1024,3468,138655,ptrs
tile_sweep_publication,preimage,1d,sparse,5,30,3,gpu_source,gpu_us,1,0,0,1,207219760,2,1,1,1000000,1000000,4,1,0,4.558054,/pscratch/sd/r/rchanani/realm/build_pm_deppart/tests/benchmark -ll:gpu 1 -ll:cpu 1 -ll:fsize 8192 -dp:workers 1 -dp:hpool 256 -nocheck -block_random -block_volume 1024 -dp:noisectopt -d1 1 -d2 1 preimage -n 1000000 -e 1000000 -p 1 -s 4 -f 5 -b 30,"{""buffer_size"": ""30"", ""cpu_us"": ""131885"", ""d1"": ""1"", ""d2"": ""1"", ""gpu_us"": ""3360"", ""num_edges"": ""1000000"", ""num_nodes"": ""1000000"", ""num_pieces"": ""1"", ""num_spaces"": ""4"", ""op"": ""preimage"", ""sparse_factor"": ""5""}","{""d1"": ""1"", ""d2"": ""1"", ""gpu_host_fallback"": ""0"", ""gpu_input_rects"": ""1"", ""gpu_oom_backoffs"": ""0"", ""gpu_scratch_bytes"": ""207219760"", ""gpu_tiles"": ""1"", ""op"": ""preimage"", ""path"": ""ptrs""}",951,3,block_random,1024,3360,131885,ptrs
tile_sweep_publication,preimage,1d,sparse,5,40,3,cpu_source,cpu_us,1,0,0,1,271219760,2,1,1,1000000,1000000,4,1,0,4.548302,/pscratch/sd/r/rchanani/realm/build_pm_deppart/tests/benchmark -ll:gpu 1 -ll:cpu 1 -ll:fsize 8192 -dp:workers 1 -dp:hpool 256 -nocheck -block_random -block_volume 1024 -d1 1 -d2 1 preimage -n 1000000 -e 1000000 -p 1 -s 4 -f 5 -b 40,"{""buffer_size"": ""40"", ""cpu_us"": ""136534"", ""d1"": ""1"", ""d2"": ""1"", ""gpu_us"": ""3296"", ""num_edges"": ""1000000"", ""num_nodes"": ""1000000"", ""num_pieces"": ""1"", ""num_spaces"": ""4"", ""op"": ""preimage"", ""sparse_factor"": ""5""}","{""d1"": ""1"", ""d2"": ""1"", ""gpu_host_fallback"": ""0"", ""gpu_input_rects"": ""1"", ""gpu_oom_backoffs"": ""0"", ""gpu_scratch_bytes"": ""271219760"", ""gpu_tiles"": ""1"", ""op"": ""preimage"", ""path"": ""ptrs""}",952,0,block_random,1024,3296,136534,ptrs
tile_sweep_publication,preimage,1d,sparse,5,40,3,gpu_source,gpu_us,1,0,0,1,271219760,2,1,1,1000000,1000000,4,1,0,4.722819,/pscratch/sd/r/rchanani/realm/build_pm_deppart/tests/benchmark -ll:gpu 1 -ll:cpu 1 -ll:fsize 8192 -dp:workers 1 -dp:hpool 256 -nocheck -block_random -block_volume 1024 -dp:noisectopt -d1 1 -d2 1 preimage -n 1000000 -e 1000000 -p 1 -s 4 -f 5 -b 40,"{""buffer_size"": ""40"", ""cpu_us"": ""130575"", ""d1"": ""1"", ""d2"": ""1"", ""gpu_us"": ""3426"", ""num_edges"": ""1000000"", ""num_nodes"": ""1000000"", ""num_pieces"": ""1"", ""num_spaces"": ""4"", ""op"": ""preimage"", ""sparse_factor"": ""5""}","{""d1"": ""1"", ""d2"": ""1"", ""gpu_host_fallback"": ""0"", ""gpu_input_rects"": ""1"", ""gpu_oom_backoffs"": ""0"", ""gpu_scratch_bytes"": ""271219760"", ""gpu_tiles"": ""1"", ""op"": ""preimage"", ""path"": ""ptrs""}",953,1,block_random,1024,3426,130575,ptrs
tile_sweep_publication,preimage,1d,sparse,5,50,3,cpu_source,cpu_us,1,0,0,1,335219760,2,1,1,1000000,1000000,4,1,0,4.766402,/pscratch/sd/r/rchanani/realm/build_pm_deppart/tests/benchmark -ll:gpu 1 -ll:cpu 1 -ll:fsize 8192 -dp:workers 1 -dp:hpool 256 -nocheck -block_random -block_volume 1024 -d1 1 -d2 1 preimage -n 1000000 -e 1000000 -p 1 -s 4 -f 5 -b 50,"{""buffer_size"": ""50"", ""cpu_us"": ""137486"", ""d1"": ""1"", ""d2"": ""1"", ""gpu_us"": ""3398"", ""num_edges"": ""1000000"", ""num_nodes"": ""1000000"", ""num_pieces"": ""1"", ""num_spaces"": ""4"", ""op"": ""preimage"", ""sparse_factor"": ""5""}","{""d1"": ""1"", ""d2"": ""1"", ""gpu_host_fallback"": ""0"", ""gpu_input_rects"": ""1"", ""gpu_oom_backoffs"": ""0"", ""gpu_scratch_bytes"": ""335219760"", ""gpu_tiles"": ""1"", ""op"": ""preimage"", ""path"": ""ptrs""}",954,2,block_random,1024,3398,137486,ptrs
tile_sweep_publication,preimage,1d,sparse,5,50,3,gpu_source,gpu_us,1,0,0,1,335219760,2,1,1,1000000,1000000,4,1,0,4.564138,/pscratch/sd/r/rchanani/realm/build_pm_deppart/tests/benchmark -ll:gpu 1 -ll:cpu 1 -ll:fsize 8192 -dp:workers 1 -dp:hpool 256 -nocheck -block_random -block_volume 1024 -dp:noisectopt -d1 1 -d2 1 preimage -n 1000000 -e 1000000 -p 1 -s 4 -f 5 -b 50,"{""buffer_size"": ""50"", ""cpu_us"": ""130839"", ""d1"": ""1"", ""d2"": ""1"", ""gpu_us"": ""3274"", ""num_edges"": ""1000000"", ""num_nodes"": ""1000000"", ""num_pieces"": ""1"", ""num_spaces"": ""4"", ""op"": ""preimage"", ""sparse_factor"": ""5""}","{""d1"": ""1"", ""d2"": ""1"", ""gpu_host_fallback"": ""0"", ""gpu_input_rects"": ""1"", ""gpu_oom_backoffs"": ""0"", ""gpu_scratch_bytes"": ""335219760"", ""gpu_tiles"": ""1"", ""op"": ""preimage"", ""path"": ""ptrs""}",955,3,block_random,1024,3274,130839,ptrs
tile_sweep_publication,preimage,1d,sparse,5,75,3,cpu_source,cpu_us,1,0,0,1,495219760,2,1,1,1000000,1000000,4,1,0,4.549702,/pscratch/sd/r/rchanani/realm/build_pm_deppart/tests/benchmark -ll:gpu 1 -ll:cpu 1 -ll:fsize 8192 -dp:workers 1 -dp:hpool 256 -nocheck -block_random -block_volume 1024 -d1 1 -d2 1 preimage -n 1000000 -e 1000000 -p 1 -s 4 -f 5 -b 75,"{""buffer_size"": ""75"", ""cpu_us"": ""140535"", ""d1"": ""1"", ""d2"": ""1"", ""gpu_us"": ""3248"", ""num_edges"": ""1000000"", ""num_nodes"": ""1000000"", ""num_pieces"": ""1"", ""num_spaces"": ""4"", ""op"": ""preimage"", ""sparse_factor"": ""5""}","{""d1"": ""1"", ""d2"": ""1"", ""gpu_host_fallback"": ""0"", ""gpu_input_rects"": ""1"", ""gpu_oom_backoffs"": ""0"", ""gpu_scratch_bytes"": ""495219760"", ""gpu_tiles"": ""1"", ""op"": ""preimage"", ""path"": ""ptrs""}",956,0,block_random,1024,3248,140535,ptrs
tile_sweep_publication,preimage,1d,sparse,5,75,3,gpu_source,gpu_us,1,0,0,1,495219760,2,1,1,1000000,1000000,4,1,0,4.686005,/pscratch/sd/r/rchanani/realm/build_pm_deppart/tests/benchmark -ll:gpu 1 -ll:cpu 1 -ll:fsize 8192 -dp:workers 1 -dp:hpool 256 -nocheck -block_random -block_volume 1024 -dp:noisectopt -d1 1 -d2 1 preimage -n 1000000 -e 1000000 -p 1 -s 4 -f 5 -b 75,"{""buffer_size"": ""75"", ""cpu_us"": ""133696"", ""d1"": ""1"", ""d2"": ""1"", ""gpu_us"": ""3346"", ""num_edges"": ""1000000"", ""num_nodes"": ""1000000"", ""num_pieces"": ""1"", ""num_spaces"": ""4"", ""op"": ""preimage"", ""sparse_factor"": ""5""}","{""d1"": ""1"", ""d2"": ""1"", ""gpu_host_fallback"": ""0"", ""gpu_input_rects"": ""1"", ""gpu_oom_backoffs"": ""0"", ""gpu_scratch_bytes"": ""495219760"", ""gpu_tiles"": ""1"", ""op"": ""preimage"", ""path"": ""ptrs""}",957,1,block_random,1024,3346,133696,ptrs
tile_sweep_publication,preimage,1d,sparse,5,100,3,cpu_source,cpu_us,1,0,0,1,655219760,2,1,1,1000000,1000000,4,1,0,4.704767,/pscratch/sd/r/rchanani/realm/build_pm_deppart/tests/benchmark -ll:gpu 1 -ll:cpu 1 -ll:fsize 8192 -dp:workers 1 -dp:hpool 256 -nocheck -block_random -block_volume 1024 -d1 1 -d2 1 preimage -n 1000000 -e 1000000 -p 1 -s 4 -f 5 -b 100,"{""buffer_size"": ""100"", ""cpu_us"": ""137965"", ""d1"": ""1"", ""d2"": ""1"", ""gpu_us"": ""3489"", ""num_edges"": ""1000000"", ""num_nodes"": ""1000000"", ""num_pieces"": ""1"", ""num_spaces"": ""4"", ""op"": ""preimage"", ""sparse_factor"": ""5""}","{""d1"": ""1"", ""d2"": ""1"", ""gpu_host_fallback"": ""0"", ""gpu_input_rects"": ""1"", ""gpu_oom_backoffs"": ""0"", ""gpu_scratch_bytes"": ""655219760"", ""gpu_tiles"": ""1"", ""op"": ""preimage"", ""path"": ""ptrs""}",958,2,block_random,1024,3489,137965,ptrs
tile_sweep_publication,preimage,1d,sparse,5,100,3,gpu_source,gpu_us,1,0,0,1,655219760,2,1,1,1000000,1000000,4,1,0,4.551663,/pscratch/sd/r/rchanani/realm/build_pm_deppart/tests/benchmark -ll:gpu 1 -ll:cpu 1 -ll:fsize 8192 -dp:workers 1 -dp:hpool 256 -nocheck -block_random -block_volume 1024 -dp:noisectopt -d1 1 -d2 1 preimage -n 1000000 -e 1000000 -p 1 -s 4 -f 5 -b 100,"{""buffer_size"": ""100"", ""cpu_us"": ""130400"", ""d1"": ""1"", ""d2"": ""1"", ""gpu_us"": ""3175"", ""num_edges"": ""1000000"", ""num_nodes"": ""1000000"", ""num_pieces"": ""1"", ""num_spaces"": ""4"", ""op"": ""preimage"", ""sparse_factor"": ""5""}","{""d1"": ""1"", ""d2"": ""1"", ""gpu_host_fallback"": ""0"", ""gpu_input_rects"": ""1"", ""gpu_oom_backoffs"": ""0"", ""gpu_scratch_bytes"": ""655219760"", ""gpu_tiles"": ""1"", ""op"": ""preimage"", ""path"": ""ptrs""}",959,3,block_random,1024,3175,130400,ptrs
tile_sweep_publication,preimage,2d,dense,1,1,3,cpu_source,cpu_us,8,14,1,8,14800000,2,2,2,1000,1000,4,1,0,1.027320,/pscratch/sd/r/rchanani/realm/build_pm_deppart/tests/benchmark -ll:gpu 1 -ll:cpu 1 -ll:fsize 8192 -dp:workers 1 -dp:hpool 256 -nocheck -block_random -block_volume 1024 -d1 2 -d2 2 preimage -n 1000 -e 1000 -p 1 -s 4 -f 1 -b 1,"{""buffer_size"": ""1"", ""cpu_us"": ""91239"", ""d1"": ""2"", ""d2"": ""2"", ""gpu_us"": ""23109"", ""num_edges"": ""1000"", ""num_nodes"": ""1000"", ""num_pieces"": ""1"", ""num_spaces"": ""4"", ""op"": ""preimage"", ""sparse_factor"": ""1""}","{""d1"": ""2"", ""d2"": ""2"", ""gpu_host_fallback"": ""1"", ""gpu_input_rects"": ""8"", ""gpu_oom_backoffs"": ""14"", ""gpu_scratch_bytes"": ""14800000"", ""gpu_tiles"": ""8"", ""op"": ""preimage"", ""path"": ""ptrs""}",960,0,block_random,1024,23109,91239,ptrs
tile_sweep_publication,preimage,2d,dense,1,1,3,gpu_source,gpu_us,8,14,1,8,14800000,2,2,2,1000,1000,4,1,0,1.193431,/pscratch/sd/r/rchanani/realm/build_pm_deppart/tests/benchmark -ll:gpu 1 -ll:cpu 1 -ll:fsize 8192 -dp:workers 1 -dp:hpool 256 -nocheck -block_random -block_volume 1024 -dp:noisectopt -d1 2 -d2 2 preimage -n 1000 -e 1000 -p 1 -s 4 -f 1 -b 1,"{""buffer_size"": ""1"", ""cpu_us"": ""11976"", ""d1"": ""2"", ""d2"": ""2"", ""gpu_us"": ""22342"", ""num_edges"": ""1000"", ""num_nodes"": ""1000"", ""num_pieces"": ""1"", ""num_spaces"": ""4"", ""op"": ""preimage"", ""sparse_factor"": ""1""}","{""d1"": ""2"", ""d2"": ""2"", ""gpu_host_fallback"": ""1"", ""gpu_input_rects"": ""8"", ""gpu_oom_backoffs"": ""14"", ""gpu_scratch_bytes"": ""14800000"", ""gpu_tiles"": ""8"", ""op"": ""preimage"", ""path"": ""ptrs""}",961,1,block_random,1024,22342,11976,ptrs
tile_sweep_publication,preimage,2d,dense,1,2,3,cpu_source,cpu_us,4,5,1,4,27600000,2,2,2,1000,1000,4,1,0,1.330496,/pscratch/sd/r/rchanani/realm/build_pm_deppart/tests/benchmark -ll:gpu 1 -ll:cpu 1 -ll:fsize 8192 -dp:workers 1 -dp:hpool 256 -nocheck -block_random -block_volume 1024 -d1 2 -d2 2 preimage -n 1000 -e 1000 -p 1 -s 4 -f 1 -b 2,"{""buffer_size"": ""2"", ""cpu_us"": ""92193"", ""d1"": ""2"", ""d2"": ""2"", ""gpu_us"": ""11409"", ""num_edges"": ""1000"", ""num_nodes"": ""1000"", ""num_pieces"": ""1"", ""num_spaces"": ""4"", ""op"": ""preimage"", ""sparse_factor"": ""1""}","{""d1"": ""2"", ""d2"": ""2"", ""gpu_host_fallback"": ""1"", ""gpu_input_rects"": ""4"", ""gpu_oom_backoffs"": ""5"", ""gpu_scratch_bytes"": ""27600000"", ""gpu_tiles"": ""4"", ""op"": ""preimage"", ""path"": ""ptrs""}",962,2,block_random,1024,11409,92193,ptrs
tile_sweep_publication,preimage,2d,dense,1,2,3,gpu_source,gpu_us,4,5,1,4,27600000,2,2,2,1000,1000,4,1,0,0.941496,/pscratch/sd/r/rchanani/realm/build_pm_deppart/tests/benchmark -ll:gpu 1 -ll:cpu 1 -ll:fsize 8192 -dp:workers 1 -dp:hpool 256 -nocheck -block_random -block_volume 1024 -dp:noisectopt -d1 2 -d2 2 preimage -n 1000 -e 1000 -p 1 -s 4 -f 1 -b 2,"{""buffer_size"": ""2"", ""cpu_us"": ""12344"", ""d1"": ""2"", ""d2"": ""2"", ""gpu_us"": ""13065"", ""num_edges"": ""1000"", ""num_nodes"": ""1000"", ""num_pieces"": ""1"", ""num_spaces"": ""4"", ""op"": ""preimage"", ""sparse_factor"": ""1""}","{""d1"": ""2"", ""d2"": ""2"", ""gpu_host_fallback"": ""1"", ""gpu_input_rects"": ""4"", ""gpu_oom_backoffs"": ""5"", ""gpu_scratch_bytes"": ""27600000"", ""gpu_tiles"": ""4"", ""op"": ""preimage"", ""path"": ""ptrs""}",963,3,block_random,1024,13065,12344,ptrs
tile_sweep_publication,preimage,2d,dense,1,3,3,cpu_source,cpu_us,4,5,1,4,40400000,2,2,2,1000,1000,4,1,0,1.094205,/pscratch/sd/r/rchanani/realm/build_pm_deppart/tests/benchmark -ll:gpu 1 -ll:cpu 1 -ll:fsize 8192 -dp:workers 1 -dp:hpool 256 -nocheck -block_random -block_volume 1024 -d1 2 -d2 2 preimage -n 1000 -e 1000 -p 1 -s 4 -f 1 -b 3,"{""buffer_size"": ""3"", ""cpu_us"": ""91167"", ""d1"": ""2"", ""d2"": ""2"", ""gpu_us"": ""12937"", ""num_edges"": ""1000"", ""num_nodes"": ""1000"", ""num_pieces"": ""1"", ""num_spaces"": ""4"", ""op"": ""preimage"", ""sparse_factor"": ""1""}","{""d1"": ""2"", ""d2"": ""2"", ""gpu_host_fallback"": ""1"", ""gpu_input_rects"": ""4"", ""gpu_oom_backoffs"": ""5"", ""gpu_scratch_bytes"": ""40400000"", ""gpu_tiles"": ""4"", ""op"": ""preimage"", ""path"": ""ptrs""}",964,0,block_random,1024,12937,91167,ptrs
tile_sweep_publication,preimage,2d,dense,1,3,3,gpu_source,gpu_us,4,5,1,4,40400000,2,2,2,1000,1000,4,1,0,0.964968,/pscratch/sd/r/rchanani/realm/build_pm_deppart/tests/benchmark -ll:gpu 1 -ll:cpu 1 -ll:fsize 8192 -dp:workers 1 -dp:hpool 256 -nocheck -block_random -block_volume 1024 -dp:noisectopt -d1 2 -d2 2 preimage -n 1000 -e 1000 -p 1 -s 4 -f 1 -b 3,"{""buffer_size"": ""3"", ""cpu_us"": ""12241"", ""d1"": ""2"", ""d2"": ""2"", ""gpu_us"": ""11457"", ""num_edges"": ""1000"", ""num_nodes"": ""1000"", ""num_pieces"": ""1"", ""num_spaces"": ""4"", ""op"": ""preimage"", ""sparse_factor"": ""1""}","{""d1"": ""2"", ""d2"": ""2"", ""gpu_host_fallback"": ""1"", ""gpu_input_rects"": ""4"", ""gpu_oom_backoffs"": ""5"", ""gpu_scratch_bytes"": ""40400000"", ""gpu_tiles"": ""4"", ""op"": ""preimage"", ""path"": ""ptrs""}",965,1,block_random,1024,11457,12241,ptrs
tile_sweep_publication,preimage,2d,dense,1,4,3,cpu_source,cpu_us,2,2,1,2,53200000,2,2,2,1000,1000,4,1,0,1.191835,/pscratch/sd/r/rchanani/realm/build_pm_deppart/tests/benchmark -ll:gpu 1 -ll:cpu 1 -ll:fsize 8192 -dp:workers 1 -dp:hpool 256 -nocheck -block_random -block_volume 1024 -d1 2 -d2 2 preimage -n 1000 -e 1000 -p 1 -s 4 -f 1 -b 4,"{""buffer_size"": ""4"", ""cpu_us"": ""91983"", ""d1"": ""2"", ""d2"": ""2"", ""gpu_us"": ""6667"", ""num_edges"": ""1000"", ""num_nodes"": ""1000"", ""num_pieces"": ""1"", ""num_spaces"": ""4"", ""op"": ""preimage"", ""sparse_factor"": ""1""}","{""d1"": ""2"", ""d2"": ""2"", ""gpu_host_fallback"": ""1"", ""gpu_input_rects"": ""2"", ""gpu_oom_backoffs"": ""2"", ""gpu_scratch_bytes"": ""53200000"", ""gpu_tiles"": ""2"", ""op"": ""preimage"", ""path"": ""ptrs""}",966,2,block_random,1024,6667,91983,ptrs
tile_sweep_publication,preimage,2d,dense,1,4,3,gpu_source,gpu_us,2,2,1,2,53200000,2,2,2,1000,1000,4,1,0,0.919286,/pscratch/sd/r/rchanani/realm/build_pm_deppart/tests/benchmark -ll:gpu 1 -ll:cpu 1 -ll:fsize 8192 -dp:workers 1 -dp:hpool 256 -nocheck -block_random -block_volume 1024 -dp:noisectopt -d1 2 -d2 2 preimage -n 1000 -e 1000 -p 1 -s 4 -f 1 -b 4,"{""buffer_size"": ""4"", ""cpu_us"": ""12004"", ""d1"": ""2"", ""d2"": ""2"", ""gpu_us"": ""7365"", ""num_edges"": ""1000"", ""num_nodes"": ""1000"", ""num_pieces"": ""1"", ""num_spaces"": ""4"", ""op"": ""preimage"", ""sparse_factor"": ""1""}","{""d1"": ""2"", ""d2"": ""2"", ""gpu_host_fallback"": ""1"", ""gpu_input_rects"": ""2"", ""gpu_oom_backoffs"": ""2"", ""gpu_scratch_bytes"": ""53200000"", ""gpu_tiles"": ""2"", ""op"": ""preimage"", ""path"": ""ptrs""}",967,3,block_random,1024,7365,12004,ptrs
tile_sweep_publication,preimage,2d,dense,1,5,3,cpu_source,cpu_us,2,2,1,2,66000000,2,2,2,1000,1000,4,1,0,0.995418,/pscratch/sd/r/rchanani/realm/build_pm_deppart/tests/benchmark -ll:gpu 1 -ll:cpu 1 -ll:fsize 8192 -dp:workers 1 -dp:hpool 256 -nocheck -block_random -block_volume 1024 -d1 2 -d2 2 preimage -n 1000 -e 1000 -p 1 -s 4 -f 1 -b 5,"{""buffer_size"": ""5"", ""cpu_us"": ""91824"", ""d1"": ""2"", ""d2"": ""2"", ""gpu_us"": ""7296"", ""num_edges"": ""1000"", ""num_nodes"": ""1000"", ""num_pieces"": ""1"", ""num_spaces"": ""4"", ""op"": ""preimage"", ""sparse_factor"": ""1""}","{""d1"": ""2"", ""d2"": ""2"", ""gpu_host_fallback"": ""1"", ""gpu_input_rects"": ""2"", ""gpu_oom_backoffs"": ""2"", ""gpu_scratch_bytes"": ""66000000"", ""gpu_tiles"": ""2"", ""op"": ""preimage"", ""path"": ""ptrs""}",968,0,block_random,1024,7296,91824,ptrs
tile_sweep_publication,preimage,2d,dense,1,5,3,gpu_source,gpu_us,2,2,1,2,66000000,2,2,2,1000,1000,4,1,0,1.116385,/pscratch/sd/r/rchanani/realm/build_pm_deppart/tests/benchmark -ll:gpu 1 -ll:cpu 1 -ll:fsize 8192 -dp:workers 1 -dp:hpool 256 -nocheck -block_random -block_volume 1024 -dp:noisectopt -d1 2 -d2 2 preimage -n 1000 -e 1000 -p 1 -s 4 -f 1 -b 5,"{""buffer_size"": ""5"", ""cpu_us"": ""12199"", ""d1"": ""2"", ""d2"": ""2"", ""gpu_us"": ""6799"", ""num_edges"": ""1000"", ""num_nodes"": ""1000"", ""num_pieces"": ""1"", ""num_spaces"": ""4"", ""op"": ""preimage"", ""sparse_factor"": ""1""}","{""d1"": ""2"", ""d2"": ""2"", ""gpu_host_fallback"": ""1"", ""gpu_input_rects"": ""2"", ""gpu_oom_backoffs"": ""2"", ""gpu_scratch_bytes"": ""66000000"", ""gpu_tiles"": ""2"", ""op"": ""preimage"", ""path"": ""ptrs""}",969,1,block_random,1024,6799,12199,ptrs
tile_sweep_publication,preimage,2d,dense,1,7,3,cpu_source,cpu_us,2,2,1,2,91600000,2,2,2,1000,1000,4,1,0,1.275910,/pscratch/sd/r/rchanani/realm/build_pm_deppart/tests/benchmark -ll:gpu 1 -ll:cpu 1 -ll:fsize 8192 -dp:workers 1 -dp:hpool 256 -nocheck -block_random -block_volume 1024 -d1 2 -d2 2 preimage -n 1000 -e 1000 -p 1 -s 4 -f 1 -b 7,"{""buffer_size"": ""7"", ""cpu_us"": ""91769"", ""d1"": ""2"", ""d2"": ""2"", ""gpu_us"": ""6696"", ""num_edges"": ""1000"", ""num_nodes"": ""1000"", ""num_pieces"": ""1"", ""num_spaces"": ""4"", ""op"": ""preimage"", ""sparse_factor"": ""1""}","{""d1"": ""2"", ""d2"": ""2"", ""gpu_host_fallback"": ""1"", ""gpu_input_rects"": ""2"", ""gpu_oom_backoffs"": ""2"", ""gpu_scratch_bytes"": ""91600000"", ""gpu_tiles"": ""2"", ""op"": ""preimage"", ""path"": ""ptrs""}",970,2,block_random,1024,6696,91769,ptrs
tile_sweep_publication,preimage,2d,dense,1,7,3,gpu_source,gpu_us,2,2,1,2,91600000,2,2,2,1000,1000,4,1,0,0.923631,/pscratch/sd/r/rchanani/realm/build_pm_deppart/tests/benchmark -ll:gpu 1 -ll:cpu 1 -ll:fsize 8192 -dp:workers 1 -dp:hpool 256 -nocheck -block_random -block_volume 1024 -dp:noisectopt -d1 2 -d2 2 preimage -n 1000 -e 1000 -p 1 -s 4 -f 1 -b 7,"{""buffer_size"": ""7"", ""cpu_us"": ""12182"", ""d1"": ""2"", ""d2"": ""2"", ""gpu_us"": ""7233"", ""num_edges"": ""1000"", ""num_nodes"": ""1000"", ""num_pieces"": ""1"", ""num_spaces"": ""4"", ""op"": ""preimage"", ""sparse_factor"": ""1""}","{""d1"": ""2"", ""d2"": ""2"", ""gpu_host_fallback"": ""1"", ""gpu_input_rects"": ""2"", ""gpu_oom_backoffs"": ""2"", ""gpu_scratch_bytes"": ""91600000"", ""gpu_tiles"": ""2"", ""op"": ""preimage"", ""path"": ""ptrs""}",971,3,block_random,1024,7233,12182,ptrs
tile_sweep_publication,preimage,2d,dense,1,10,3,cpu_source,cpu_us,1,0,0,1,130000000,2,2,2,1000,1000,4,1,0,0.979430,/pscratch/sd/r/rchanani/realm/build_pm_deppart/tests/benchmark -ll:gpu 1 -ll:cpu 1 -ll:fsize 8192 -dp:workers 1 -dp:hpool 256 -nocheck -block_random -block_volume 1024 -d1 2 -d2 2 preimage -n 1000 -e 1000 -p 1 -s 4 -f 1 -b 10,"{""buffer_size"": ""10"", ""cpu_us"": ""91836"", ""d1"": ""2"", ""d2"": ""2"", ""gpu_us"": ""2131"", ""num_edges"": ""1000"", ""num_nodes"": ""1000"", ""num_pieces"": ""1"", ""num_spaces"": ""4"", ""op"": ""preimage"", ""sparse_factor"": ""1""}","{""d1"": ""2"", ""d2"": ""2"", ""gpu_host_fallback"": ""0"", ""gpu_input_rects"": ""1"", ""gpu_oom_backoffs"": ""0"", ""gpu_scratch_bytes"": ""130000000"", ""gpu_tiles"": ""1"", ""op"": ""preimage"", ""path"": ""ptrs""}",972,0,block_random,1024,2131,91836,ptrs
tile_sweep_publication,preimage,2d,dense,1,10,3,gpu_source,gpu_us,1,0,0,1,130000000,2,2,2,1000,1000,4,1,0,1.019550,/pscratch/sd/r/rchanani/realm/build_pm_deppart/tests/benchmark -ll:gpu 1 -ll:cpu 1 -ll:fsize 8192 -dp:workers 1 -dp:hpool 256 -nocheck -block_random -block_volume 1024 -dp:noisectopt -d1 2 -d2 2 preimage -n 1000 -e 1000 -p 1 -s 4 -f 1 -b 10,"{""buffer_size"": ""10"", ""cpu_us"": ""12293"", ""d1"": ""2"", ""d2"": ""2"", ""gpu_us"": ""2099"", ""num_edges"": ""1000"", ""num_nodes"": ""1000"", ""num_pieces"": ""1"", ""num_spaces"": ""4"", ""op"": ""preimage"", ""sparse_factor"": ""1""}","{""d1"": ""2"", ""d2"": ""2"", ""gpu_host_fallback"": ""0"", ""gpu_input_rects"": ""1"", ""gpu_oom_backoffs"": ""0"", ""gpu_scratch_bytes"": ""130000000"", ""gpu_tiles"": ""1"", ""op"": ""preimage"", ""path"": ""ptrs""}",973,1,block_random,1024,2099,12293,ptrs
tile_sweep_publication,preimage,2d,dense,1,15,3,cpu_source,cpu_us,1,0,0,1,194000000,2,2,2,1000,1000,4,1,0,1.284393,/pscratch/sd/r/rchanani/realm/build_pm_deppart/tests/benchmark -ll:gpu 1 -ll:cpu 1 -ll:fsize 8192 -dp:workers 1 -dp:hpool 256 -nocheck -block_random -block_volume 1024 -d1 2 -d2 2 preimage -n 1000 -e 1000 -p 1 -s 4 -f 1 -b 15,"{""buffer_size"": ""15"", ""cpu_us"": ""92424"", ""d1"": ""2"", ""d2"": ""2"", ""gpu_us"": ""2089"", ""num_edges"": ""1000"", ""num_nodes"": ""1000"", ""num_pieces"": ""1"", ""num_spaces"": ""4"", ""op"": ""preimage"", ""sparse_factor"": ""1""}","{""d1"": ""2"", ""d2"": ""2"", ""gpu_host_fallback"": ""0"", ""gpu_input_rects"": ""1"", ""gpu_oom_backoffs"": ""0"", ""gpu_scratch_bytes"": ""194000000"", ""gpu_tiles"": ""1"", ""op"": ""preimage"", ""path"": ""ptrs""}",974,2,block_random,1024,2089,92424,ptrs
tile_sweep_publication,preimage,2d,dense,1,15,3,gpu_source,gpu_us,1,0,0,1,194000000,2,2,2,1000,1000,4,1,0,0.914582,/pscratch/sd/r/rchanani/realm/build_pm_deppart/tests/benchmark -ll:gpu 1 -ll:cpu 1 -ll:fsize 8192 -dp:workers 1 -dp:hpool 256 -nocheck -block_random -block_volume 1024 -dp:noisectopt -d1 2 -d2 2 preimage -n 1000 -e 1000 -p 1 -s 4 -f 1 -b 15,"{""buffer_size"": ""15"", ""cpu_us"": ""12289"", ""d1"": ""2"", ""d2"": ""2"", ""gpu_us"": ""2429"", ""num_edges"": ""1000"", ""num_nodes"": ""1000"", ""num_pieces"": ""1"", ""num_spaces"": ""4"", ""op"": ""preimage"", ""sparse_factor"": ""1""}","{""d1"": ""2"", ""d2"": ""2"", ""gpu_host_fallback"": ""0"", ""gpu_input_rects"": ""1"", ""gpu_oom_backoffs"": ""0"", ""gpu_scratch_bytes"": ""194000000"", ""gpu_tiles"": ""1"", ""op"": ""preimage"", ""path"": ""ptrs""}",975,3,block_random,1024,2429,12289,ptrs
tile_sweep_publication,preimage,2d,dense,1,20,3,cpu_source,cpu_us,1,0,0,1,258000000,2,2,2,1000,1000,4,1,0,0.984405,/pscratch/sd/r/rchanani/realm/build_pm_deppart/tests/benchmark -ll:gpu 1 -ll:cpu 1 -ll:fsize 8192 -dp:workers 1 -dp:hpool 256 -nocheck -block_random -block_volume 1024 -d1 2 -d2 2 preimage -n 1000 -e 1000 -p 1 -s 4 -f 1 -b 20,"{""buffer_size"": ""20"", ""cpu_us"": ""92580"", ""d1"": ""2"", ""d2"": ""2"", ""gpu_us"": ""2268"", ""num_edges"": ""1000"", ""num_nodes"": ""1000"", ""num_pieces"": ""1"", ""num_spaces"": ""4"", ""op"": ""preimage"", ""sparse_factor"": ""1""}","{""d1"": ""2"", ""d2"": ""2"", ""gpu_host_fallback"": ""0"", ""gpu_input_rects"": ""1"", ""gpu_oom_backoffs"": ""0"", ""gpu_scratch_bytes"": ""258000000"", ""gpu_tiles"": ""1"", ""op"": ""preimage"", ""path"": ""ptrs""}",976,0,block_random,1024,2268,92580,ptrs
tile_sweep_publication,preimage,2d,dense,1,20,3,gpu_source,gpu_us,1,0,0,1,258000000,2,2,2,1000,1000,4,1,0,1.160653,/pscratch/sd/r/rchanani/realm/build_pm_deppart/tests/benchmark -ll:gpu 1 -ll:cpu 1 -ll:fsize 8192 -dp:workers 1 -dp:hpool 256 -nocheck -block_random -block_volume 1024 -dp:noisectopt -d1 2 -d2 2 preimage -n 1000 -e 1000 -p 1 -s 4 -f 1 -b 20,"{""buffer_size"": ""20"", ""cpu_us"": ""12163"", ""d1"": ""2"", ""d2"": ""2"", ""gpu_us"": ""2290"", ""num_edges"": ""1000"", ""num_nodes"": ""1000"", ""num_pieces"": ""1"", ""num_spaces"": ""4"", ""op"": ""preimage"", ""sparse_factor"": ""1""}","{""d1"": ""2"", ""d2"": ""2"", ""gpu_host_fallback"": ""0"", ""gpu_input_rects"": ""1"", ""gpu_oom_backoffs"": ""0"", ""gpu_scratch_bytes"": ""258000000"", ""gpu_tiles"": ""1"", ""op"": ""preimage"", ""path"": ""ptrs""}",977,1,block_random,1024,2290,12163,ptrs
tile_sweep_publication,preimage,2d,dense,1,25,3,cpu_source,cpu_us,1,0,0,1,322000000,2,2,2,1000,1000,4,1,0,1.283743,/pscratch/sd/r/rchanani/realm/build_pm_deppart/tests/benchmark -ll:gpu 1 -ll:cpu 1 -ll:fsize 8192 -dp:workers 1 -dp:hpool 256 -nocheck -block_random -block_volume 1024 -d1 2 -d2 2 preimage -n 1000 -e 1000 -p 1 -s 4 -f 1 -b 25,"{""buffer_size"": ""25"", ""cpu_us"": ""91348"", ""d1"": ""2"", ""d2"": ""2"", ""gpu_us"": ""2079"", ""num_edges"": ""1000"", ""num_nodes"": ""1000"", ""num_pieces"": ""1"", ""num_spaces"": ""4"", ""op"": ""preimage"", ""sparse_factor"": ""1""}","{""d1"": ""2"", ""d2"": ""2"", ""gpu_host_fallback"": ""0"", ""gpu_input_rects"": ""1"", ""gpu_oom_backoffs"": ""0"", ""gpu_scratch_bytes"": ""322000000"", ""gpu_tiles"": ""1"", ""op"": ""preimage"", ""path"": ""ptrs""}",978,2,block_random,1024,2079,91348,ptrs
tile_sweep_publication,preimage,2d,dense,1,25,3,gpu_source,gpu_us,1,0,0,1,322000000,2,2,2,1000,1000,4,1,0,0.915237,/pscratch/sd/r/rchanani/realm/build_pm_deppart/tests/benchmark -ll:gpu 1 -ll:cpu 1 -ll:fsize 8192 -dp:workers 1 -dp:hpool 256 -nocheck -block_random -block_volume 1024 -dp:noisectopt -d1 2 -d2 2 preimage -n 1000 -e 1000 -p 1 -s 4 -f 1 -b 25,"{""buffer_size"": ""25"", ""cpu_us"": ""12394"", ""d1"": ""2"", ""d2"": ""2"", ""gpu_us"": ""2151"", ""num_edges"": ""1000"", ""num_nodes"": ""1000"", ""num_pieces"": ""1"", ""num_spaces"": ""4"", ""op"": ""preimage"", ""sparse_factor"": ""1""}","{""d1"": ""2"", ""d2"": ""2"", ""gpu_host_fallback"": ""0"", ""gpu_input_rects"": ""1"", ""gpu_oom_backoffs"": ""0"", ""gpu_scratch_bytes"": ""322000000"", ""gpu_tiles"": ""1"", ""op"": ""preimage"", ""path"": ""ptrs""}",979,3,block_random,1024,2151,12394,ptrs
tile_sweep_publication,preimage,2d,dense,1,30,3,cpu_source,cpu_us,1,0,0,1,386000000,2,2,2,1000,1000,4,1,0,0.983862,/pscratch/sd/r/rchanani/realm/build_pm_deppart/tests/benchmark -ll:gpu 1 -ll:cpu 1 -ll:fsize 8192 -dp:workers 1 -dp:hpool 256 -nocheck -block_random -block_volume 1024 -d1 2 -d2 2 preimage -n 1000 -e 1000 -p 1 -s 4 -f 1 -b 30,"{""buffer_size"": ""30"", ""cpu_us"": ""91013"", ""d1"": ""2"", ""d2"": ""2"", ""gpu_us"": ""2148"", ""num_edges"": ""1000"", ""num_nodes"": ""1000"", ""num_pieces"": ""1"", ""num_spaces"": ""4"", ""op"": ""preimage"", ""sparse_factor"": ""1""}","{""d1"": ""2"", ""d2"": ""2"", ""gpu_host_fallback"": ""0"", ""gpu_input_rects"": ""1"", ""gpu_oom_backoffs"": ""0"", ""gpu_scratch_bytes"": ""386000000"", ""gpu_tiles"": ""1"", ""op"": ""preimage"", ""path"": ""ptrs""}",980,0,block_random,1024,2148,91013,ptrs
tile_sweep_publication,preimage,2d,dense,1,30,3,gpu_source,gpu_us,1,0,0,1,386000000,2,2,2,1000,1000,4,1,0,1.028444,/pscratch/sd/r/rchanani/realm/build_pm_deppart/tests/benchmark -ll:gpu 1 -ll:cpu 1 -ll:fsize 8192 -dp:workers 1 -dp:hpool 256 -nocheck -block_random -block_volume 1024 -dp:noisectopt -d1 2 -d2 2 preimage -n 1000 -e 1000 -p 1 -s 4 -f 1 -b 30,"{""buffer_size"": ""30"", ""cpu_us"": ""12176"", ""d1"": ""2"", ""d2"": ""2"", ""gpu_us"": ""2099"", ""num_edges"": ""1000"", ""num_nodes"": ""1000"", ""num_pieces"": ""1"", ""num_spaces"": ""4"", ""op"": ""preimage"", ""sparse_factor"": ""1""}","{""d1"": ""2"", ""d2"": ""2"", ""gpu_host_fallback"": ""0"", ""gpu_input_rects"": ""1"", ""gpu_oom_backoffs"": ""0"", ""gpu_scratch_bytes"": ""386000000"", ""gpu_tiles"": ""1"", ""op"": ""preimage"", ""path"": ""ptrs""}",981,1,block_random,1024,2099,12176,ptrs
tile_sweep_publication,preimage,2d,dense,1,40,3,cpu_source,cpu_us,1,0,0,1,514000000,2,2,2,1000,1000,4,1,0,1.165451,/pscratch/sd/r/rchanani/realm/build_pm_deppart/tests/benchmark -ll:gpu 1 -ll:cpu 1 -ll:fsize 8192 -dp:workers 1 -dp:hpool 256 -nocheck -block_random -block_volume 1024 -d1 2 -d2 2 preimage -n 1000 -e 1000 -p 1 -s 4 -f 1 -b 40,"{""buffer_size"": ""40"", ""cpu_us"": ""91428"", ""d1"": ""2"", ""d2"": ""2"", ""gpu_us"": ""2113"", ""num_edges"": ""1000"", ""num_nodes"": ""1000"", ""num_pieces"": ""1"", ""num_spaces"": ""4"", ""op"": ""preimage"", ""sparse_factor"": ""1""}","{""d1"": ""2"", ""d2"": ""2"", ""gpu_host_fallback"": ""0"", ""gpu_input_rects"": ""1"", ""gpu_oom_backoffs"": ""0"", ""gpu_scratch_bytes"": ""514000000"", ""gpu_tiles"": ""1"", ""op"": ""preimage"", ""path"": ""ptrs""}",982,2,block_random,1024,2113,91428,ptrs
tile_sweep_publication,preimage,2d,dense,1,40,3,gpu_source,gpu_us,1,0,0,1,514000000,2,2,2,1000,1000,4,1,0,0.933307,/pscratch/sd/r/rchanani/realm/build_pm_deppart/tests/benchmark -ll:gpu 1 -ll:cpu 1 -ll:fsize 8192 -dp:workers 1 -dp:hpool 256 -nocheck -block_random -block_volume 1024 -dp:noisectopt -d1 2 -d2 2 preimage -n 1000 -e 1000 -p 1 -s 4 -f 1 -b 40,"{""buffer_size"": ""40"", ""cpu_us"": ""12116"", ""d1"": ""2"", ""d2"": ""2"", ""gpu_us"": ""2263"", ""num_edges"": ""1000"", ""num_nodes"": ""1000"", ""num_pieces"": ""1"", ""num_spaces"": ""4"", ""op"": ""preimage"", ""sparse_factor"": ""1""}","{""d1"": ""2"", ""d2"": ""2"", ""gpu_host_fallback"": ""0"", ""gpu_input_rects"": ""1"", ""gpu_oom_backoffs"": ""0"", ""gpu_scratch_bytes"": ""514000000"", ""gpu_tiles"": ""1"", ""op"": ""preimage"", ""path"": ""ptrs""}",983,3,block_random,1024,2263,12116,ptrs
tile_sweep_publication,preimage,2d,dense,1,50,3,cpu_source,cpu_us,1,0,0,1,642000000,2,2,2,1000,1000,4,1,0,1.001778,/pscratch/sd/r/rchanani/realm/build_pm_deppart/tests/benchmark -ll:gpu 1 -ll:cpu 1 -ll:fsize 8192 -dp:workers 1 -dp:hpool 256 -nocheck -block_random -block_volume 1024 -d1 2 -d2 2 preimage -n 1000 -e 1000 -p 1 -s 4 -f 1 -b 50,"{""buffer_size"": ""50"", ""cpu_us"": ""91232"", ""d1"": ""2"", ""d2"": ""2"", ""gpu_us"": ""2162"", ""num_edges"": ""1000"", ""num_nodes"": ""1000"", ""num_pieces"": ""1"", ""num_spaces"": ""4"", ""op"": ""preimage"", ""sparse_factor"": ""1""}","{""d1"": ""2"", ""d2"": ""2"", ""gpu_host_fallback"": ""0"", ""gpu_input_rects"": ""1"", ""gpu_oom_backoffs"": ""0"", ""gpu_scratch_bytes"": ""642000000"", ""gpu_tiles"": ""1"", ""op"": ""preimage"", ""path"": ""ptrs""}",984,0,block_random,1024,2162,91232,ptrs
tile_sweep_publication,preimage,2d,dense,1,50,3,gpu_source,gpu_us,1,0,0,1,642000000,2,2,2,1000,1000,4,1,0,1.002544,/pscratch/sd/r/rchanani/realm/build_pm_deppart/tests/benchmark -ll:gpu 1 -ll:cpu 1 -ll:fsize 8192 -dp:workers 1 -dp:hpool 256 -nocheck -block_random -block_volume 1024 -dp:noisectopt -d1 2 -d2 2 preimage -n 1000 -e 1000 -p 1 -s 4 -f 1 -b 50,"{""buffer_size"": ""50"", ""cpu_us"": ""12212"", ""d1"": ""2"", ""d2"": ""2"", ""gpu_us"": ""2024"", ""num_edges"": ""1000"", ""num_nodes"": ""1000"", ""num_pieces"": ""1"", ""num_spaces"": ""4"", ""op"": ""preimage"", ""sparse_factor"": ""1""}","{""d1"": ""2"", ""d2"": ""2"", ""gpu_host_fallback"": ""0"", ""gpu_input_rects"": ""1"", ""gpu_oom_backoffs"": ""0"", ""gpu_scratch_bytes"": ""642000000"", ""gpu_tiles"": ""1"", ""op"": ""preimage"", ""path"": ""ptrs""}",985,1,block_random,1024,2024,12212,ptrs
tile_sweep_publication,preimage,2d,dense,1,75,3,cpu_source,cpu_us,1,0,0,1,962000000,2,2,2,1000,1000,4,1,0,1.286023,/pscratch/sd/r/rchanani/realm/build_pm_deppart/tests/benchmark -ll:gpu 1 -ll:cpu 1 -ll:fsize 8192 -dp:workers 1 -dp:hpool 256 -nocheck -block_random -block_volume 1024 -d1 2 -d2 2 preimage -n 1000 -e 1000 -p 1 -s 4 -f 1 -b 75,"{""buffer_size"": ""75"", ""cpu_us"": ""92155"", ""d1"": ""2"", ""d2"": ""2"", ""gpu_us"": ""2179"", ""num_edges"": ""1000"", ""num_nodes"": ""1000"", ""num_pieces"": ""1"", ""num_spaces"": ""4"", ""op"": ""preimage"", ""sparse_factor"": ""1""}","{""d1"": ""2"", ""d2"": ""2"", ""gpu_host_fallback"": ""0"", ""gpu_input_rects"": ""1"", ""gpu_oom_backoffs"": ""0"", ""gpu_scratch_bytes"": ""962000000"", ""gpu_tiles"": ""1"", ""op"": ""preimage"", ""path"": ""ptrs""}",986,2,block_random,1024,2179,92155,ptrs
tile_sweep_publication,preimage,2d,dense,1,75,3,gpu_source,gpu_us,1,0,0,1,962000000,2,2,2,1000,1000,4,1,0,0.930569,/pscratch/sd/r/rchanani/realm/build_pm_deppart/tests/benchmark -ll:gpu 1 -ll:cpu 1 -ll:fsize 8192 -dp:workers 1 -dp:hpool 256 -nocheck -block_random -block_volume 1024 -dp:noisectopt -d1 2 -d2 2 preimage -n 1000 -e 1000 -p 1 -s 4 -f 1 -b 75,"{""buffer_size"": ""75"", ""cpu_us"": ""12348"", ""d1"": ""2"", ""d2"": ""2"", ""gpu_us"": ""2131"", ""num_edges"": ""1000"", ""num_nodes"": ""1000"", ""num_pieces"": ""1"", ""num_spaces"": ""4"", ""op"": ""preimage"", ""sparse_factor"": ""1""}","{""d1"": ""2"", ""d2"": ""2"", ""gpu_host_fallback"": ""0"", ""gpu_input_rects"": ""1"", ""gpu_oom_backoffs"": ""0"", ""gpu_scratch_bytes"": ""962000000"", ""gpu_tiles"": ""1"", ""op"": ""preimage"", ""path"": ""ptrs""}",987,3,block_random,1024,2131,12348,ptrs
tile_sweep_publication,preimage,2d,dense,1,100,3,cpu_source,cpu_us,1,0,0,1,1282000000,2,2,2,1000,1000,4,1,0,1.002405,/pscratch/sd/r/rchanani/realm/build_pm_deppart/tests/benchmark -ll:gpu 1 -ll:cpu 1 -ll:fsize 8192 -dp:workers 1 -dp:hpool 256 -nocheck -block_random -block_volume 1024 -d1 2 -d2 2 preimage -n 1000 -e 1000 -p 1 -s 4 -f 1 -b 100,"{""buffer_size"": ""100"", ""cpu_us"": ""91096"", ""d1"": ""2"", ""d2"": ""2"", ""gpu_us"": ""2211"", ""num_edges"": ""1000"", ""num_nodes"": ""1000"", ""num_pieces"": ""1"", ""num_spaces"": ""4"", ""op"": ""preimage"", ""sparse_factor"": ""1""}","{""d1"": ""2"", ""d2"": ""2"", ""gpu_host_fallback"": ""0"", ""gpu_input_rects"": ""1"", ""gpu_oom_backoffs"": ""0"", ""gpu_scratch_bytes"": ""1282000000"", ""gpu_tiles"": ""1"", ""op"": ""preimage"", ""path"": ""ptrs""}",988,0,block_random,1024,2211,91096,ptrs
tile_sweep_publication,preimage,2d,dense,1,100,3,gpu_source,gpu_us,1,0,0,1,1282000000,2,2,2,1000,1000,4,1,0,1.046749,/pscratch/sd/r/rchanani/realm/build_pm_deppart/tests/benchmark -ll:gpu 1 -ll:cpu 1 -ll:fsize 8192 -dp:workers 1 -dp:hpool 256 -nocheck -block_random -block_volume 1024 -dp:noisectopt -d1 2 -d2 2 preimage -n 1000 -e 1000 -p 1 -s 4 -f 1 -b 100,"{""buffer_size"": ""100"", ""cpu_us"": ""12345"", ""d1"": ""2"", ""d2"": ""2"", ""gpu_us"": ""2072"", ""num_edges"": ""1000"", ""num_nodes"": ""1000"", ""num_pieces"": ""1"", ""num_spaces"": ""4"", ""op"": ""preimage"", ""sparse_factor"": ""1""}","{""d1"": ""2"", ""d2"": ""2"", ""gpu_host_fallback"": ""0"", ""gpu_input_rects"": ""1"", ""gpu_oom_backoffs"": ""0"", ""gpu_scratch_bytes"": ""1282000000"", ""gpu_tiles"": ""1"", ""op"": ""preimage"", ""path"": ""ptrs""}",989,1,block_random,1024,2072,12345,ptrs
tile_sweep_publication,preimage,2d,sparse,5,1,3,cpu_source,cpu_us,1,0,0,1,31744128,2,2,2,1000,1000,4,1,0,1.957565,/pscratch/sd/r/rchanani/realm/build_pm_deppart/tests/benchmark -ll:gpu 1 -ll:cpu 1 -ll:fsize 8192 -dp:workers 1 -dp:hpool 256 -nocheck -block_random -block_volume 1024 -d1 2 -d2 2 preimage -n 1000 -e 1000 -p 1 -s 4 -f 5 -b 1,"{""buffer_size"": ""1"", ""cpu_us"": ""667231"", ""d1"": ""2"", ""d2"": ""2"", ""gpu_us"": ""3568"", ""num_edges"": ""1000"", ""num_nodes"": ""1000"", ""num_pieces"": ""1"", ""num_spaces"": ""4"", ""op"": ""preimage"", ""sparse_factor"": ""5""}","{""d1"": ""2"", ""d2"": ""2"", ""gpu_host_fallback"": ""0"", ""gpu_input_rects"": ""1"", ""gpu_oom_backoffs"": ""0"", ""gpu_scratch_bytes"": ""31744128"", ""gpu_tiles"": ""1"", ""op"": ""preimage"", ""path"": ""ptrs""}",990,2,block_random,1024,3568,667231,ptrs
tile_sweep_publication,preimage,2d,sparse,5,1,3,gpu_source,gpu_us,1,0,0,1,31744128,2,2,2,1000,1000,4,1,0,1.577458,/pscratch/sd/r/rchanani/realm/build_pm_deppart/tests/benchmark -ll:gpu 1 -ll:cpu 1 -ll:fsize 8192 -dp:workers 1 -dp:hpool 256 -nocheck -block_random -block_volume 1024 -dp:noisectopt -d1 2 -d2 2 preimage -n 1000 -e 1000 -p 1 -s 4 -f 5 -b 1,"{""buffer_size"": ""1"", ""cpu_us"": ""584302"", ""d1"": ""2"", ""d2"": ""2"", ""gpu_us"": ""3944"", ""num_edges"": ""1000"", ""num_nodes"": ""1000"", ""num_pieces"": ""1"", ""num_spaces"": ""4"", ""op"": ""preimage"", ""sparse_factor"": ""5""}","{""d1"": ""2"", ""d2"": ""2"", ""gpu_host_fallback"": ""0"", ""gpu_input_rects"": ""1"", ""gpu_oom_backoffs"": ""0"", ""gpu_scratch_bytes"": ""31744128"", ""gpu_tiles"": ""1"", ""op"": ""preimage"", ""path"": ""ptrs""}",991,3,block_random,1024,3944,584302,ptrs
tile_sweep_publication,preimage,2d,sparse,5,2,3,cpu_source,cpu_us,1,0,0,1,44544128,2,2,2,1000,1000,4,1,0,1.629717,/pscratch/sd/r/rchanani/realm/build_pm_deppart/tests/benchmark -ll:gpu 1 -ll:cpu 1 -ll:fsize 8192 -dp:workers 1 -dp:hpool 256 -nocheck -block_random -block_volume 1024 -d1 2 -d2 2 preimage -n 1000 -e 1000 -p 1 -s 4 -f 5 -b 2,"{""buffer_size"": ""2"", ""cpu_us"": ""652974"", ""d1"": ""2"", ""d2"": ""2"", ""gpu_us"": ""3629"", ""num_edges"": ""1000"", ""num_nodes"": ""1000"", ""num_pieces"": ""1"", ""num_spaces"": ""4"", ""op"": ""preimage"", ""sparse_factor"": ""5""}","{""d1"": ""2"", ""d2"": ""2"", ""gpu_host_fallback"": ""0"", ""gpu_input_rects"": ""1"", ""gpu_oom_backoffs"": ""0"", ""gpu_scratch_bytes"": ""44544128"", ""gpu_tiles"": ""1"", ""op"": ""preimage"", ""path"": ""ptrs""}",992,0,block_random,1024,3629,652974,ptrs
tile_sweep_publication,preimage,2d,sparse,5,2,3,gpu_source,gpu_us,1,0,0,1,44544128,2,2,2,1000,1000,4,1,0,1.779677,/pscratch/sd/r/rchanani/realm/build_pm_deppart/tests/benchmark -ll:gpu 1 -ll:cpu 1 -ll:fsize 8192 -dp:workers 1 -dp:hpool 256 -nocheck -block_random -block_volume 1024 -dp:noisectopt -d1 2 -d2 2 preimage -n 1000 -e 1000 -p 1 -s 4 -f 5 -b 2,"{""buffer_size"": ""2"", ""cpu_us"": ""586573"", ""d1"": ""2"", ""d2"": ""2"", ""gpu_us"": ""3350"", ""num_edges"": ""1000"", ""num_nodes"": ""1000"", ""num_pieces"": ""1"", ""num_spaces"": ""4"", ""op"": ""preimage"", ""sparse_factor"": ""5""}","{""d1"": ""2"", ""d2"": ""2"", ""gpu_host_fallback"": ""0"", ""gpu_input_rects"": ""1"", ""gpu_oom_backoffs"": ""0"", ""gpu_scratch_bytes"": ""44544128"", ""gpu_tiles"": ""1"", ""op"": ""preimage"", ""path"": ""ptrs""}",993,1,block_random,1024,3350,586573,ptrs
tile_sweep_publication,preimage,2d,sparse,5,3,3,cpu_source,cpu_us,1,0,0,1,57344128,2,2,2,1000,1000,4,1,0,1.927369,/pscratch/sd/r/rchanani/realm/build_pm_deppart/tests/benchmark -ll:gpu 1 -ll:cpu 1 -ll:fsize 8192 -dp:workers 1 -dp:hpool 256 -nocheck -block_random -block_volume 1024 -d1 2 -d2 2 preimage -n 1000 -e 1000 -p 1 -s 4 -f 5 -b 3,"{""buffer_size"": ""3"", ""cpu_us"": ""656281"", ""d1"": ""2"", ""d2"": ""2"", ""gpu_us"": ""3458"", ""num_edges"": ""1000"", ""num_nodes"": ""1000"", ""num_pieces"": ""1"", ""num_spaces"": ""4"", ""op"": ""preimage"", ""sparse_factor"": ""5""}","{""d1"": ""2"", ""d2"": ""2"", ""gpu_host_fallback"": ""0"", ""gpu_input_rects"": ""1"", ""gpu_oom_backoffs"": ""0"", ""gpu_scratch_bytes"": ""57344128"", ""gpu_tiles"": ""1"", ""op"": ""preimage"", ""path"": ""ptrs""}",994,2,block_random,1024,3458,656281,ptrs
tile_sweep_publication,preimage,2d,sparse,5,3,3,gpu_source,gpu_us,1,0,0,1,57344128,2,2,2,1000,1000,4,1,0,1.557102,/pscratch/sd/r/rchanani/realm/build_pm_deppart/tests/benchmark -ll:gpu 1 -ll:cpu 1 -ll:fsize 8192 -dp:workers 1 -dp:hpool 256 -nocheck -block_random -block_volume 1024 -dp:noisectopt -d1 2 -d2 2 preimage -n 1000 -e 1000 -p 1 -s 4 -f 5 -b 3,"{""buffer_size"": ""3"", ""cpu_us"": ""578260"", ""d1"": ""2"", ""d2"": ""2"", ""gpu_us"": ""4045"", ""num_edges"": ""1000"", ""num_nodes"": ""1000"", ""num_pieces"": ""1"", ""num_spaces"": ""4"", ""op"": ""preimage"", ""sparse_factor"": ""5""}","{""d1"": ""2"", ""d2"": ""2"", ""gpu_host_fallback"": ""0"", ""gpu_input_rects"": ""1"", ""gpu_oom_backoffs"": ""0"", ""gpu_scratch_bytes"": ""57344128"", ""gpu_tiles"": ""1"", ""op"": ""preimage"", ""path"": ""ptrs""}",995,3,block_random,1024,4045,578260,ptrs
tile_sweep_publication,preimage,2d,sparse,5,4,3,cpu_source,cpu_us,1,0,0,1,70144128,2,2,2,1000,1000,4,1,0,1.658588,/pscratch/sd/r/rchanani/realm/build_pm_deppart/tests/benchmark -ll:gpu 1 -ll:cpu 1 -ll:fsize 8192 -dp:workers 1 -dp:hpool 256 -nocheck -block_random -block_volume 1024 -d1 2 -d2 2 preimage -n 1000 -e 1000 -p 1 -s 4 -f 5 -b 4,"{""buffer_size"": ""4"", ""cpu_us"": ""660864"", ""d1"": ""2"", ""d2"": ""2"", ""gpu_us"": ""3963"", ""num_edges"": ""1000"", ""num_nodes"": ""1000"", ""num_pieces"": ""1"", ""num_spaces"": ""4"", ""op"": ""preimage"", ""sparse_factor"": ""5""}","{""d1"": ""2"", ""d2"": ""2"", ""gpu_host_fallback"": ""0"", ""gpu_input_rects"": ""1"", ""gpu_oom_backoffs"": ""0"", ""gpu_scratch_bytes"": ""70144128"", ""gpu_tiles"": ""1"", ""op"": ""preimage"", ""path"": ""ptrs""}",996,0,block_random,1024,3963,660864,ptrs
tile_sweep_publication,preimage,2d,sparse,5,4,3,gpu_source,gpu_us,1,0,0,1,70144128,2,2,2,1000,1000,4,1,0,1.733893,/pscratch/sd/r/rchanani/realm/build_pm_deppart/tests/benchmark -ll:gpu 1 -ll:cpu 1 -ll:fsize 8192 -dp:workers 1 -dp:hpool 256 -nocheck -block_random -block_volume 1024 -dp:noisectopt -d1 2 -d2 2 preimage -n 1000 -e 1000 -p 1 -s 4 -f 5 -b 4,"{""buffer_size"": ""4"", ""cpu_us"": ""583912"", ""d1"": ""2"", ""d2"": ""2"", ""gpu_us"": ""3515"", ""num_edges"": ""1000"", ""num_nodes"": ""1000"", ""num_pieces"": ""1"", ""num_spaces"": ""4"", ""op"": ""preimage"", ""sparse_factor"": ""5""}","{""d1"": ""2"", ""d2"": ""2"", ""gpu_host_fallback"": ""0"", ""gpu_input_rects"": ""1"", ""gpu_oom_backoffs"": ""0"", ""gpu_scratch_bytes"": ""70144128"", ""gpu_tiles"": ""1"", ""op"": ""preimage"", ""path"": ""ptrs""}",997,1,block_random,1024,3515,583912,ptrs
tile_sweep_publication,preimage,2d,sparse,5,5,3,cpu_source,cpu_us,1,0,0,1,82944128,2,2,2,1000,1000,4,1,0,1.904081,/pscratch/sd/r/rchanani/realm/build_pm_deppart/tests/benchmark -ll:gpu 1 -ll:cpu 1 -ll:fsize 8192 -dp:workers 1 -dp:hpool 256 -nocheck -block_random -block_volume 1024 -d1 2 -d2 2 preimage -n 1000 -e 1000 -p 1 -s 4 -f 5 -b 5,"{""buffer_size"": ""5"", ""cpu_us"": ""678210"", ""d1"": ""2"", ""d2"": ""2"", ""gpu_us"": ""3600"", ""num_edges"": ""1000"", ""num_nodes"": ""1000"", ""num_pieces"": ""1"", ""num_spaces"": ""4"", ""op"": ""preimage"", ""sparse_factor"": ""5""}","{""d1"": ""2"", ""d2"": ""2"", ""gpu_host_fallback"": ""0"", ""gpu_input_rects"": ""1"", ""gpu_oom_backoffs"": ""0"", ""gpu_scratch_bytes"": ""82944128"", ""gpu_tiles"": ""1"", ""op"": ""preimage"", ""path"": ""ptrs""}",998,2,block_random,1024,3600,678210,ptrs
tile_sweep_publication,preimage,2d,sparse,5,5,3,gpu_source,gpu_us,1,0,0,1,82944128,2,2,2,1000,1000,4,1,0,1.544057,/pscratch/sd/r/rchanani/realm/build_pm_deppart/tests/benchmark -ll:gpu 1 -ll:cpu 1 -ll:fsize 8192 -dp:workers 1 -dp:hpool 256 -nocheck -block_random -block_volume 1024 -dp:noisectopt -d1 2 -d2 2 preimage -n 1000 -e 1000 -p 1 -s 4 -f 5 -b 5,"{""buffer_size"": ""5"", ""cpu_us"": ""576724"", ""d1"": ""2"", ""d2"": ""2"", ""gpu_us"": ""3900"", ""num_edges"": ""1000"", ""num_nodes"": ""1000"", ""num_pieces"": ""1"", ""num_spaces"": ""4"", ""op"": ""preimage"", ""sparse_factor"": ""5""}","{""d1"": ""2"", ""d2"": ""2"", ""gpu_host_fallback"": ""0"", ""gpu_input_rects"": ""1"", ""gpu_oom_backoffs"": ""0"", ""gpu_scratch_bytes"": ""82944128"", ""gpu_tiles"": ""1"", ""op"": ""preimage"", ""path"": ""ptrs""}",999,3,block_random,1024,3900,576724,ptrs
tile_sweep_publication,preimage,2d,sparse,5,7,3,cpu_source,cpu_us,1,0,0,1,108544128,2,2,2,1000,1000,4,1,0,1.644511,/pscratch/sd/r/rchanani/realm/build_pm_deppart/tests/benchmark -ll:gpu 1 -ll:cpu 1 -ll:fsize 8192 -dp:workers 1 -dp:hpool 256 -nocheck -block_random -block_volume 1024 -d1 2 -d2 2 preimage -n 1000 -e 1000 -p 1 -s 4 -f 5 -b 7,"{""buffer_size"": ""7"", ""cpu_us"": ""662920"", ""d1"": ""2"", ""d2"": ""2"", ""gpu_us"": ""3878"", ""num_edges"": ""1000"", ""num_nodes"": ""1000"", ""num_pieces"": ""1"", ""num_spaces"": ""4"", ""op"": ""preimage"", ""sparse_factor"": ""5""}","{""d1"": ""2"", ""d2"": ""2"", ""gpu_host_fallback"": ""0"", ""gpu_input_rects"": ""1"", ""gpu_oom_backoffs"": ""0"", ""gpu_scratch_bytes"": ""108544128"", ""gpu_tiles"": ""1"", ""op"": ""preimage"", ""path"": ""ptrs""}",1000,0,block_random,1024,3878,662920,ptrs
tile_sweep_publication,preimage,2d,sparse,5,7,3,gpu_source,gpu_us,1,0,0,1,108544128,2,2,2,1000,1000,4,1,0,1.745473,/pscratch/sd/r/rchanani/realm/build_pm_deppart/tests/benchmark -ll:gpu 1 -ll:cpu 1 -ll:fsize 8192 -dp:workers 1 -dp:hpool 256 -nocheck -block_random -block_volume 1024 -dp:noisectopt -d1 2 -d2 2 preimage -n 1000 -e 1000 -p 1 -s 4 -f 5 -b 7,"{""buffer_size"": ""7"", ""cpu_us"": ""570598"", ""d1"": ""2"", ""d2"": ""2"", ""gpu_us"": ""3665"", ""num_edges"": ""1000"", ""num_nodes"": ""1000"", ""num_pieces"": ""1"", ""num_spaces"": ""4"", ""op"": ""preimage"", ""sparse_factor"": ""5""}","{""d1"": ""2"", ""d2"": ""2"", ""gpu_host_fallback"": ""0"", ""gpu_input_rects"": ""1"", ""gpu_oom_backoffs"": ""0"", ""gpu_scratch_bytes"": ""108544128"", ""gpu_tiles"": ""1"", ""op"": ""preimage"", ""path"": ""ptrs""}",1001,1,block_random,1024,3665,570598,ptrs
tile_sweep_publication,preimage,2d,sparse,5,10,3,cpu_source,cpu_us,1,0,0,1,146944128,2,2,2,1000,1000,4,1,0,1.898154,/pscratch/sd/r/rchanani/realm/build_pm_deppart/tests/benchmark -ll:gpu 1 -ll:cpu 1 -ll:fsize 8192 -dp:workers 1 -dp:hpool 256 -nocheck -block_random -block_volume 1024 -d1 2 -d2 2 preimage -n 1000 -e 1000 -p 1 -s 4 -f 5 -b 10,"{""buffer_size"": ""10"", ""cpu_us"": ""654477"", ""d1"": ""2"", ""d2"": ""2"", ""gpu_us"": ""3518"", ""num_edges"": ""1000"", ""num_nodes"": ""1000"", ""num_pieces"": ""1"", ""num_spaces"": ""4"", ""op"": ""preimage"", ""sparse_factor"": ""5""}","{""d1"": ""2"", ""d2"": ""2"", ""gpu_host_fallback"": ""0"", ""gpu_input_rects"": ""1"", ""gpu_oom_backoffs"": ""0"", ""gpu_scratch_bytes"": ""146944128"", ""gpu_tiles"": ""1"", ""op"": ""preimage"", ""path"": ""ptrs""}",1002,2,block_random,1024,3518,654477,ptrs
tile_sweep_publication,preimage,2d,sparse,5,10,3,gpu_source,gpu_us,1,0,0,1,146944128,2,2,2,1000,1000,4,1,0,1.595093,/pscratch/sd/r/rchanani/realm/build_pm_deppart/tests/benchmark -ll:gpu 1 -ll:cpu 1 -ll:fsize 8192 -dp:workers 1 -dp:hpool 256 -nocheck -block_random -block_volume 1024 -dp:noisectopt -d1 2 -d2 2 preimage -n 1000 -e 1000 -p 1 -s 4 -f 5 -b 10,"{""buffer_size"": ""10"", ""cpu_us"": ""589788"", ""d1"": ""2"", ""d2"": ""2"", ""gpu_us"": ""3813"", ""num_edges"": ""1000"", ""num_nodes"": ""1000"", ""num_pieces"": ""1"", ""num_spaces"": ""4"", ""op"": ""preimage"", ""sparse_factor"": ""5""}","{""d1"": ""2"", ""d2"": ""2"", ""gpu_host_fallback"": ""0"", ""gpu_input_rects"": ""1"", ""gpu_oom_backoffs"": ""0"", ""gpu_scratch_bytes"": ""146944128"", ""gpu_tiles"": ""1"", ""op"": ""preimage"", ""path"": ""ptrs""}",1003,3,block_random,1024,3813,589788,ptrs
tile_sweep_publication,preimage,2d,sparse,5,15,3,cpu_source,cpu_us,1,0,0,1,210944128,2,2,2,1000,1000,4,1,0,1.643898,/pscratch/sd/r/rchanani/realm/build_pm_deppart/tests/benchmark -ll:gpu 1 -ll:cpu 1 -ll:fsize 8192 -dp:workers 1 -dp:hpool 256 -nocheck -block_random -block_volume 1024 -d1 2 -d2 2 preimage -n 1000 -e 1000 -p 1 -s 4 -f 5 -b 15,"{""buffer_size"": ""15"", ""cpu_us"": ""657911"", ""d1"": ""2"", ""d2"": ""2"", ""gpu_us"": ""4230"", ""num_edges"": ""1000"", ""num_nodes"": ""1000"", ""num_pieces"": ""1"", ""num_spaces"": ""4"", ""op"": ""preimage"", ""sparse_factor"": ""5""}","{""d1"": ""2"", ""d2"": ""2"", ""gpu_host_fallback"": ""0"", ""gpu_input_rects"": ""1"", ""gpu_oom_backoffs"": ""0"", ""gpu_scratch_bytes"": ""210944128"", ""gpu_tiles"": ""1"", ""op"": ""preimage"", ""path"": ""ptrs""}",1004,0,block_random,1024,4230,657911,ptrs
tile_sweep_publication,preimage,2d,sparse,5,15,3,gpu_source,gpu_us,1,0,0,1,210944128,2,2,2,1000,1000,4,1,0,1.701422,/pscratch/sd/r/rchanani/realm/build_pm_deppart/tests/benchmark -ll:gpu 1 -ll:cpu 1 -ll:fsize 8192 -dp:workers 1 -dp:hpool 256 -nocheck -block_random -block_volume 1024 -dp:noisectopt -d1 2 -d2 2 preimage -n 1000 -e 1000 -p 1 -s 4 -f 5 -b 15,"{""buffer_size"": ""15"", ""cpu_us"": ""586843"", ""d1"": ""2"", ""d2"": ""2"", ""gpu_us"": ""3673"", ""num_edges"": ""1000"", ""num_nodes"": ""1000"", ""num_pieces"": ""1"", ""num_spaces"": ""4"", ""op"": ""preimage"", ""sparse_factor"": ""5""}","{""d1"": ""2"", ""d2"": ""2"", ""gpu_host_fallback"": ""0"", ""gpu_input_rects"": ""1"", ""gpu_oom_backoffs"": ""0"", ""gpu_scratch_bytes"": ""210944128"", ""gpu_tiles"": ""1"", ""op"": ""preimage"", ""path"": ""ptrs""}",1005,1,block_random,1024,3673,586843,ptrs
tile_sweep_publication,preimage,2d,sparse,5,20,3,cpu_source,cpu_us,1,0,0,1,274944128,2,2,2,1000,1000,4,1,0,1.936361,/pscratch/sd/r/rchanani/realm/build_pm_deppart/tests/benchmark -ll:gpu 1 -ll:cpu 1 -ll:fsize 8192 -dp:workers 1 -dp:hpool 256 -nocheck -block_random -block_volume 1024 -d1 2 -d2 2 preimage -n 1000 -e 1000 -p 1 -s 4 -f 5 -b 20,"{""buffer_size"": ""20"", ""cpu_us"": ""674147"", ""d1"": ""2"", ""d2"": ""2"", ""gpu_us"": ""3278"", ""num_edges"": ""1000"", ""num_nodes"": ""1000"", ""num_pieces"": ""1"", ""num_spaces"": ""4"", ""op"": ""preimage"", ""sparse_factor"": ""5""}","{""d1"": ""2"", ""d2"": ""2"", ""gpu_host_fallback"": ""0"", ""gpu_input_rects"": ""1"", ""gpu_oom_backoffs"": ""0"", ""gpu_scratch_bytes"": ""274944128"", ""gpu_tiles"": ""1"", ""op"": ""preimage"", ""path"": ""ptrs""}",1006,2,block_random,1024,3278,674147,ptrs
tile_sweep_publication,preimage,2d,sparse,5,20,3,gpu_source,gpu_us,1,0,0,1,274944128,2,2,2,1000,1000,4,1,0,1.582324,/pscratch/sd/r/rchanani/realm/build_pm_deppart/tests/benchmark -ll:gpu 1 -ll:cpu 1 -ll:fsize 8192 -dp:workers 1 -dp:hpool 256 -nocheck -block_random -block_volume 1024 -dp:noisectopt -d1 2 -d2 2 preimage -n 1000 -e 1000 -p 1 -s 4 -f 5 -b 20,"{""buffer_size"": ""20"", ""cpu_us"": ""580255"", ""d1"": ""2"", ""d2"": ""2"", ""gpu_us"": ""3940"", ""num_edges"": ""1000"", ""num_nodes"": ""1000"", ""num_pieces"": ""1"", ""num_spaces"": ""4"", ""op"": ""preimage"", ""sparse_factor"": ""5""}","{""d1"": ""2"", ""d2"": ""2"", ""gpu_host_fallback"": ""0"", ""gpu_input_rects"": ""1"", ""gpu_oom_backoffs"": ""0"", ""gpu_scratch_bytes"": ""274944128"", ""gpu_tiles"": ""1"", ""op"": ""preimage"", ""path"": ""ptrs""}",1007,3,block_random,1024,3940,580255,ptrs
tile_sweep_publication,preimage,2d,sparse,5,25,3,cpu_source,cpu_us,1,0,0,1,338944128,2,2,2,1000,1000,4,1,0,1.647030,/pscratch/sd/r/rchanani/realm/build_pm_deppart/tests/benchmark -ll:gpu 1 -ll:cpu 1 -ll:fsize 8192 -dp:workers 1 -dp:hpool 256 -nocheck -block_random -block_volume 1024 -d1 2 -d2 2 preimage -n 1000 -e 1000 -p 1 -s 4 -f 5 -b 25,"{""buffer_size"": ""25"", ""cpu_us"": ""653858"", ""d1"": ""2"", ""d2"": ""2"", ""gpu_us"": ""3867"", ""num_edges"": ""1000"", ""num_nodes"": ""1000"", ""num_pieces"": ""1"", ""num_spaces"": ""4"", ""op"": ""preimage"", ""sparse_factor"": ""5""}","{""d1"": ""2"", ""d2"": ""2"", ""gpu_host_fallback"": ""0"", ""gpu_input_rects"": ""1"", ""gpu_oom_backoffs"": ""0"", ""gpu_scratch_bytes"": ""338944128"", ""gpu_tiles"": ""1"", ""op"": ""preimage"", ""path"": ""ptrs""}",1008,0,block_random,1024,3867,653858,ptrs
tile_sweep_publication,preimage,2d,sparse,5,25,3,gpu_source,gpu_us,1,0,0,1,338944128,2,2,2,1000,1000,4,1,0,1.733207,/pscratch/sd/r/rchanani/realm/build_pm_deppart/tests/benchmark -ll:gpu 1 -ll:cpu 1 -ll:fsize 8192 -dp:workers 1 -dp:hpool 256 -nocheck -block_random -block_volume 1024 -dp:noisectopt -d1 2 -d2 2 preimage -n 1000 -e 1000 -p 1 -s 4 -f 5 -b 25,"{""buffer_size"": ""25"", ""cpu_us"": ""579001"", ""d1"": ""2"", ""d2"": ""2"", ""gpu_us"": ""3570"", ""num_edges"": ""1000"", ""num_nodes"": ""1000"", ""num_pieces"": ""1"", ""num_spaces"": ""4"", ""op"": ""preimage"", ""sparse_factor"": ""5""}","{""d1"": ""2"", ""d2"": ""2"", ""gpu_host_fallback"": ""0"", ""gpu_input_rects"": ""1"", ""gpu_oom_backoffs"": ""0"", ""gpu_scratch_bytes"": ""338944128"", ""gpu_tiles"": ""1"", ""op"": ""preimage"", ""path"": ""ptrs""}",1009,1,block_random,1024,3570,579001,ptrs
tile_sweep_publication,preimage,2d,sparse,5,30,3,cpu_source,cpu_us,1,0,0,1,402944128,2,2,2,1000,1000,4,1,0,1.921887,/pscratch/sd/r/rchanani/realm/build_pm_deppart/tests/benchmark -ll:gpu 1 -ll:cpu 1 -ll:fsize 8192 -dp:workers 1 -dp:hpool 256 -nocheck -block_random -block_volume 1024 -d1 2 -d2 2 preimage -n 1000 -e 1000 -p 1 -s 4 -f 5 -b 30,"{""buffer_size"": ""30"", ""cpu_us"": ""675411"", ""d1"": ""2"", ""d2"": ""2"", ""gpu_us"": ""3428"", ""num_edges"": ""1000"", ""num_nodes"": ""1000"", ""num_pieces"": ""1"", ""num_spaces"": ""4"", ""op"": ""preimage"", ""sparse_factor"": ""5""}","{""d1"": ""2"", ""d2"": ""2"", ""gpu_host_fallback"": ""0"", ""gpu_input_rects"": ""1"", ""gpu_oom_backoffs"": ""0"", ""gpu_scratch_bytes"": ""402944128"", ""gpu_tiles"": ""1"", ""op"": ""preimage"", ""path"": ""ptrs""}",1010,2,block_random,1024,3428,675411,ptrs
tile_sweep_publication,preimage,2d,sparse,5,30,3,gpu_source,gpu_us,1,0,0,1,402944128,2,2,2,1000,1000,4,1,0,1.586546,/pscratch/sd/r/rchanani/realm/build_pm_deppart/tests/benchmark -ll:gpu 1 -ll:cpu 1 -ll:fsize 8192 -dp:workers 1 -dp:hpool 256 -nocheck -block_random -block_volume 1024 -dp:noisectopt -d1 2 -d2 2 preimage -n 1000 -e 1000 -p 1 -s 4 -f 5 -b 30,"{""buffer_size"": ""30"", ""cpu_us"": ""577694"", ""d1"": ""2"", ""d2"": ""2"", ""gpu_us"": ""3929"", ""num_edges"": ""1000"", ""num_nodes"": ""1000"", ""num_pieces"": ""1"", ""num_spaces"": ""4"", ""op"": ""preimage"", ""sparse_factor"": ""5""}","{""d1"": ""2"", ""d2"": ""2"", ""gpu_host_fallback"": ""0"", ""gpu_input_rects"": ""1"", ""gpu_oom_backoffs"": ""0"", ""gpu_scratch_bytes"": ""402944128"", ""gpu_tiles"": ""1"", ""op"": ""preimage"", ""path"": ""ptrs""}",1011,3,block_random,1024,3929,577694,ptrs
tile_sweep_publication,preimage,2d,sparse,5,40,3,cpu_source,cpu_us,1,0,0,1,530944128,2,2,2,1000,1000,4,1,0,1.631351,/pscratch/sd/r/rchanani/realm/build_pm_deppart/tests/benchmark -ll:gpu 1 -ll:cpu 1 -ll:fsize 8192 -dp:workers 1 -dp:hpool 256 -nocheck -block_random -block_volume 1024 -d1 2 -d2 2 preimage -n 1000 -e 1000 -p 1 -s 4 -f 5 -b 40,"{""buffer_size"": ""40"", ""cpu_us"": ""656226"", ""d1"": ""2"", ""d2"": ""2"", ""gpu_us"": ""3773"", ""num_edges"": ""1000"", ""num_nodes"": ""1000"", ""num_pieces"": ""1"", ""num_spaces"": ""4"", ""op"": ""preimage"", ""sparse_factor"": ""5""}","{""d1"": ""2"", ""d2"": ""2"", ""gpu_host_fallback"": ""0"", ""gpu_input_rects"": ""1"", ""gpu_oom_backoffs"": ""0"", ""gpu_scratch_bytes"": ""530944128"", ""gpu_tiles"": ""1"", ""op"": ""preimage"", ""path"": ""ptrs""}",1012,0,block_random,1024,3773,656226,ptrs
tile_sweep_publication,preimage,2d,sparse,5,40,3,gpu_source,gpu_us,1,0,0,1,530944128,2,2,2,1000,1000,4,1,0,1.829123,/pscratch/sd/r/rchanani/realm/build_pm_deppart/tests/benchmark -ll:gpu 1 -ll:cpu 1 -ll:fsize 8192 -dp:workers 1 -dp:hpool 256 -nocheck -block_random -block_volume 1024 -dp:noisectopt -d1 2 -d2 2 preimage -n 1000 -e 1000 -p 1 -s 4 -f 5 -b 40,"{""buffer_size"": ""40"", ""cpu_us"": ""576613"", ""d1"": ""2"", ""d2"": ""2"", ""gpu_us"": ""3547"", ""num_edges"": ""1000"", ""num_nodes"": ""1000"", ""num_pieces"": ""1"", ""num_spaces"": ""4"", ""op"": ""preimage"", ""sparse_factor"": ""5""}","{""d1"": ""2"", ""d2"": ""2"", ""gpu_host_fallback"": ""0"", ""gpu_input_rects"": ""1"", ""gpu_oom_backoffs"": ""0"", ""gpu_scratch_bytes"": ""530944128"", ""gpu_tiles"": ""1"", ""op"": ""preimage"", ""path"": ""ptrs""}",1013,1,block_random,1024,3547,576613,ptrs
tile_sweep_publication,preimage,2d,sparse,5,50,3,cpu_source,cpu_us,1,0,0,1,658944128,2,2,2,1000,1000,4,1,0,1.783062,/pscratch/sd/r/rchanani/realm/build_pm_deppart/tests/benchmark -ll:gpu 1 -ll:cpu 1 -ll:fsize 8192 -dp:workers 1 -dp:hpool 256 -nocheck -block_random -block_volume 1024 -d1 2 -d2 2 preimage -n 1000 -e 1000 -p 1 -s 4 -f 5 -b 50,"{""buffer_size"": ""50"", ""cpu_us"": ""671890"", ""d1"": ""2"", ""d2"": ""2"", ""gpu_us"": ""3620"", ""num_edges"": ""1000"", ""num_nodes"": ""1000"", ""num_pieces"": ""1"", ""num_spaces"": ""4"", ""op"": ""preimage"", ""sparse_factor"": ""5""}","{""d1"": ""2"", ""d2"": ""2"", ""gpu_host_fallback"": ""0"", ""gpu_input_rects"": ""1"", ""gpu_oom_backoffs"": ""0"", ""gpu_scratch_bytes"": ""658944128"", ""gpu_tiles"": ""1"", ""op"": ""preimage"", ""path"": ""ptrs""}",1014,2,block_random,1024,3620,671890,ptrs
tile_sweep_publication,preimage,2d,sparse,5,50,3,gpu_source,gpu_us,1,0,0,1,658944128,2,2,2,1000,1000,4,1,0,1.613520,/pscratch/sd/r/rchanani/realm/build_pm_deppart/tests/benchmark -ll:gpu 1 -ll:cpu 1 -ll:fsize 8192 -dp:workers 1 -dp:hpool 256 -nocheck -block_random -block_volume 1024 -dp:noisectopt -d1 2 -d2 2 preimage -n 1000 -e 1000 -p 1 -s 4 -f 5 -b 50,"{""buffer_size"": ""50"", ""cpu_us"": ""575505"", ""d1"": ""2"", ""d2"": ""2"", ""gpu_us"": ""4369"", ""num_edges"": ""1000"", ""num_nodes"": ""1000"", ""num_pieces"": ""1"", ""num_spaces"": ""4"", ""op"": ""preimage"", ""sparse_factor"": ""5""}","{""d1"": ""2"", ""d2"": ""2"", ""gpu_host_fallback"": ""0"", ""gpu_input_rects"": ""1"", ""gpu_oom_backoffs"": ""0"", ""gpu_scratch_bytes"": ""658944128"", ""gpu_tiles"": ""1"", ""op"": ""preimage"", ""path"": ""ptrs""}",1015,3,block_random,1024,4369,575505,ptrs
tile_sweep_publication,preimage,2d,sparse,5,75,3,cpu_source,cpu_us,1,0,0,1,978944128,2,2,2,1000,1000,4,1,0,1.636017,/pscratch/sd/r/rchanani/realm/build_pm_deppart/tests/benchmark -ll:gpu 1 -ll:cpu 1 -ll:fsize 8192 -dp:workers 1 -dp:hpool 256 -nocheck -block_random -block_volume 1024 -d1 2 -d2 2 preimage -n 1000 -e 1000 -p 1 -s 4 -f 5 -b 75,"{""buffer_size"": ""75"", ""cpu_us"": ""665213"", ""d1"": ""2"", ""d2"": ""2"", ""gpu_us"": ""4029"", ""num_edges"": ""1000"", ""num_nodes"": ""1000"", ""num_pieces"": ""1"", ""num_spaces"": ""4"", ""op"": ""preimage"", ""sparse_factor"": ""5""}","{""d1"": ""2"", ""d2"": ""2"", ""gpu_host_fallback"": ""0"", ""gpu_input_rects"": ""1"", ""gpu_oom_backoffs"": ""0"", ""gpu_scratch_bytes"": ""978944128"", ""gpu_tiles"": ""1"", ""op"": ""preimage"", ""path"": ""ptrs""}",1016,0,block_random,1024,4029,665213,ptrs
tile_sweep_publication,preimage,2d,sparse,5,75,3,gpu_source,gpu_us,1,0,0,1,978944128,2,2,2,1000,1000,4,1,0,1.703839,/pscratch/sd/r/rchanani/realm/build_pm_deppart/tests/benchmark -ll:gpu 1 -ll:cpu 1 -ll:fsize 8192 -dp:workers 1 -dp:hpool 256 -nocheck -block_random -block_volume 1024 -dp:noisectopt -d1 2 -d2 2 preimage -n 1000 -e 1000 -p 1 -s 4 -f 5 -b 75,"{""buffer_size"": ""75"", ""cpu_us"": ""576319"", ""d1"": ""2"", ""d2"": ""2"", ""gpu_us"": ""4010"", ""num_edges"": ""1000"", ""num_nodes"": ""1000"", ""num_pieces"": ""1"", ""num_spaces"": ""4"", ""op"": ""preimage"", ""sparse_factor"": ""5""}","{""d1"": ""2"", ""d2"": ""2"", ""gpu_host_fallback"": ""0"", ""gpu_input_rects"": ""1"", ""gpu_oom_backoffs"": ""0"", ""gpu_scratch_bytes"": ""978944128"", ""gpu_tiles"": ""1"", ""op"": ""preimage"", ""path"": ""ptrs""}",1017,1,block_random,1024,4010,576319,ptrs
tile_sweep_publication,preimage,2d,sparse,5,100,3,cpu_source,cpu_us,1,0,0,1,1298944128,2,2,2,1000,1000,4,1,0,1.801600,/pscratch/sd/r/rchanani/realm/build_pm_deppart/tests/benchmark -ll:gpu 1 -ll:cpu 1 -ll:fsize 8192 -dp:workers 1 -dp:hpool 256 -nocheck -block_random -block_volume 1024 -d1 2 -d2 2 preimage -n 1000 -e 1000 -p 1 -s 4 -f 5 -b 100,"{""buffer_size"": ""100"", ""cpu_us"": ""660413"", ""d1"": ""2"", ""d2"": ""2"", ""gpu_us"": ""3435"", ""num_edges"": ""1000"", ""num_nodes"": ""1000"", ""num_pieces"": ""1"", ""num_spaces"": ""4"", ""op"": ""preimage"", ""sparse_factor"": ""5""}","{""d1"": ""2"", ""d2"": ""2"", ""gpu_host_fallback"": ""0"", ""gpu_input_rects"": ""1"", ""gpu_oom_backoffs"": ""0"", ""gpu_scratch_bytes"": ""1298944128"", ""gpu_tiles"": ""1"", ""op"": ""preimage"", ""path"": ""ptrs""}",1018,2,block_random,1024,3435,660413,ptrs
tile_sweep_publication,preimage,2d,sparse,5,100,3,gpu_source,gpu_us,1,0,0,1,1298944128,2,2,2,1000,1000,4,1,0,1.602241,/pscratch/sd/r/rchanani/realm/build_pm_deppart/tests/benchmark -ll:gpu 1 -ll:cpu 1 -ll:fsize 8192 -dp:workers 1 -dp:hpool 256 -nocheck -block_random -block_volume 1024 -dp:noisectopt -d1 2 -d2 2 preimage -n 1000 -e 1000 -p 1 -s 4 -f 5 -b 100,"{""buffer_size"": ""100"", ""cpu_us"": ""581757"", ""d1"": ""2"", ""d2"": ""2"", ""gpu_us"": ""3729"", ""num_edges"": ""1000"", ""num_nodes"": ""1000"", ""num_pieces"": ""1"", ""num_spaces"": ""4"", ""op"": ""preimage"", ""sparse_factor"": ""5""}","{""d1"": ""2"", ""d2"": ""2"", ""gpu_host_fallback"": ""0"", ""gpu_input_rects"": ""1"", ""gpu_oom_backoffs"": ""0"", ""gpu_scratch_bytes"": ""1298944128"", ""gpu_tiles"": ""1"", ""op"": ""preimage"", ""path"": ""ptrs""}",1019,3,block_random,1024,3729,581757,ptrs
tile_sweep_publication,preimage,3d,dense,1,1,3,cpu_source,cpu_us,8,14,1,8,21200000,2,3,3,100,100,4,1,0,1.057057,/pscratch/sd/r/rchanani/realm/build_pm_deppart/tests/benchmark -ll:gpu 1 -ll:cpu 1 -ll:fsize 8192 -dp:workers 1 -dp:hpool 256 -nocheck -block_random -block_volume 1024 -d1 3 -d2 3 preimage -n 100 -e 100 -p 1 -s 4 -f 1 -b 1,"{""buffer_size"": ""1"", ""cpu_us"": ""149119"", ""d1"": ""3"", ""d2"": ""3"", ""gpu_us"": ""37550"", ""num_edges"": ""100"", ""num_nodes"": ""100"", ""num_pieces"": ""1"", ""num_spaces"": ""4"", ""op"": ""preimage"", ""sparse_factor"": ""1""}","{""d1"": ""3"", ""d2"": ""3"", ""gpu_host_fallback"": ""1"", ""gpu_input_rects"": ""8"", ""gpu_oom_backoffs"": ""14"", ""gpu_scratch_bytes"": ""21200000"", ""gpu_tiles"": ""8"", ""op"": ""preimage"", ""path"": ""ptrs""}",1020,0,block_random,1024,37550,149119,ptrs
tile_sweep_publication,preimage,3d,dense,1,1,3,gpu_source,gpu_us,8,14,1,8,21200000,2,3,3,100,100,4,1,0,1.172130,/pscratch/sd/r/rchanani/realm/build_pm_deppart/tests/benchmark -ll:gpu 1 -ll:cpu 1 -ll:fsize 8192 -dp:workers 1 -dp:hpool 256 -nocheck -block_random -block_volume 1024 -dp:noisectopt -d1 3 -d2 3 preimage -n 100 -e 100 -p 1 -s 4 -f 1 -b 1,"{""buffer_size"": ""1"", ""cpu_us"": ""26332"", ""d1"": ""3"", ""d2"": ""3"", ""gpu_us"": ""41302"", ""num_edges"": ""100"", ""num_nodes"": ""100"", ""num_pieces"": ""1"", ""num_spaces"": ""4"", ""op"": ""preimage"", ""sparse_factor"": ""1""}","{""d1"": ""3"", ""d2"": ""3"", ""gpu_host_fallback"": ""1"", ""gpu_input_rects"": ""8"", ""gpu_oom_backoffs"": ""14"", ""gpu_scratch_bytes"": ""21200000"", ""gpu_tiles"": ""8"", ""op"": ""preimage"", ""path"": ""ptrs""}",1021,1,block_random,1024,41302,26332,ptrs
tile_sweep_publication,preimage,3d,dense,1,2,3,cpu_source,cpu_us,4,5,1,4,40400000,2,3,3,100,100,4,1,0,1.313350,/pscratch/sd/r/rchanani/realm/build_pm_deppart/tests/benchmark -ll:gpu 1 -ll:cpu 1 -ll:fsize 8192 -dp:workers 1 -dp:hpool 256 -nocheck -block_random -block_volume 1024 -d1 3 -d2 3 preimage -n 100 -e 100 -p 1 -s 4 -f 1 -b 2,"{""buffer_size"": ""2"", ""cpu_us"": ""147832"", ""d1"": ""3"", ""d2"": ""3"", ""gpu_us"": ""26331"", ""num_edges"": ""100"", ""num_nodes"": ""100"", ""num_pieces"": ""1"", ""num_spaces"": ""4"", ""op"": ""preimage"", ""sparse_factor"": ""1""}","{""d1"": ""3"", ""d2"": ""3"", ""gpu_host_fallback"": ""1"", ""gpu_input_rects"": ""4"", ""gpu_oom_backoffs"": ""5"", ""gpu_scratch_bytes"": ""40400000"", ""gpu_tiles"": ""4"", ""op"": ""preimage"", ""path"": ""ptrs""}",1022,2,block_random,1024,26331,147832,ptrs
tile_sweep_publication,preimage,3d,dense,1,2,3,gpu_source,gpu_us,4,5,1,4,40400000,2,3,3,100,100,4,1,0,0.932074,/pscratch/sd/r/rchanani/realm/build_pm_deppart/tests/benchmark -ll:gpu 1 -ll:cpu 1 -ll:fsize 8192 -dp:workers 1 -dp:hpool 256 -nocheck -block_random -block_volume 1024 -dp:noisectopt -d1 3 -d2 3 preimage -n 100 -e 100 -p 1 -s 4 -f 1 -b 2,"{""buffer_size"": ""2"", ""cpu_us"": ""26427"", ""d1"": ""3"", ""d2"": ""3"", ""gpu_us"": ""23006"", ""num_edges"": ""100"", ""num_nodes"": ""100"", ""num_pieces"": ""1"", ""num_spaces"": ""4"", ""op"": ""preimage"", ""sparse_factor"": ""1""}","{""d1"": ""3"", ""d2"": ""3"", ""gpu_host_fallback"": ""1"", ""gpu_input_rects"": ""4"", ""gpu_oom_backoffs"": ""5"", ""gpu_scratch_bytes"": ""40400000"", ""gpu_tiles"": ""4"", ""op"": ""preimage"", ""path"": ""ptrs""}",1023,3,block_random,1024,23006,26427,ptrs
tile_sweep_publication,preimage,3d,dense,1,3,3,cpu_source,cpu_us,4,5,1,4,59600000,2,3,3,100,100,4,1,0,1.044734,/pscratch/sd/r/rchanani/realm/build_pm_deppart/tests/benchmark -ll:gpu 1 -ll:cpu 1 -ll:fsize 8192 -dp:workers 1 -dp:hpool 256 -nocheck -block_random -block_volume 1024 -d1 3 -d2 3 preimage -n 100 -e 100 -p 1 -s 4 -f 1 -b 3,"{""buffer_size"": ""3"", ""cpu_us"": ""149831"", ""d1"": ""3"", ""d2"": ""3"", ""gpu_us"": ""22789"", ""num_edges"": ""100"", ""num_nodes"": ""100"", ""num_pieces"": ""1"", ""num_spaces"": ""4"", ""op"": ""preimage"", ""sparse_factor"": ""1""}","{""d1"": ""3"", ""d2"": ""3"", ""gpu_host_fallback"": ""1"", ""gpu_input_rects"": ""4"", ""gpu_oom_backoffs"": ""5"", ""gpu_scratch_bytes"": ""59600000"", ""gpu_tiles"": ""4"", ""op"": ""preimage"", ""path"": ""ptrs""}",1024,0,block_random,1024,22789,149831,ptrs
tile_sweep_publication,preimage,3d,dense,1,3,3,gpu_source,gpu_us,4,5,1,4,59600000,2,3,3,100,100,4,1,0,0.948680,/pscratch/sd/r/rchanani/realm/build_pm_deppart/tests/benchmark -ll:gpu 1 -ll:cpu 1 -ll:fsize 8192 -dp:workers 1 -dp:hpool 256 -nocheck -block_random -block_volume 1024 -dp:noisectopt -d1 3 -d2 3 preimage -n 100 -e 100 -p 1 -s 4 -f 1 -b 3,"{""buffer_size"": ""3"", ""cpu_us"": ""26414"", ""d1"": ""3"", ""d2"": ""3"", ""gpu_us"": ""26366"", ""num_edges"": ""100"", ""num_nodes"": ""100"", ""num_pieces"": ""1"", ""num_spaces"": ""4"", ""op"": ""preimage"", ""sparse_factor"": ""1""}","{""d1"": ""3"", ""d2"": ""3"", ""gpu_host_fallback"": ""1"", ""gpu_input_rects"": ""4"", ""gpu_oom_backoffs"": ""5"", ""gpu_scratch_bytes"": ""59600000"", ""gpu_tiles"": ""4"", ""op"": ""preimage"", ""path"": ""ptrs""}",1025,1,block_random,1024,26366,26414,ptrs
tile_sweep_publication,preimage,3d,dense,1,4,3,cpu_source,cpu_us,2,2,1,2,78800000,2,3,3,100,100,4,1,0,1.149629,/pscratch/sd/r/rchanani/realm/build_pm_deppart/tests/benchmark -ll:gpu 1 -ll:cpu 1 -ll:fsize 8192 -dp:workers 1 -dp:hpool 256 -nocheck -block_random -block_volume 1024 -d1 3 -d2 3 preimage -n 100 -e 100 -p 1 -s 4 -f 1 -b 4,"{""buffer_size"": ""4"", ""cpu_us"": ""148068"", ""d1"": ""3"", ""d2"": ""3"", ""gpu_us"": ""17053"", ""num_edges"": ""100"", ""num_nodes"": ""100"", ""num_pieces"": ""1"", ""num_spaces"": ""4"", ""op"": ""preimage"", ""sparse_factor"": ""1""}","{""d1"": ""3"", ""d2"": ""3"", ""gpu_host_fallback"": ""1"", ""gpu_input_rects"": ""2"", ""gpu_oom_backoffs"": ""2"", ""gpu_scratch_bytes"": ""78800000"", ""gpu_tiles"": ""2"", ""op"": ""preimage"", ""path"": ""ptrs""}",1026,2,block_random,1024,17053,148068,ptrs
tile_sweep_publication,preimage,3d,dense,1,4,3,gpu_source,gpu_us,2,2,1,2,78800000,2,3,3,100,100,4,1,0,0.899906,/pscratch/sd/r/rchanani/realm/build_pm_deppart/tests/benchmark -ll:gpu 1 -ll:cpu 1 -ll:fsize 8192 -dp:workers 1 -dp:hpool 256 -nocheck -block_random -block_volume 1024 -dp:noisectopt -d1 3 -d2 3 preimage -n 100 -e 100 -p 1 -s 4 -f 1 -b 4,"{""buffer_size"": ""4"", ""cpu_us"": ""26537"", ""d1"": ""3"", ""d2"": ""3"", ""gpu_us"": ""15416"", ""num_edges"": ""100"", ""num_nodes"": ""100"", ""num_pieces"": ""1"", ""num_spaces"": ""4"", ""op"": ""preimage"", ""sparse_factor"": ""1""}","{""d1"": ""3"", ""d2"": ""3"", ""gpu_host_fallback"": ""1"", ""gpu_input_rects"": ""2"", ""gpu_oom_backoffs"": ""2"", ""gpu_scratch_bytes"": ""78800000"", ""gpu_tiles"": ""2"", ""op"": ""preimage"", ""path"": ""ptrs""}",1027,3,block_random,1024,15416,26537,ptrs
tile_sweep_publication,preimage,3d,dense,1,5,3,cpu_source,cpu_us,2,2,1,2,98000000,2,3,3,100,100,4,1,0,1.008374,/pscratch/sd/r/rchanani/realm/build_pm_deppart/tests/benchmark -ll:gpu 1 -ll:cpu 1 -ll:fsize 8192 -dp:workers 1 -dp:hpool 256 -nocheck -block_random -block_volume 1024 -d1 3 -d2 3 preimage -n 100 -e 100 -p 1 -s 4 -f 1 -b 5,"{""buffer_size"": ""5"", ""cpu_us"": ""147742"", ""d1"": ""3"", ""d2"": ""3"", ""gpu_us"": ""15417"", ""num_edges"": ""100"", ""num_nodes"": ""100"", ""num_pieces"": ""1"", ""num_spaces"": ""4"", ""op"": ""preimage"", ""sparse_factor"": ""1""}","{""d1"": ""3"", ""d2"": ""3"", ""gpu_host_fallback"": ""1"", ""gpu_input_rects"": ""2"", ""gpu_oom_backoffs"": ""2"", ""gpu_scratch_bytes"": ""98000000"", ""gpu_tiles"": ""2"", ""op"": ""preimage"", ""path"": ""ptrs""}",1028,0,block_random,1024,15417,147742,ptrs
tile_sweep_publication,preimage,3d,dense,1,5,3,gpu_source,gpu_us,2,2,1,2,98000000,2,3,3,100,100,4,1,0,1.015267,/pscratch/sd/r/rchanani/realm/build_pm_deppart/tests/benchmark -ll:gpu 1 -ll:cpu 1 -ll:fsize 8192 -dp:workers 1 -dp:hpool 256 -nocheck -block_random -block_volume 1024 -dp:noisectopt -d1 3 -d2 3 preimage -n 100 -e 100 -p 1 -s 4 -f 1 -b 5,"{""buffer_size"": ""5"", ""cpu_us"": ""26247"", ""d1"": ""3"", ""d2"": ""3"", ""gpu_us"": ""16682"", ""num_edges"": ""100"", ""num_nodes"": ""100"", ""num_pieces"": ""1"", ""num_spaces"": ""4"", ""op"": ""preimage"", ""sparse_factor"": ""1""}","{""d1"": ""3"", ""d2"": ""3"", ""gpu_host_fallback"": ""1"", ""gpu_input_rects"": ""2"", ""gpu_oom_backoffs"": ""2"", ""gpu_scratch_bytes"": ""98000000"", ""gpu_tiles"": ""2"", ""op"": ""preimage"", ""path"": ""ptrs""}",1029,1,block_random,1024,16682,26247,ptrs
tile_sweep_publication,preimage,3d,dense,1,7,3,cpu_source,cpu_us,2,2,1,2,136400000,2,3,3,100,100,4,1,0,1.283383,/pscratch/sd/r/rchanani/realm/build_pm_deppart/tests/benchmark -ll:gpu 1 -ll:cpu 1 -ll:fsize 8192 -dp:workers 1 -dp:hpool 256 -nocheck -block_random -block_volume 1024 -d1 3 -d2 3 preimage -n 100 -e 100 -p 1 -s 4 -f 1 -b 7,"{""buffer_size"": ""7"", ""cpu_us"": ""148261"", ""d1"": ""3"", ""d2"": ""3"", ""gpu_us"": ""16841"", ""num_edges"": ""100"", ""num_nodes"": ""100"", ""num_pieces"": ""1"", ""num_spaces"": ""4"", ""op"": ""preimage"", ""sparse_factor"": ""1""}","{""d1"": ""3"", ""d2"": ""3"", ""gpu_host_fallback"": ""1"", ""gpu_input_rects"": ""2"", ""gpu_oom_backoffs"": ""2"", ""gpu_scratch_bytes"": ""136400000"", ""gpu_tiles"": ""2"", ""op"": ""preimage"", ""path"": ""ptrs""}",1030,2,block_random,1024,16841,148261,ptrs
tile_sweep_publication,preimage,3d,dense,1,7,3,gpu_source,gpu_us,2,2,1,2,136400000,2,3,3,100,100,4,1,0,0.899934,/pscratch/sd/r/rchanani/realm/build_pm_deppart/tests/benchmark -ll:gpu 1 -ll:cpu 1 -ll:fsize 8192 -dp:workers 1 -dp:hpool 256 -nocheck -block_random -block_volume 1024 -dp:noisectopt -d1 3 -d2 3 preimage -n 100 -e 100 -p 1 -s 4 -f 1 -b 7,"{""buffer_size"": ""7"", ""cpu_us"": ""26137"", ""d1"": ""3"", ""d2"": ""3"", ""gpu_us"": ""15368"", ""num_edges"": ""100"", ""num_nodes"": ""100"", ""num_pieces"": ""1"", ""num_spaces"": ""4"", ""op"": ""preimage"", ""sparse_factor"": ""1""}","{""d1"": ""3"", ""d2"": ""3"", ""gpu_host_fallback"": ""1"", ""gpu_input_rects"": ""2"", ""gpu_oom_backoffs"": ""2"", ""gpu_scratch_bytes"": ""136400000"", ""gpu_tiles"": ""2"", ""op"": ""preimage"", ""path"": ""ptrs""}",1031,3,block_random,1024,15368,26137,ptrs
tile_sweep_publication,preimage,3d,dense,1,10,3,cpu_source,cpu_us,1,0,0,1,194000000,2,3,3,100,100,4,1,0,0.984006,/pscratch/sd/r/rchanani/realm/build_pm_deppart/tests/benchmark -ll:gpu 1 -ll:cpu 1 -ll:fsize 8192 -dp:workers 1 -dp:hpool 256 -nocheck -block_random -block_volume 1024 -d1 3 -d2 3 preimage -n 100 -e 100 -p 1 -s 4 -f 1 -b 10,"{""buffer_size"": ""10"", ""cpu_us"": ""147416"", ""d1"": ""3"", ""d2"": ""3"", ""gpu_us"": ""3785"", ""num_edges"": ""100"", ""num_nodes"": ""100"", ""num_pieces"": ""1"", ""num_spaces"": ""4"", ""op"": ""preimage"", ""sparse_factor"": ""1""}","{""d1"": ""3"", ""d2"": ""3"", ""gpu_host_fallback"": ""0"", ""gpu_input_rects"": ""1"", ""gpu_oom_backoffs"": ""0"", ""gpu_scratch_bytes"": ""194000000"", ""gpu_tiles"": ""1"", ""op"": ""preimage"", ""path"": ""ptrs""}",1032,0,block_random,1024,3785,147416,ptrs
tile_sweep_publication,preimage,3d,dense,1,10,3,gpu_source,gpu_us,1,0,0,1,194000000,2,3,3,100,100,4,1,0,0.992216,/pscratch/sd/r/rchanani/realm/build_pm_deppart/tests/benchmark -ll:gpu 1 -ll:cpu 1 -ll:fsize 8192 -dp:workers 1 -dp:hpool 256 -nocheck -block_random -block_volume 1024 -dp:noisectopt -d1 3 -d2 3 preimage -n 100 -e 100 -p 1 -s 4 -f 1 -b 10,"{""buffer_size"": ""10"", ""cpu_us"": ""26465"", ""d1"": ""3"", ""d2"": ""3"", ""gpu_us"": ""4011"", ""num_edges"": ""100"", ""num_nodes"": ""100"", ""num_pieces"": ""1"", ""num_spaces"": ""4"", ""op"": ""preimage"", ""sparse_factor"": ""1""}","{""d1"": ""3"", ""d2"": ""3"", ""gpu_host_fallback"": ""0"", ""gpu_input_rects"": ""1"", ""gpu_oom_backoffs"": ""0"", ""gpu_scratch_bytes"": ""194000000"", ""gpu_tiles"": ""1"", ""op"": ""preimage"", ""path"": ""ptrs""}",1033,1,block_random,1024,4011,26465,ptrs
tile_sweep_publication,preimage,3d,dense,1,15,3,cpu_source,cpu_us,1,0,0,1,290000000,2,3,3,100,100,4,1,0,1.162871,/pscratch/sd/r/rchanani/realm/build_pm_deppart/tests/benchmark -ll:gpu 1 -ll:cpu 1 -ll:fsize 8192 -dp:workers 1 -dp:hpool 256 -nocheck -block_random -block_volume 1024 -d1 3 -d2 3 preimage -n 100 -e 100 -p 1 -s 4 -f 1 -b 15,"{""buffer_size"": ""15"", ""cpu_us"": ""149744"", ""d1"": ""3"", ""d2"": ""3"", ""gpu_us"": ""3928"", ""num_edges"": ""100"", ""num_nodes"": ""100"", ""num_pieces"": ""1"", ""num_spaces"": ""4"", ""op"": ""preimage"", ""sparse_factor"": ""1""}","{""d1"": ""3"", ""d2"": ""3"", ""gpu_host_fallback"": ""0"", ""gpu_input_rects"": ""1"", ""gpu_oom_backoffs"": ""0"", ""gpu_scratch_bytes"": ""290000000"", ""gpu_tiles"": ""1"", ""op"": ""preimage"", ""path"": ""ptrs""}",1034,2,block_random,1024,3928,149744,ptrs
tile_sweep_publication,preimage,3d,dense,1,15,3,gpu_source,gpu_us,1,0,0,1,290000000,2,3,3,100,100,4,1,0,0.874090,/pscratch/sd/r/rchanani/realm/build_pm_deppart/tests/benchmark -ll:gpu 1 -ll:cpu 1 -ll:fsize 8192 -dp:workers 1 -dp:hpool 256 -nocheck -block_random -block_volume 1024 -dp:noisectopt -d1 3 -d2 3 preimage -n 100 -e 100 -p 1 -s 4 -f 1 -b 15,"{""buffer_size"": ""15"", ""cpu_us"": ""26888"", ""d1"": ""3"", ""d2"": ""3"", ""gpu_us"": ""3799"", ""num_edges"": ""100"", ""num_nodes"": ""100"", ""num_pieces"": ""1"", ""num_spaces"": ""4"", ""op"": ""preimage"", ""sparse_factor"": ""1""}","{""d1"": ""3"", ""d2"": ""3"", ""gpu_host_fallback"": ""0"", ""gpu_input_rects"": ""1"", ""gpu_oom_backoffs"": ""0"", ""gpu_scratch_bytes"": ""290000000"", ""gpu_tiles"": ""1"", ""op"": ""preimage"", ""path"": ""ptrs""}",1035,3,block_random,1024,3799,26888,ptrs
tile_sweep_publication,preimage,3d,dense,1,20,3,cpu_source,cpu_us,1,0,0,1,386000000,2,3,3,100,100,4,1,0,0.983894,/pscratch/sd/r/rchanani/realm/build_pm_deppart/tests/benchmark -ll:gpu 1 -ll:cpu 1 -ll:fsize 8192 -dp:workers 1 -dp:hpool 256 -nocheck -block_random -block_volume 1024 -d1 3 -d2 3 preimage -n 100 -e 100 -p 1 -s 4 -f 1 -b 20,"{""buffer_size"": ""20"", ""cpu_us"": ""149280"", ""d1"": ""3"", ""d2"": ""3"", ""gpu_us"": ""3626"", ""num_edges"": ""100"", ""num_nodes"": ""100"", ""num_pieces"": ""1"", ""num_spaces"": ""4"", ""op"": ""preimage"", ""sparse_factor"": ""1""}","{""d1"": ""3"", ""d2"": ""3"", ""gpu_host_fallback"": ""0"", ""gpu_input_rects"": ""1"", ""gpu_oom_backoffs"": ""0"", ""gpu_scratch_bytes"": ""386000000"", ""gpu_tiles"": ""1"", ""op"": ""preimage"", ""path"": ""ptrs""}",1036,0,block_random,1024,3626,149280,ptrs
tile_sweep_publication,preimage,3d,dense,1,20,3,gpu_source,gpu_us,1,0,0,1,386000000,2,3,3,100,100,4,1,0,1.134126,/pscratch/sd/r/rchanani/realm/build_pm_deppart/tests/benchmark -ll:gpu 1 -ll:cpu 1 -ll:fsize 8192 -dp:workers 1 -dp:hpool 256 -nocheck -block_random -block_volume 1024 -dp:noisectopt -d1 3 -d2 3 preimage -n 100 -e 100 -p 1 -s 4 -f 1 -b 20,"{""buffer_size"": ""20"", ""cpu_us"": ""27004"", ""d1"": ""3"", ""d2"": ""3"", ""gpu_us"": ""4018"", ""num_edges"": ""100"", ""num_nodes"": ""100"", ""num_pieces"": ""1"", ""num_spaces"": ""4"", ""op"": ""preimage"", ""sparse_factor"": ""1""}","{""d1"": ""3"", ""d2"": ""3"", ""gpu_host_fallback"": ""0"", ""gpu_input_rects"": ""1"", ""gpu_oom_backoffs"": ""0"", ""gpu_scratch_bytes"": ""386000000"", ""gpu_tiles"": ""1"", ""op"": ""preimage"", ""path"": ""ptrs""}",1037,1,block_random,1024,4018,27004,ptrs
tile_sweep_publication,preimage,3d,dense,1,25,3,cpu_source,cpu_us,1,0,0,1,482000000,2,3,3,100,100,4,1,0,1.244679,/pscratch/sd/r/rchanani/realm/build_pm_deppart/tests/benchmark -ll:gpu 1 -ll:cpu 1 -ll:fsize 8192 -dp:workers 1 -dp:hpool 256 -nocheck -block_random -block_volume 1024 -d1 3 -d2 3 preimage -n 100 -e 100 -p 1 -s 4 -f 1 -b 25,"{""buffer_size"": ""25"", ""cpu_us"": ""149873"", ""d1"": ""3"", ""d2"": ""3"", ""gpu_us"": ""3991"", ""num_edges"": ""100"", ""num_nodes"": ""100"", ""num_pieces"": ""1"", ""num_spaces"": ""4"", ""op"": ""preimage"", ""sparse_factor"": ""1""}","{""d1"": ""3"", ""d2"": ""3"", ""gpu_host_fallback"": ""0"", ""gpu_input_rects"": ""1"", ""gpu_oom_backoffs"": ""0"", ""gpu_scratch_bytes"": ""482000000"", ""gpu_tiles"": ""1"", ""op"": ""preimage"", ""path"": ""ptrs""}",1038,2,block_random,1024,3991,149873,ptrs
tile_sweep_publication,preimage,3d,dense,1,25,3,gpu_source,gpu_us,1,0,0,1,482000000,2,3,3,100,100,4,1,0,0.873647,/pscratch/sd/r/rchanani/realm/build_pm_deppart/tests/benchmark -ll:gpu 1 -ll:cpu 1 -ll:fsize 8192 -dp:workers 1 -dp:hpool 256 -nocheck -block_random -block_volume 1024 -dp:noisectopt -d1 3 -d2 3 preimage -n 100 -e 100 -p 1 -s 4 -f 1 -b 25,"{""buffer_size"": ""25"", ""cpu_us"": ""26705"", ""d1"": ""3"", ""d2"": ""3"", ""gpu_us"": ""3608"", ""num_edges"": ""100"", ""num_nodes"": ""100"", ""num_pieces"": ""1"", ""num_spaces"": ""4"", ""op"": ""preimage"", ""sparse_factor"": ""1""}","{""d1"": ""3"", ""d2"": ""3"", ""gpu_host_fallback"": ""0"", ""gpu_input_rects"": ""1"", ""gpu_oom_backoffs"": ""0"", ""gpu_scratch_bytes"": ""482000000"", ""gpu_tiles"": ""1"", ""op"": ""preimage"", ""path"": ""ptrs""}",1039,3,block_random,1024,3608,26705,ptrs
tile_sweep_publication,preimage,3d,dense,1,30,3,cpu_source,cpu_us,1,0,0,1,578000000,2,3,3,100,100,4,1,0,0.991319,/pscratch/sd/r/rchanani/realm/build_pm_deppart/tests/benchmark -ll:gpu 1 -ll:cpu 1 -ll:fsize 8192 -dp:workers 1 -dp:hpool 256 -nocheck -block_random -block_volume 1024 -d1 3 -d2 3 preimage -n 100 -e 100 -p 1 -s 4 -f 1 -b 30,"{""buffer_size"": ""30"", ""cpu_us"": ""147309"", ""d1"": ""3"", ""d2"": ""3"", ""gpu_us"": ""3636"", ""num_edges"": ""100"", ""num_nodes"": ""100"", ""num_pieces"": ""1"", ""num_spaces"": ""4"", ""op"": ""preimage"", ""sparse_factor"": ""1""}","{""d1"": ""3"", ""d2"": ""3"", ""gpu_host_fallback"": ""0"", ""gpu_input_rects"": ""1"", ""gpu_oom_backoffs"": ""0"", ""gpu_scratch_bytes"": ""578000000"", ""gpu_tiles"": ""1"", ""op"": ""preimage"", ""path"": ""ptrs""}",1040,0,block_random,1024,3636,147309,ptrs
tile_sweep_publication,preimage,3d,dense,1,30,3,gpu_source,gpu_us,1,0,0,1,578000000,2,3,3,100,100,4,1,0,0.993330,/pscratch/sd/r/rchanani/realm/build_pm_deppart/tests/benchmark -ll:gpu 1 -ll:cpu 1 -ll:fsize 8192 -dp:workers 1 -dp:hpool 256 -nocheck -block_random -block_volume 1024 -dp:noisectopt -d1 3 -d2 3 preimage -n 100 -e 100 -p 1 -s 4 -f 1 -b 30,"{""buffer_size"": ""30"", ""cpu_us"": ""26499"", ""d1"": ""3"", ""d2"": ""3"", ""gpu_us"": ""4068"", ""num_edges"": ""100"", ""num_nodes"": ""100"", ""num_pieces"": ""1"", ""num_spaces"": ""4"", ""op"": ""preimage"", ""sparse_factor"": ""1""}","{""d1"": ""3"", ""d2"": ""3"", ""gpu_host_fallback"": ""0"", ""gpu_input_rects"": ""1"", ""gpu_oom_backoffs"": ""0"", ""gpu_scratch_bytes"": ""578000000"", ""gpu_tiles"": ""1"", ""op"": ""preimage"", ""path"": ""ptrs""}",1041,1,block_random,1024,4068,26499,ptrs
tile_sweep_publication,preimage,3d,dense,1,40,3,cpu_source,cpu_us,1,0,0,1,770000000,2,3,3,100,100,4,1,0,1.166516,/pscratch/sd/r/rchanani/realm/build_pm_deppart/tests/benchmark -ll:gpu 1 -ll:cpu 1 -ll:fsize 8192 -dp:workers 1 -dp:hpool 256 -nocheck -block_random -block_volume 1024 -d1 3 -d2 3 preimage -n 100 -e 100 -p 1 -s 4 -f 1 -b 40,"{""buffer_size"": ""40"", ""cpu_us"": ""148704"", ""d1"": ""3"", ""d2"": ""3"", ""gpu_us"": ""3992"", ""num_edges"": ""100"", ""num_nodes"": ""100"", ""num_pieces"": ""1"", ""num_spaces"": ""4"", ""op"": ""preimage"", ""sparse_factor"": ""1""}","{""d1"": ""3"", ""d2"": ""3"", ""gpu_host_fallback"": ""0"", ""gpu_input_rects"": ""1"", ""gpu_oom_backoffs"": ""0"", ""gpu_scratch_bytes"": ""770000000"", ""gpu_tiles"": ""1"", ""op"": ""preimage"", ""path"": ""ptrs""}",1042,2,block_random,1024,3992,148704,ptrs
tile_sweep_publication,preimage,3d,dense,1,40,3,gpu_source,gpu_us,1,0,0,1,770000000,2,3,3,100,100,4,1,0,0.866266,/pscratch/sd/r/rchanani/realm/build_pm_deppart/tests/benchmark -ll:gpu 1 -ll:cpu 1 -ll:fsize 8192 -dp:workers 1 -dp:hpool 256 -nocheck -block_random -block_volume 1024 -dp:noisectopt -d1 3 -d2 3 preimage -n 100 -e 100 -p 1 -s 4 -f 1 -b 40,"{""buffer_size"": ""40"", ""cpu_us"": ""26868"", ""d1"": ""3"", ""d2"": ""3"", ""gpu_us"": ""3630"", ""num_edges"": ""100"", ""num_nodes"": ""100"", ""num_pieces"": ""1"", ""num_spaces"": ""4"", ""op"": ""preimage"", ""sparse_factor"": ""1""}","{""d1"": ""3"", ""d2"": ""3"", ""gpu_host_fallback"": ""0"", ""gpu_input_rects"": ""1"", ""gpu_oom_backoffs"": ""0"", ""gpu_scratch_bytes"": ""770000000"", ""gpu_tiles"": ""1"", ""op"": ""preimage"", ""path"": ""ptrs""}",1043,3,block_random,1024,3630,26868,ptrs
tile_sweep_publication,preimage,3d,dense,1,50,3,cpu_source,cpu_us,1,0,0,1,962000000,2,3,3,100,100,4,1,0,0.987069,/pscratch/sd/r/rchanani/realm/build_pm_deppart/tests/benchmark -ll:gpu 1 -ll:cpu 1 -ll:fsize 8192 -dp:workers 1 -dp:hpool 256 -nocheck -block_random -block_volume 1024 -d1 3 -d2 3 preimage -n 100 -e 100 -p 1 -s 4 -f 1 -b 50,"{""buffer_size"": ""50"", ""cpu_us"": ""149265"", ""d1"": ""3"", ""d2"": ""3"", ""gpu_us"": ""3827"", ""num_edges"": ""100"", ""num_nodes"": ""100"", ""num_pieces"": ""1"", ""num_spaces"": ""4"", ""op"": ""preimage"", ""sparse_factor"": ""1""}","{""d1"": ""3"", ""d2"": ""3"", ""gpu_host_fallback"": ""0"", ""gpu_input_rects"": ""1"", ""gpu_oom_backoffs"": ""0"", ""gpu_scratch_bytes"": ""962000000"", ""gpu_tiles"": ""1"", ""op"": ""preimage"", ""path"": ""ptrs""}",1044,0,block_random,1024,3827,149265,ptrs
tile_sweep_publication,preimage,3d,dense,1,50,3,gpu_source,gpu_us,1,0,0,1,962000000,2,3,3,100,100,4,1,0,0.971471,/pscratch/sd/r/rchanani/realm/build_pm_deppart/tests/benchmark -ll:gpu 1 -ll:cpu 1 -ll:fsize 8192 -dp:workers 1 -dp:hpool 256 -nocheck -block_random -block_volume 1024 -dp:noisectopt -d1 3 -d2 3 preimage -n 100 -e 100 -p 1 -s 4 -f 1 -b 50,"{""buffer_size"": ""50"", ""cpu_us"": ""27245"", ""d1"": ""3"", ""d2"": ""3"", ""gpu_us"": ""4102"", ""num_edges"": ""100"", ""num_nodes"": ""100"", ""num_pieces"": ""1"", ""num_spaces"": ""4"", ""op"": ""preimage"", ""sparse_factor"": ""1""}","{""d1"": ""3"", ""d2"": ""3"", ""gpu_host_fallback"": ""0"", ""gpu_input_rects"": ""1"", ""gpu_oom_backoffs"": ""0"", ""gpu_scratch_bytes"": ""962000000"", ""gpu_tiles"": ""1"", ""op"": ""preimage"", ""path"": ""ptrs""}",1045,1,block_random,1024,4102,27245,ptrs
tile_sweep_publication,preimage,3d,dense,1,75,3,cpu_source,cpu_us,1,0,0,1,1442000000,2,3,3,100,100,4,1,0,1.087763,/pscratch/sd/r/rchanani/realm/build_pm_deppart/tests/benchmark -ll:gpu 1 -ll:cpu 1 -ll:fsize 8192 -dp:workers 1 -dp:hpool 256 -nocheck -block_random -block_volume 1024 -d1 3 -d2 3 preimage -n 100 -e 100 -p 1 -s 4 -f 1 -b 75,"{""buffer_size"": ""75"", ""cpu_us"": ""147658"", ""d1"": ""3"", ""d2"": ""3"", ""gpu_us"": ""4217"", ""num_edges"": ""100"", ""num_nodes"": ""100"", ""num_pieces"": ""1"", ""num_spaces"": ""4"", ""op"": ""preimage"", ""sparse_factor"": ""1""}","{""d1"": ""3"", ""d2"": ""3"", ""gpu_host_fallback"": ""0"", ""gpu_input_rects"": ""1"", ""gpu_oom_backoffs"": ""0"", ""gpu_scratch_bytes"": ""1442000000"", ""gpu_tiles"": ""1"", ""op"": ""preimage"", ""path"": ""ptrs""}",1046,2,block_random,1024,4217,147658,ptrs
tile_sweep_publication,preimage,3d,dense,1,75,3,gpu_source,gpu_us,1,0,0,1,1442000000,2,3,3,100,100,4,1,0,0.889726,/pscratch/sd/r/rchanani/realm/build_pm_deppart/tests/benchmark -ll:gpu 1 -ll:cpu 1 -ll:fsize 8192 -dp:workers 1 -dp:hpool 256 -nocheck -block_random -block_volume 1024 -dp:noisectopt -d1 3 -d2 3 preimage -n 100 -e 100 -p 1 -s 4 -f 1 -b 75,"{""buffer_size"": ""75"", ""cpu_us"": ""27005"", ""d1"": ""3"", ""d2"": ""3"", ""gpu_us"": ""3652"", ""num_edges"": ""100"", ""num_nodes"": ""100"", ""num_pieces"": ""1"", ""num_spaces"": ""4"", ""op"": ""preimage"", ""sparse_factor"": ""1""}","{""d1"": ""3"", ""d2"": ""3"", ""gpu_host_fallback"": ""0"", ""gpu_input_rects"": ""1"", ""gpu_oom_backoffs"": ""0"", ""gpu_scratch_bytes"": ""1442000000"", ""gpu_tiles"": ""1"", ""op"": ""preimage"", ""path"": ""ptrs""}",1047,3,block_random,1024,3652,27005,ptrs
tile_sweep_publication,preimage,3d,dense,1,100,3,cpu_source,cpu_us,1,0,0,1,1922000000,2,3,3,100,100,4,1,0,1.004835,/pscratch/sd/r/rchanani/realm/build_pm_deppart/tests/benchmark -ll:gpu 1 -ll:cpu 1 -ll:fsize 8192 -dp:workers 1 -dp:hpool 256 -nocheck -block_random -block_volume 1024 -d1 3 -d2 3 preimage -n 100 -e 100 -p 1 -s 4 -f 1 -b 100,"{""buffer_size"": ""100"", ""cpu_us"": ""148212"", ""d1"": ""3"", ""d2"": ""3"", ""gpu_us"": ""3589"", ""num_edges"": ""100"", ""num_nodes"": ""100"", ""num_pieces"": ""1"", ""num_spaces"": ""4"", ""op"": ""preimage"", ""sparse_factor"": ""1""}","{""d1"": ""3"", ""d2"": ""3"", ""gpu_host_fallback"": ""0"", ""gpu_input_rects"": ""1"", ""gpu_oom_backoffs"": ""0"", ""gpu_scratch_bytes"": ""1922000000"", ""gpu_tiles"": ""1"", ""op"": ""preimage"", ""path"": ""ptrs""}",1048,0,block_random,1024,3589,148212,ptrs
tile_sweep_publication,preimage,3d,dense,1,100,3,gpu_source,gpu_us,1,0,0,1,1922000000,2,3,3,100,100,4,1,0,0.980219,/pscratch/sd/r/rchanani/realm/build_pm_deppart/tests/benchmark -ll:gpu 1 -ll:cpu 1 -ll:fsize 8192 -dp:workers 1 -dp:hpool 256 -nocheck -block_random -block_volume 1024 -dp:noisectopt -d1 3 -d2 3 preimage -n 100 -e 100 -p 1 -s 4 -f 1 -b 100,"{""buffer_size"": ""100"", ""cpu_us"": ""26764"", ""d1"": ""3"", ""d2"": ""3"", ""gpu_us"": ""4079"", ""num_edges"": ""100"", ""num_nodes"": ""100"", ""num_pieces"": ""1"", ""num_spaces"": ""4"", ""op"": ""preimage"", ""sparse_factor"": ""1""}","{""d1"": ""3"", ""d2"": ""3"", ""gpu_host_fallback"": ""0"", ""gpu_input_rects"": ""1"", ""gpu_oom_backoffs"": ""0"", ""gpu_scratch_bytes"": ""1922000000"", ""gpu_tiles"": ""1"", ""op"": ""preimage"", ""path"": ""ptrs""}",1049,1,block_random,1024,4079,26764,ptrs
tile_sweep_publication,preimage,3d,sparse,5,1,3,cpu_source,cpu_us,1,1,1,1,41654032,2,3,3,100,100,4,1,0,2.216931,/pscratch/sd/r/rchanani/realm/build_pm_deppart/tests/benchmark -ll:gpu 1 -ll:cpu 1 -ll:fsize 8192 -dp:workers 1 -dp:hpool 256 -nocheck -block_random -block_volume 1024 -d1 3 -d2 3 preimage -n 100 -e 100 -p 1 -s 4 -f 5 -b 1,"{""buffer_size"": ""1"", ""cpu_us"": ""978848"", ""d1"": ""3"", ""d2"": ""3"", ""gpu_us"": ""75778"", ""num_edges"": ""100"", ""num_nodes"": ""100"", ""num_pieces"": ""1"", ""num_spaces"": ""4"", ""op"": ""preimage"", ""sparse_factor"": ""5""}","{""d1"": ""3"", ""d2"": ""3"", ""gpu_host_fallback"": ""1"", ""gpu_input_rects"": ""1"", ""gpu_oom_backoffs"": ""1"", ""gpu_scratch_bytes"": ""41654032"", ""gpu_tiles"": ""1"", ""op"": ""preimage"", ""path"": ""ptrs""}",1050,2,block_random,1024,75778,978848,ptrs
tile_sweep_publication,preimage,3d,sparse,5,1,3,gpu_source,gpu_us,1,1,1,1,41654032,2,3,3,100,100,4,1,0,2.049950,/pscratch/sd/r/rchanani/realm/build_pm_deppart/tests/benchmark -ll:gpu 1 -ll:cpu 1 -ll:fsize 8192 -dp:workers 1 -dp:hpool 256 -nocheck -block_random -block_volume 1024 -dp:noisectopt -d1 3 -d2 3 preimage -n 100 -e 100 -p 1 -s 4 -f 5 -b 1,"{""buffer_size"": ""1"", ""cpu_us"": ""851624"", ""d1"": ""3"", ""d2"": ""3"", ""gpu_us"": ""74725"", ""num_edges"": ""100"", ""num_nodes"": ""100"", ""num_pieces"": ""1"", ""num_spaces"": ""4"", ""op"": ""preimage"", ""sparse_factor"": ""5""}","{""d1"": ""3"", ""d2"": ""3"", ""gpu_host_fallback"": ""1"", ""gpu_input_rects"": ""1"", ""gpu_oom_backoffs"": ""1"", ""gpu_scratch_bytes"": ""41654032"", ""gpu_tiles"": ""1"", ""op"": ""preimage"", ""path"": ""ptrs""}",1051,3,block_random,1024,74725,851624,ptrs
tile_sweep_publication,preimage,3d,sparse,5,2,3,cpu_source,cpu_us,1,0,0,1,60854032,2,3,3,100,100,4,1,0,1.940068,/pscratch/sd/r/rchanani/realm/build_pm_deppart/tests/benchmark -ll:gpu 1 -ll:cpu 1 -ll:fsize 8192 -dp:workers 1 -dp:hpool 256 -nocheck -block_random -block_volume 1024 -d1 3 -d2 3 preimage -n 100 -e 100 -p 1 -s 4 -f 5 -b 2,"{""buffer_size"": ""2"", ""cpu_us"": ""966044"", ""d1"": ""3"", ""d2"": ""3"", ""gpu_us"": ""4605"", ""num_edges"": ""100"", ""num_nodes"": ""100"", ""num_pieces"": ""1"", ""num_spaces"": ""4"", ""op"": ""preimage"", ""sparse_factor"": ""5""}","{""d1"": ""3"", ""d2"": ""3"", ""gpu_host_fallback"": ""0"", ""gpu_input_rects"": ""1"", ""gpu_oom_backoffs"": ""0"", ""gpu_scratch_bytes"": ""60854032"", ""gpu_tiles"": ""1"", ""op"": ""preimage"", ""path"": ""ptrs""}",1052,0,block_random,1024,4605,966044,ptrs
tile_sweep_publication,preimage,3d,sparse,5,2,3,gpu_source,gpu_us,1,0,0,1,60854032,2,3,3,100,100,4,1,0,1.966036,/pscratch/sd/r/rchanani/realm/build_pm_deppart/tests/benchmark -ll:gpu 1 -ll:cpu 1 -ll:fsize 8192 -dp:workers 1 -dp:hpool 256 -nocheck -block_random -block_volume 1024 -dp:noisectopt -d1 3 -d2 3 preimage -n 100 -e 100 -p 1 -s 4 -f 5 -b 2,"{""buffer_size"": ""2"", ""cpu_us"": ""862337"", ""d1"": ""3"", ""d2"": ""3"", ""gpu_us"": ""5315"", ""num_edges"": ""100"", ""num_nodes"": ""100"", ""num_pieces"": ""1"", ""num_spaces"": ""4"", ""op"": ""preimage"", ""sparse_factor"": ""5""}","{""d1"": ""3"", ""d2"": ""3"", ""gpu_host_fallback"": ""0"", ""gpu_input_rects"": ""1"", ""gpu_oom_backoffs"": ""0"", ""gpu_scratch_bytes"": ""60854032"", ""gpu_tiles"": ""1"", ""op"": ""preimage"", ""path"": ""ptrs""}",1053,1,block_random,1024,5315,862337,ptrs
tile_sweep_publication,preimage,3d,sparse,5,3,3,cpu_source,cpu_us,1,0,0,1,80054032,2,3,3,100,100,4,1,0,2.232451,/pscratch/sd/r/rchanani/realm/build_pm_deppart/tests/benchmark -ll:gpu 1 -ll:cpu 1 -ll:fsize 8192 -dp:workers 1 -dp:hpool 256 -nocheck -block_random -block_volume 1024 -d1 3 -d2 3 preimage -n 100 -e 100 -p 1 -s 4 -f 5 -b 3,"{""buffer_size"": ""3"", ""cpu_us"": ""971931"", ""d1"": ""3"", ""d2"": ""3"", ""gpu_us"": ""5641"", ""num_edges"": ""100"", ""num_nodes"": ""100"", ""num_pieces"": ""1"", ""num_spaces"": ""4"", ""op"": ""preimage"", ""sparse_factor"": ""5""}","{""d1"": ""3"", ""d2"": ""3"", ""gpu_host_fallback"": ""0"", ""gpu_input_rects"": ""1"", ""gpu_oom_backoffs"": ""0"", ""gpu_scratch_bytes"": ""80054032"", ""gpu_tiles"": ""1"", ""op"": ""preimage"", ""path"": ""ptrs""}",1054,2,block_random,1024,5641,971931,ptrs
tile_sweep_publication,preimage,3d,sparse,5,3,3,gpu_source,gpu_us,1,0,0,1,80054032,2,3,3,100,100,4,1,0,1.818536,/pscratch/sd/r/rchanani/realm/build_pm_deppart/tests/benchmark -ll:gpu 1 -ll:cpu 1 -ll:fsize 8192 -dp:workers 1 -dp:hpool 256 -nocheck -block_random -block_volume 1024 -dp:noisectopt -d1 3 -d2 3 preimage -n 100 -e 100 -p 1 -s 4 -f 5 -b 3,"{""buffer_size"": ""3"", ""cpu_us"": ""846540"", ""d1"": ""3"", ""d2"": ""3"", ""gpu_us"": ""4515"", ""num_edges"": ""100"", ""num_nodes"": ""100"", ""num_pieces"": ""1"", ""num_spaces"": ""4"", ""op"": ""preimage"", ""sparse_factor"": ""5""}","{""d1"": ""3"", ""d2"": ""3"", ""gpu_host_fallback"": ""0"", ""gpu_input_rects"": ""1"", ""gpu_oom_backoffs"": ""0"", ""gpu_scratch_bytes"": ""80054032"", ""gpu_tiles"": ""1"", ""op"": ""preimage"", ""path"": ""ptrs""}",1055,3,block_random,1024,4515,846540,ptrs
tile_sweep_publication,preimage,3d,sparse,5,4,3,cpu_source,cpu_us,1,0,0,1,99254032,2,3,3,100,100,4,1,0,2.046515,/pscratch/sd/r/rchanani/realm/build_pm_deppart/tests/benchmark -ll:gpu 1 -ll:cpu 1 -ll:fsize 8192 -dp:workers 1 -dp:hpool 256 -nocheck -block_random -block_volume 1024 -d1 3 -d2 3 preimage -n 100 -e 100 -p 1 -s 4 -f 5 -b 4,"{""buffer_size"": ""4"", ""cpu_us"": ""985249"", ""d1"": ""3"", ""d2"": ""3"", ""gpu_us"": ""4880"", ""num_edges"": ""100"", ""num_nodes"": ""100"", ""num_pieces"": ""1"", ""num_spaces"": ""4"", ""op"": ""preimage"", ""sparse_factor"": ""5""}","{""d1"": ""3"", ""d2"": ""3"", ""gpu_host_fallback"": ""0"", ""gpu_input_rects"": ""1"", ""gpu_oom_backoffs"": ""0"", ""gpu_scratch_bytes"": ""99254032"", ""gpu_tiles"": ""1"", ""op"": ""preimage"", ""path"": ""ptrs""}",1056,0,block_random,1024,4880,985249,ptrs
tile_sweep_publication,preimage,3d,sparse,5,4,3,gpu_source,gpu_us,1,0,0,1,99254032,2,3,3,100,100,4,1,0,1.971620,/pscratch/sd/r/rchanani/realm/build_pm_deppart/tests/benchmark -ll:gpu 1 -ll:cpu 1 -ll:fsize 8192 -dp:workers 1 -dp:hpool 256 -nocheck -block_random -block_volume 1024 -dp:noisectopt -d1 3 -d2 3 preimage -n 100 -e 100 -p 1 -s 4 -f 5 -b 4,"{""buffer_size"": ""4"", ""cpu_us"": ""858804"", ""d1"": ""3"", ""d2"": ""3"", ""gpu_us"": ""5307"", ""num_edges"": ""100"", ""num_nodes"": ""100"", ""num_pieces"": ""1"", ""num_spaces"": ""4"", ""op"": ""preimage"", ""sparse_factor"": ""5""}","{""d1"": ""3"", ""d2"": ""3"", ""gpu_host_fallback"": ""0"", ""gpu_input_rects"": ""1"", ""gpu_oom_backoffs"": ""0"", ""gpu_scratch_bytes"": ""99254032"", ""gpu_tiles"": ""1"", ""op"": ""preimage"", ""path"": ""ptrs""}",1057,1,block_random,1024,5307,858804,ptrs
tile_sweep_publication,preimage,3d,sparse,5,5,3,cpu_source,cpu_us,1,0,0,1,118454032,2,3,3,100,100,4,1,0,2.145353,/pscratch/sd/r/rchanani/realm/build_pm_deppart/tests/benchmark -ll:gpu 1 -ll:cpu 1 -ll:fsize 8192 -dp:workers 1 -dp:hpool 256 -nocheck -block_random -block_volume 1024 -d1 3 -d2 3 preimage -n 100 -e 100 -p 1 -s 4 -f 5 -b 5,"{""buffer_size"": ""5"", ""cpu_us"": ""988157"", ""d1"": ""3"", ""d2"": ""3"", ""gpu_us"": ""5469"", ""num_edges"": ""100"", ""num_nodes"": ""100"", ""num_pieces"": ""1"", ""num_spaces"": ""4"", ""op"": ""preimage"", ""sparse_factor"": ""5""}","{""d1"": ""3"", ""d2"": ""3"", ""gpu_host_fallback"": ""0"", ""gpu_input_rects"": ""1"", ""gpu_oom_backoffs"": ""0"", ""gpu_scratch_bytes"": ""118454032"", ""gpu_tiles"": ""1"", ""op"": ""preimage"", ""path"": ""ptrs""}",1058,2,block_random,1024,5469,988157,ptrs
tile_sweep_publication,preimage,3d,sparse,5,5,3,gpu_source,gpu_us,1,0,0,1,118454032,2,3,3,100,100,4,1,0,1.820490,/pscratch/sd/r/rchanani/realm/build_pm_deppart/tests/benchmark -ll:gpu 1 -ll:cpu 1 -ll:fsize 8192 -dp:workers 1 -dp:hpool 256 -nocheck -block_random -block_volume 1024 -dp:noisectopt -d1 3 -d2 3 preimage -n 100 -e 100 -p 1 -s 4 -f 5 -b 5,"{""buffer_size"": ""5"", ""cpu_us"": ""846690"", ""d1"": ""3"", ""d2"": ""3"", ""gpu_us"": ""4823"", ""num_edges"": ""100"", ""num_nodes"": ""100"", ""num_pieces"": ""1"", ""num_spaces"": ""4"", ""op"": ""preimage"", ""sparse_factor"": ""5""}","{""d1"": ""3"", ""d2"": ""3"", ""gpu_host_fallback"": ""0"", ""gpu_input_rects"": ""1"", ""gpu_oom_backoffs"": ""0"", ""gpu_scratch_bytes"": ""118454032"", ""gpu_tiles"": ""1"", ""op"": ""preimage"", ""path"": ""ptrs""}",1059,3,block_random,1024,4823,846690,ptrs
tile_sweep_publication,preimage,3d,sparse,5,7,3,cpu_source,cpu_us,1,0,0,1,156854032,2,3,3,100,100,4,1,0,1.976343,/pscratch/sd/r/rchanani/realm/build_pm_deppart/tests/benchmark -ll:gpu 1 -ll:cpu 1 -ll:fsize 8192 -dp:workers 1 -dp:hpool 256 -nocheck -block_random -block_volume 1024 -d1 3 -d2 3 preimage -n 100 -e 100 -p 1 -s 4 -f 5 -b 7,"{""buffer_size"": ""7"", ""cpu_us"": ""973461"", ""d1"": ""3"", ""d2"": ""3"", ""gpu_us"": ""4861"", ""num_edges"": ""100"", ""num_nodes"": ""100"", ""num_pieces"": ""1"", ""num_spaces"": ""4"", ""op"": ""preimage"", ""sparse_factor"": ""5""}","{""d1"": ""3"", ""d2"": ""3"", ""gpu_host_fallback"": ""0"", ""gpu_input_rects"": ""1"", ""gpu_oom_backoffs"": ""0"", ""gpu_scratch_bytes"": ""156854032"", ""gpu_tiles"": ""1"", ""op"": ""preimage"", ""path"": ""ptrs""}",1060,0,block_random,1024,4861,973461,ptrs
tile_sweep_publication,preimage,3d,sparse,5,7,3,gpu_source,gpu_us,1,0,0,1,156854032,2,3,3,100,100,4,1,0,2.034312,/pscratch/sd/r/rchanani/realm/build_pm_deppart/tests/benchmark -ll:gpu 1 -ll:cpu 1 -ll:fsize 8192 -dp:workers 1 -dp:hpool 256 -nocheck -block_random -block_volume 1024 -dp:noisectopt -d1 3 -d2 3 preimage -n 100 -e 100 -p 1 -s 4 -f 5 -b 7,"{""buffer_size"": ""7"", ""cpu_us"": ""862078"", ""d1"": ""3"", ""d2"": ""3"", ""gpu_us"": ""5248"", ""num_edges"": ""100"", ""num_nodes"": ""100"", ""num_pieces"": ""1"", ""num_spaces"": ""4"", ""op"": ""preimage"", ""sparse_factor"": ""5""}","{""d1"": ""3"", ""d2"": ""3"", ""gpu_host_fallback"": ""0"", ""gpu_input_rects"": ""1"", ""gpu_oom_backoffs"": ""0"", ""gpu_scratch_bytes"": ""156854032"", ""gpu_tiles"": ""1"", ""op"": ""preimage"", ""path"": ""ptrs""}",1061,1,block_random,1024,5248,862078,ptrs
tile_sweep_publication,preimage,3d,sparse,5,10,3,cpu_source,cpu_us,1,0,0,1,214454032,2,3,3,100,100,4,1,0,2.208212,/pscratch/sd/r/rchanani/realm/build_pm_deppart/tests/benchmark -ll:gpu 1 -ll:cpu 1 -ll:fsize 8192 -dp:workers 1 -dp:hpool 256 -nocheck -block_random -block_volume 1024 -d1 3 -d2 3 preimage -n 100 -e 100 -p 1 -s 4 -f 5 -b 10,"{""buffer_size"": ""10"", ""cpu_us"": ""979489"", ""d1"": ""3"", ""d2"": ""3"", ""gpu_us"": ""5293"", ""num_edges"": ""100"", ""num_nodes"": ""100"", ""num_pieces"": ""1"", ""num_spaces"": ""4"", ""op"": ""preimage"", ""sparse_factor"": ""5""}","{""d1"": ""3"", ""d2"": ""3"", ""gpu_host_fallback"": ""0"", ""gpu_input_rects"": ""1"", ""gpu_oom_backoffs"": ""0"", ""gpu_scratch_bytes"": ""214454032"", ""gpu_tiles"": ""1"", ""op"": ""preimage"", ""path"": ""ptrs""}",1062,2,block_random,1024,5293,979489,ptrs
tile_sweep_publication,preimage,3d,sparse,5,10,3,gpu_source,gpu_us,1,0,0,1,214454032,2,3,3,100,100,4,1,0,1.866550,/pscratch/sd/r/rchanani/realm/build_pm_deppart/tests/benchmark -ll:gpu 1 -ll:cpu 1 -ll:fsize 8192 -dp:workers 1 -dp:hpool 256 -nocheck -block_random -block_volume 1024 -dp:noisectopt -d1 3 -d2 3 preimage -n 100 -e 100 -p 1 -s 4 -f 5 -b 10,"{""buffer_size"": ""10"", ""cpu_us"": ""851793"", ""d1"": ""3"", ""d2"": ""3"", ""gpu_us"": ""4704"", ""num_edges"": ""100"", ""num_nodes"": ""100"", ""num_pieces"": ""1"", ""num_spaces"": ""4"", ""op"": ""preimage"", ""sparse_factor"": ""5""}","{""d1"": ""3"", ""d2"": ""3"", ""gpu_host_fallback"": ""0"", ""gpu_input_rects"": ""1"", ""gpu_oom_backoffs"": ""0"", ""gpu_scratch_bytes"": ""214454032"", ""gpu_tiles"": ""1"", ""op"": ""preimage"", ""path"": ""ptrs""}",1063,3,block_random,1024,4704,851793,ptrs
tile_sweep_publication,preimage,3d,sparse,5,15,3,cpu_source,cpu_us,1,0,0,1,310454032,2,3,3,100,100,4,1,0,1.941083,/pscratch/sd/r/rchanani/realm/build_pm_deppart/tests/benchmark -ll:gpu 1 -ll:cpu 1 -ll:fsize 8192 -dp:workers 1 -dp:hpool 256 -nocheck -block_random -block_volume 1024 -d1 3 -d2 3 preimage -n 100 -e 100 -p 1 -s 4 -f 5 -b 15,"{""buffer_size"": ""15"", ""cpu_us"": ""968639"", ""d1"": ""3"", ""d2"": ""3"", ""gpu_us"": ""4473"", ""num_edges"": ""100"", ""num_nodes"": ""100"", ""num_pieces"": ""1"", ""num_spaces"": ""4"", ""op"": ""preimage"", ""sparse_factor"": ""5""}","{""d1"": ""3"", ""d2"": ""3"", ""gpu_host_fallback"": ""0"", ""gpu_input_rects"": ""1"", ""gpu_oom_backoffs"": ""0"", ""gpu_scratch_bytes"": ""310454032"", ""gpu_tiles"": ""1"", ""op"": ""preimage"", ""path"": ""ptrs""}",1064,0,block_random,1024,4473,968639,ptrs
tile_sweep_publication,preimage,3d,sparse,5,15,3,gpu_source,gpu_us,1,0,0,1,310454032,2,3,3,100,100,4,1,0,1.896621,/pscratch/sd/r/rchanani/realm/build_pm_deppart/tests/benchmark -ll:gpu 1 -ll:cpu 1 -ll:fsize 8192 -dp:workers 1 -dp:hpool 256 -nocheck -block_random -block_volume 1024 -dp:noisectopt -d1 3 -d2 3 preimage -n 100 -e 100 -p 1 -s 4 -f 5 -b 15,"{""buffer_size"": ""15"", ""cpu_us"": ""860830"", ""d1"": ""3"", ""d2"": ""3"", ""gpu_us"": ""5443"", ""num_edges"": ""100"", ""num_nodes"": ""100"", ""num_pieces"": ""1"", ""num_spaces"": ""4"", ""op"": ""preimage"", ""sparse_factor"": ""5""}","{""d1"": ""3"", ""d2"": ""3"", ""gpu_host_fallback"": ""0"", ""gpu_input_rects"": ""1"", ""gpu_oom_backoffs"": ""0"", ""gpu_scratch_bytes"": ""310454032"", ""gpu_tiles"": ""1"", ""op"": ""preimage"", ""path"": ""ptrs""}",1065,1,block_random,1024,5443,860830,ptrs
tile_sweep_publication,preimage,3d,sparse,5,20,3,cpu_source,cpu_us,1,0,0,1,406454032,2,3,3,100,100,4,1,0,2.097125,/pscratch/sd/r/rchanani/realm/build_pm_deppart/tests/benchmark -ll:gpu 1 -ll:cpu 1 -ll:fsize 8192 -dp:workers 1 -dp:hpool 256 -nocheck -block_random -block_volume 1024 -d1 3 -d2 3 preimage -n 100 -e 100 -p 1 -s 4 -f 5 -b 20,"{""buffer_size"": ""20"", ""cpu_us"": ""970830"", ""d1"": ""3"", ""d2"": ""3"", ""gpu_us"": ""5321"", ""num_edges"": ""100"", ""num_nodes"": ""100"", ""num_pieces"": ""1"", ""num_spaces"": ""4"", ""op"": ""preimage"", ""sparse_factor"": ""5""}","{""d1"": ""3"", ""d2"": ""3"", ""gpu_host_fallback"": ""0"", ""gpu_input_rects"": ""1"", ""gpu_oom_backoffs"": ""0"", ""gpu_scratch_bytes"": ""406454032"", ""gpu_tiles"": ""1"", ""op"": ""preimage"", ""path"": ""ptrs""}",1066,2,block_random,1024,5321,970830,ptrs
tile_sweep_publication,preimage,3d,sparse,5,20,3,gpu_source,gpu_us,1,0,0,1,406454032,2,3,3,100,100,4,1,0,1.836504,/pscratch/sd/r/rchanani/realm/build_pm_deppart/tests/benchmark -ll:gpu 1 -ll:cpu 1 -ll:fsize 8192 -dp:workers 1 -dp:hpool 256 -nocheck -block_random -block_volume 1024 -dp:noisectopt -d1 3 -d2 3 preimage -n 100 -e 100 -p 1 -s 4 -f 5 -b 20,"{""buffer_size"": ""20"", ""cpu_us"": ""850483"", ""d1"": ""3"", ""d2"": ""3"", ""gpu_us"": ""4662"", ""num_edges"": ""100"", ""num_nodes"": ""100"", ""num_pieces"": ""1"", ""num_spaces"": ""4"", ""op"": ""preimage"", ""sparse_factor"": ""5""}","{""d1"": ""3"", ""d2"": ""3"", ""gpu_host_fallback"": ""0"", ""gpu_input_rects"": ""1"", ""gpu_oom_backoffs"": ""0"", ""gpu_scratch_bytes"": ""406454032"", ""gpu_tiles"": ""1"", ""op"": ""preimage"", ""path"": ""ptrs""}",1067,3,block_random,1024,4662,850483,ptrs
tile_sweep_publication,preimage,3d,sparse,5,25,3,cpu_source,cpu_us,1,0,0,1,502454032,2,3,3,100,100,4,1,0,1.948498,/pscratch/sd/r/rchanani/realm/build_pm_deppart/tests/benchmark -ll:gpu 1 -ll:cpu 1 -ll:fsize 8192 -dp:workers 1 -dp:hpool 256 -nocheck -block_random -block_volume 1024 -d1 3 -d2 3 preimage -n 100 -e 100 -p 1 -s 4 -f 5 -b 25,"{""buffer_size"": ""25"", ""cpu_us"": ""969716"", ""d1"": ""3"", ""d2"": ""3"", ""gpu_us"": ""4840"", ""num_edges"": ""100"", ""num_nodes"": ""100"", ""num_pieces"": ""1"", ""num_spaces"": ""4"", ""op"": ""preimage"", ""sparse_factor"": ""5""}","{""d1"": ""3"", ""d2"": ""3"", ""gpu_host_fallback"": ""0"", ""gpu_input_rects"": ""1"", ""gpu_oom_backoffs"": ""0"", ""gpu_scratch_bytes"": ""502454032"", ""gpu_tiles"": ""1"", ""op"": ""preimage"", ""path"": ""ptrs""}",1068,0,block_random,1024,4840,969716,ptrs
tile_sweep_publication,preimage,3d,sparse,5,25,3,gpu_source,gpu_us,1,0,0,1,502454032,2,3,3,100,100,4,1,0,2.141681,/pscratch/sd/r/rchanani/realm/build_pm_deppart/tests/benchmark -ll:gpu 1 -ll:cpu 1 -ll:fsize 8192 -dp:workers 1 -dp:hpool 256 -nocheck -block_random -block_volume 1024 -dp:noisectopt -d1 3 -d2 3 preimage -n 100 -e 100 -p 1 -s 4 -f 5 -b 25,"{""buffer_size"": ""25"", ""cpu_us"": ""848589"", ""d1"": ""3"", ""d2"": ""3"", ""gpu_us"": ""5580"", ""num_edges"": ""100"", ""num_nodes"": ""100"", ""num_pieces"": ""1"", ""num_spaces"": ""4"", ""op"": ""preimage"", ""sparse_factor"": ""5""}","{""d1"": ""3"", ""d2"": ""3"", ""gpu_host_fallback"": ""0"", ""gpu_input_rects"": ""1"", ""gpu_oom_backoffs"": ""0"", ""gpu_scratch_bytes"": ""502454032"", ""gpu_tiles"": ""1"", ""op"": ""preimage"", ""path"": ""ptrs""}",1069,1,block_random,1024,5580,848589,ptrs
tile_sweep_publication,preimage,3d,sparse,5,30,3,cpu_source,cpu_us,1,0,0,1,598454032,2,3,3,100,100,4,1,0,2.200438,/pscratch/sd/r/rchanani/realm/build_pm_deppart/tests/benchmark -ll:gpu 1 -ll:cpu 1 -ll:fsize 8192 -dp:workers 1 -dp:hpool 256 -nocheck -block_random -block_volume 1024 -d1 3 -d2 3 preimage -n 100 -e 100 -p 1 -s 4 -f 5 -b 30,"{""buffer_size"": ""30"", ""cpu_us"": ""971265"", ""d1"": ""3"", ""d2"": ""3"", ""gpu_us"": ""5199"", ""num_edges"": ""100"", ""num_nodes"": ""100"", ""num_pieces"": ""1"", ""num_spaces"": ""4"", ""op"": ""preimage"", ""sparse_factor"": ""5""}","{""d1"": ""3"", ""d2"": ""3"", ""gpu_host_fallback"": ""0"", ""gpu_input_rects"": ""1"", ""gpu_oom_backoffs"": ""0"", ""gpu_scratch_bytes"": ""598454032"", ""gpu_tiles"": ""1"", ""op"": ""preimage"", ""path"": ""ptrs""}",1070,2,block_random,1024,5199,971265,ptrs
tile_sweep_publication,preimage,3d,sparse,5,30,3,gpu_source,gpu_us,1,0,0,1,598454032,2,3,3,100,100,4,1,0,1.837604,/pscratch/sd/r/rchanani/realm/build_pm_deppart/tests/benchmark -ll:gpu 1 -ll:cpu 1 -ll:fsize 8192 -dp:workers 1 -dp:hpool 256 -nocheck -block_random -block_volume 1024 -dp:noisectopt -d1 3 -d2 3 preimage -n 100 -e 100 -p 1 -s 4 -f 5 -b 30,"{""buffer_size"": ""30"", ""cpu_us"": ""852642"", ""d1"": ""3"", ""d2"": ""3"", ""gpu_us"": ""4593"", ""num_edges"": ""100"", ""num_nodes"": ""100"", ""num_pieces"": ""1"", ""num_spaces"": ""4"", ""op"": ""preimage"", ""sparse_factor"": ""5""}","{""d1"": ""3"", ""d2"": ""3"", ""gpu_host_fallback"": ""0"", ""gpu_input_rects"": ""1"", ""gpu_oom_backoffs"": ""0"", ""gpu_scratch_bytes"": ""598454032"", ""gpu_tiles"": ""1"", ""op"": ""preimage"", ""path"": ""ptrs""}",1071,3,block_random,1024,4593,852642,ptrs
tile_sweep_publication,preimage,3d,sparse,5,40,3,cpu_source,cpu_us,1,0,0,1,790454032,2,3,3,100,100,4,1,0,1.960379,/pscratch/sd/r/rchanani/realm/build_pm_deppart/tests/benchmark -ll:gpu 1 -ll:cpu 1 -ll:fsize 8192 -dp:workers 1 -dp:hpool 256 -nocheck -block_random -block_volume 1024 -d1 3 -d2 3 preimage -n 100 -e 100 -p 1 -s 4 -f 5 -b 40,"{""buffer_size"": ""40"", ""cpu_us"": ""993659"", ""d1"": ""3"", ""d2"": ""3"", ""gpu_us"": ""4885"", ""num_edges"": ""100"", ""num_nodes"": ""100"", ""num_pieces"": ""1"", ""num_spaces"": ""4"", ""op"": ""preimage"", ""sparse_factor"": ""5""}","{""d1"": ""3"", ""d2"": ""3"", ""gpu_host_fallback"": ""0"", ""gpu_input_rects"": ""1"", ""gpu_oom_backoffs"": ""0"", ""gpu_scratch_bytes"": ""790454032"", ""gpu_tiles"": ""1"", ""op"": ""preimage"", ""path"": ""ptrs""}",1072,0,block_random,1024,4885,993659,ptrs
tile_sweep_publication,preimage,3d,sparse,5,40,3,gpu_source,gpu_us,1,0,0,1,790454032,2,3,3,100,100,4,1,0,1.849184,/pscratch/sd/r/rchanani/realm/build_pm_deppart/tests/benchmark -ll:gpu 1 -ll:cpu 1 -ll:fsize 8192 -dp:workers 1 -dp:hpool 256 -nocheck -block_random -block_volume 1024 -dp:noisectopt -d1 3 -d2 3 preimage -n 100 -e 100 -p 1 -s 4 -f 5 -b 40,"{""buffer_size"": ""40"", ""cpu_us"": ""859240"", ""d1"": ""3"", ""d2"": ""3"", ""gpu_us"": ""5167"", ""num_edges"": ""100"", ""num_nodes"": ""100"", ""num_pieces"": ""1"", ""num_spaces"": ""4"", ""op"": ""preimage"", ""sparse_factor"": ""5""}","{""d1"": ""3"", ""d2"": ""3"", ""gpu_host_fallback"": ""0"", ""gpu_input_rects"": ""1"", ""gpu_oom_backoffs"": ""0"", ""gpu_scratch_bytes"": ""790454032"", ""gpu_tiles"": ""1"", ""op"": ""preimage"", ""path"": ""ptrs""}",1073,1,block_random,1024,5167,859240,ptrs
tile_sweep_publication,preimage,3d,sparse,5,50,3,cpu_source,cpu_us,1,0,0,1,982454032,2,3,3,100,100,4,1,0,2.186303,/pscratch/sd/r/rchanani/realm/build_pm_deppart/tests/benchmark -ll:gpu 1 -ll:cpu 1 -ll:fsize 8192 -dp:workers 1 -dp:hpool 256 -nocheck -block_random -block_volume 1024 -d1 3 -d2 3 preimage -n 100 -e 100 -p 1 -s 4 -f 5 -b 50,"{""buffer_size"": ""50"", ""cpu_us"": ""980016"", ""d1"": ""3"", ""d2"": ""3"", ""gpu_us"": ""5513"", ""num_edges"": ""100"", ""num_nodes"": ""100"", ""num_pieces"": ""1"", ""num_spaces"": ""4"", ""op"": ""preimage"", ""sparse_factor"": ""5""}","{""d1"": ""3"", ""d2"": ""3"", ""gpu_host_fallback"": ""0"", ""gpu_input_rects"": ""1"", ""gpu_oom_backoffs"": ""0"", ""gpu_scratch_bytes"": ""982454032"", ""gpu_tiles"": ""1"", ""op"": ""preimage"", ""path"": ""ptrs""}",1074,2,block_random,1024,5513,980016,ptrs
tile_sweep_publication,preimage,3d,sparse,5,50,3,gpu_source,gpu_us,1,0,0,1,982454032,2,3,3,100,100,4,1,0,1.858198,/pscratch/sd/r/rchanani/realm/build_pm_deppart/tests/benchmark -ll:gpu 1 -ll:cpu 1 -ll:fsize 8192 -dp:workers 1 -dp:hpool 256 -nocheck -block_random -block_volume 1024 -dp:noisectopt -d1 3 -d2 3 preimage -n 100 -e 100 -p 1 -s 4 -f 5 -b 50,"{""buffer_size"": ""50"", ""cpu_us"": ""853733"", ""d1"": ""3"", ""d2"": ""3"", ""gpu_us"": ""4634"", ""num_edges"": ""100"", ""num_nodes"": ""100"", ""num_pieces"": ""1"", ""num_spaces"": ""4"", ""op"": ""preimage"", ""sparse_factor"": ""5""}","{""d1"": ""3"", ""d2"": ""3"", ""gpu_host_fallback"": ""0"", ""gpu_input_rects"": ""1"", ""gpu_oom_backoffs"": ""0"", ""gpu_scratch_bytes"": ""982454032"", ""gpu_tiles"": ""1"", ""op"": ""preimage"", ""path"": ""ptrs""}",1075,3,block_random,1024,4634,853733,ptrs
tile_sweep_publication,preimage,3d,sparse,5,75,3,cpu_source,cpu_us,1,0,0,1,1462454032,2,3,3,100,100,4,1,0,1.931322,/pscratch/sd/r/rchanani/realm/build_pm_deppart/tests/benchmark -ll:gpu 1 -ll:cpu 1 -ll:fsize 8192 -dp:workers 1 -dp:hpool 256 -nocheck -block_random -block_volume 1024 -d1 3 -d2 3 preimage -n 100 -e 100 -p 1 -s 4 -f 5 -b 75,"{""buffer_size"": ""75"", ""cpu_us"": ""967874"", ""d1"": ""3"", ""d2"": ""3"", ""gpu_us"": ""4554"", ""num_edges"": ""100"", ""num_nodes"": ""100"", ""num_pieces"": ""1"", ""num_spaces"": ""4"", ""op"": ""preimage"", ""sparse_factor"": ""5""}","{""d1"": ""3"", ""d2"": ""3"", ""gpu_host_fallback"": ""0"", ""gpu_input_rects"": ""1"", ""gpu_oom_backoffs"": ""0"", ""gpu_scratch_bytes"": ""1462454032"", ""gpu_tiles"": ""1"", ""op"": ""preimage"", ""path"": ""ptrs""}",1076,0,block_random,1024,4554,967874,ptrs
tile_sweep_publication,preimage,3d,sparse,5,75,3,gpu_source,gpu_us,1,0,0,1,1462454032,2,3,3,100,100,4,1,0,1.959933,/pscratch/sd/r/rchanani/realm/build_pm_deppart/tests/benchmark -ll:gpu 1 -ll:cpu 1 -ll:fsize 8192 -dp:workers 1 -dp:hpool 256 -nocheck -block_random -block_volume 1024 -dp:noisectopt -d1 3 -d2 3 preimage -n 100 -e 100 -p 1 -s 4 -f 5 -b 75,"{""buffer_size"": ""75"", ""cpu_us"": ""853949"", ""d1"": ""3"", ""d2"": ""3"", ""gpu_us"": ""5358"", ""num_edges"": ""100"", ""num_nodes"": ""100"", ""num_pieces"": ""1"", ""num_spaces"": ""4"", ""op"": ""preimage"", ""sparse_factor"": ""5""}","{""d1"": ""3"", ""d2"": ""3"", ""gpu_host_fallback"": ""0"", ""gpu_input_rects"": ""1"", ""gpu_oom_backoffs"": ""0"", ""gpu_scratch_bytes"": ""1462454032"", ""gpu_tiles"": ""1"", ""op"": ""preimage"", ""path"": ""ptrs""}",1077,1,block_random,1024,5358,853949,ptrs
tile_sweep_publication,preimage,3d,sparse,5,100,3,cpu_source,cpu_us,1,0,0,1,1942454032,2,3,3,100,100,4,1,0,2.218278,/pscratch/sd/r/rchanani/realm/build_pm_deppart/tests/benchmark -ll:gpu 1 -ll:cpu 1 -ll:fsize 8192 -dp:workers 1 -dp:hpool 256 -nocheck -block_random -block_volume 1024 -d1 3 -d2 3 preimage -n 100 -e 100 -p 1 -s 4 -f 5 -b 100,"{""buffer_size"": ""100"", ""cpu_us"": ""975125"", ""d1"": ""3"", ""d2"": ""3"", ""gpu_us"": ""5442"", ""num_edges"": ""100"", ""num_nodes"": ""100"", ""num_pieces"": ""1"", ""num_spaces"": ""4"", ""op"": ""preimage"", ""sparse_factor"": ""5""}","{""d1"": ""3"", ""d2"": ""3"", ""gpu_host_fallback"": ""0"", ""gpu_input_rects"": ""1"", ""gpu_oom_backoffs"": ""0"", ""gpu_scratch_bytes"": ""1942454032"", ""gpu_tiles"": ""1"", ""op"": ""preimage"", ""path"": ""ptrs""}",1078,2,block_random,1024,5442,975125,ptrs
tile_sweep_publication,preimage,3d,sparse,5,100,3,gpu_source,gpu_us,1,0,0,1,1942454032,2,3,3,100,100,4,1,0,1.829360,/pscratch/sd/r/rchanani/realm/build_pm_deppart/tests/benchmark -ll:gpu 1 -ll:cpu 1 -ll:fsize 8192 -dp:workers 1 -dp:hpool 256 -nocheck -block_random -block_volume 1024 -dp:noisectopt -d1 3 -d2 3 preimage -n 100 -e 100 -p 1 -s 4 -f 5 -b 100,"{""buffer_size"": ""100"", ""cpu_us"": ""852954"", ""d1"": ""3"", ""d2"": ""3"", ""gpu_us"": ""4743"", ""num_edges"": ""100"", ""num_nodes"": ""100"", ""num_pieces"": ""1"", ""num_spaces"": ""4"", ""op"": ""preimage"", ""sparse_factor"": ""5""}","{""d1"": ""3"", ""d2"": ""3"", ""gpu_host_fallback"": ""0"", ""gpu_input_rects"": ""1"", ""gpu_oom_backoffs"": ""0"", ""gpu_scratch_bytes"": ""1942454032"", ""gpu_tiles"": ""1"", ""op"": ""preimage"", ""path"": ""ptrs""}",1079,3,block_random,1024,4743,852954,ptrs
